zone_id,variable,timestamp,value,unit
ZONE_A,SST,2026-06-13T00:00:00Z,28.29,degC
ZONE_A,SST,2026-06-14T00:00:00Z,28.23,degC
ZONE_A,SST,2026-06-15T00:00:00Z,28.37,degC
ZONE_A,SST,2026-06-16T00:00:00Z,28.45,degC
ZONE_A,SST,2026-06-17T00:00:00Z,28.26,degC
ZONE_A,SST,2026-06-18T00:00:00Z,28.32,degC
ZONE_A,SST,2026-06-19T00:00:00Z,28.25,degC
ZONE_A,SST,2026-06-20T00:00:00Z,27.85,degC
ZONE_A,SST,2026-06-21T00:00:00Z,27.89,degC
ZONE_A,SST,2026-06-22T00:00:00Z,27.93,degC
ZONE_A,SST,2026-06-23T00:00:00Z,27.98,degC
ZONE_A,SST,2026-06-24T00:00:00Z,27.79,degC
ZONE_A,SST,2026-06-25T00:00:00Z,27.68,degC
ZONE_A,SST,2026-06-26T00:00:00Z,27.77,degC
ZONE_A,SST,2026-06-27T00:00:00Z,27.73,degC
ZONE_A,SST,2026-06-28T00:00:00Z,27.92,degC
ZONE_A,SST,2026-06-29T00:00:00Z,27.57,degC
ZONE_A,SST,2026-06-30T00:00:00Z,27.48,degC
ZONE_A,SST,2026-07-01T00:00:00Z,27.68,degC
ZONE_A,SST,2026-07-02T00:00:00Z,27.68,degC
ZONE_A,SST,2026-07-03T00:00:00Z,27.53,degC
ZONE_A,SST,2026-07-04T00:00:00Z,27.63,degC
ZONE_A,SST,2026-07-05T00:00:00Z,27.53,degC
ZONE_A,SST,2026-07-06T00:00:00Z,27.37,degC
ZONE_A,SST,2026-07-07T00:00:00Z,27.41,degC
ZONE_A,SST,2026-07-08T00:00:00Z,27.39,degC
ZONE_A,SST,2026-07-09T00:00:00Z,27.3,degC
ZONE_A,SST,2026-07-10T00:00:00Z,27.32,degC
ZONE_A,SST,2026-07-11T00:00:00Z,27.51,degC
ZONE_A,SST,2026-07-12T00:00:00Z,27.54,degC
ZONE_A,SST,2026-07-13T00:00:00Z,27.24,degC
ZONE_A,SST,2026-07-14T00:00:00Z,27.35,degC
ZONE_A,SST,2026-07-15T00:00:00Z,27.24,degC
ZONE_A,SST,2026-07-16T00:00:00Z,27.28,degC
ZONE_A,SST,2026-07-17T00:00:00Z,27.38,degC
ZONE_A,SST,2026-07-18T00:00:00Z,27.48,degC
ZONE_A,SST,2026-07-19T00:00:00Z,27.51,degC
ZONE_A,SST,2026-07-20T00:00:00Z,27.64,degC
ZONE_A,SST,2026-07-21T00:00:00Z,27.75,degC
ZONE_A,SST,2026-07-22T00:00:00Z,27.68,degC
ZONE_A,SST,2026-07-23T00:00:00Z,27.63,degC
ZONE_A,SST,2026-07-24T00:00:00Z,27.61,degC
ZONE_A,SST,2026-07-25T00:00:00Z,27.57,degC
ZONE_A,SST,2026-07-26T00:00:00Z,27.71,degC
ZONE_A,SST,2026-07-27T00:00:00Z,27.49,degC
ZONE_A,SST,2026-07-28T00:00:00Z,27.43,degC
ZONE_A,SST,2026-07-29T00:00:00Z,27.6,degC
ZONE_A,SST,2026-07-30T00:00:00Z,27.49,degC
ZONE_A,SST,2026-07-31T00:00:00Z,27.43,degC
ZONE_A,SST,2026-08-01T00:00:00Z,27.64,degC
ZONE_A,SST,2026-08-02T00:00:00Z,27.56,degC
ZONE_A,SST,2026-08-03T00:00:00Z,27.32,degC
ZONE_A,SST,2026-08-04T00:00:00Z,27.28,degC
ZONE_A,SST,2026-08-05T00:00:00Z,27.39,degC
ZONE_A,SST,2026-08-06T00:00:00Z,27.43,degC
ZONE_A,SST,2026-08-07T00:00:00Z,27.7,degC
ZONE_A,SST,2026-08-08T00:00:00Z,27.83,degC
ZONE_A,SST,2026-08-09T00:00:00Z,27.88,degC
ZONE_A,SST,2026-08-10T00:00:00Z,27.86,degC
ZONE_A,SST,2026-08-11T00:00:00Z,27.72,degC
ZONE_A,SST,2026-08-12T00:00:00Z,27.79,degC
ZONE_A,SST,2026-08-13T00:00:00Z,27.68,degC
ZONE_A,SST,2026-08-14T00:00:00Z,27.76,degC
ZONE_A,SST,2026-08-15T00:00:00Z,27.75,degC
ZONE_A,SST,2026-08-16T00:00:00Z,27.67,degC
ZONE_A,SST,2026-08-17T00:00:00Z,27.84,degC
ZONE_A,SST,2026-08-18T00:00:00Z,27.85,degC
ZONE_A,SST,2026-08-19T00:00:00Z,27.95,degC
ZONE_A,SST,2026-08-20T00:00:00Z,28.05,degC
ZONE_A,SST,2026-08-21T00:00:00Z,28.08,degC
ZONE_A,SST,2026-08-22T00:00:00Z,27.97,degC
ZONE_A,SST,2026-08-23T00:00:00Z,27.96,degC
ZONE_A,SST,2026-08-24T00:00:00Z,27.97,degC
ZONE_A,SST,2026-08-25T00:00:00Z,27.92,degC
ZONE_A,SST,2026-08-26T00:00:00Z,27.88,degC
ZONE_A,SST,2026-08-27T00:00:00Z,27.99,degC
ZONE_A,SST,2026-08-28T00:00:00Z,28.01,degC
ZONE_A,SST,2026-08-29T00:00:00Z,27.9,degC
ZONE_A,SST,2026-08-30T00:00:00Z,27.94,degC
ZONE_A,SST,2026-08-31T00:00:00Z,28.04,degC
ZONE_A,SST,2026-09-01T00:00:00Z,28.08,degC
ZONE_A,SST,2026-09-02T00:00:00Z,28.36,degC
ZONE_A,SST,2026-09-03T00:00:00Z,28.21,degC
ZONE_A,SST,2026-09-04T00:00:00Z,28.29,degC
ZONE_A,SST,2026-09-05T00:00:00Z,28.33,degC
ZONE_A,SST,2026-09-06T00:00:00Z,28.45,degC
ZONE_A,SST,2026-09-07T00:00:00Z,28.43,degC
ZONE_A,SST,2026-09-08T00:00:00Z,28.46,degC
ZONE_A,SST,2026-09-09T00:00:00Z,28.6,degC
ZONE_A,SST,2026-09-10T00:00:00Z,28.58,degC
ZONE_A,CHLOROPHYLL_A,2026-06-13T00:00:00Z,4.7,mg/m3
ZONE_A,CHLOROPHYLL_A,2026-06-14T00:00:00Z,5.477,mg/m3
ZONE_A,CHLOROPHYLL_A,2026-06-15T00:00:00Z,7.166,mg/m3
ZONE_A,CHLOROPHYLL_A,2026-06-16T00:00:00Z,5.604,mg/m3
ZONE_A,CHLOROPHYLL_A,2026-06-17T00:00:00Z,4.775,mg/m3
ZONE_A,CHLOROPHYLL_A,2026-06-18T00:00:00Z,5.697,mg/m3
ZONE_A,CHLOROPHYLL_A,2026-06-19T00:00:00Z,6.017,mg/m3
ZONE_A,CHLOROPHYLL_A,2026-06-20T00:00:00Z,8.785,mg/m3
ZONE_A,CHLOROPHYLL_A,2026-06-21T00:00:00Z,5.61,mg/m3
ZONE_A,CHLOROPHYLL_A,2026-06-22T00:00:00Z,6.562,mg/m3
ZONE_A,CHLOROPHYLL_A,2026-06-23T00:00:00Z,6.427,mg/m3
ZONE_A,CHLOROPHYLL_A,2026-06-24T00:00:00Z,5.884,mg/m3
ZONE_A,CHLOROPHYLL_A,2026-06-25T00:00:00Z,6.347,mg/m3
ZONE_A,CHLOROPHYLL_A,2026-06-26T00:00:00Z,4.287,mg/m3
ZONE_A,CHLOROPHYLL_A,2026-06-27T00:00:00Z,4.998,mg/m3
ZONE_A,CHLOROPHYLL_A,2026-06-28T00:00:00Z,3.59,mg/m3
ZONE_A,CHLOROPHYLL_A,2026-06-29T00:00:00Z,3.94,mg/m3
ZONE_A,CHLOROPHYLL_A,2026-06-30T00:00:00Z,4.733,mg/m3
ZONE_A,CHLOROPHYLL_A,2026-07-01T00:00:00Z,4.263,mg/m3
ZONE_A,CHLOROPHYLL_A,2026-07-02T00:00:00Z,3.895,mg/m3
ZONE_A,CHLOROPHYLL_A,2026-07-03T00:00:00Z,3.098,mg/m3
ZONE_A,CHLOROPHYLL_A,2026-07-04T00:00:00Z,,mg/m3
ZONE_A,CHLOROPHYLL_A,2026-07-05T00:00:00Z,3.054,mg/m3
ZONE_A,CHLOROPHYLL_A,2026-07-06T00:00:00Z,3.313,mg/m3
ZONE_A,CHLOROPHYLL_A,2026-07-07T00:00:00Z,3.767,mg/m3
ZONE_A,CHLOROPHYLL_A,2026-07-08T00:00:00Z,2.898,mg/m3
ZONE_A,CHLOROPHYLL_A,2026-07-09T00:00:00Z,2.957,mg/m3
ZONE_A,CHLOROPHYLL_A,2026-07-10T00:00:00Z,3.356,mg/m3
ZONE_A,CHLOROPHYLL_A,2026-07-11T00:00:00Z,4.428,mg/m3
ZONE_A,CHLOROPHYLL_A,2026-07-12T00:00:00Z,3.467,mg/m3
ZONE_A,CHLOROPHYLL_A,2026-07-13T00:00:00Z,3.853,mg/m3
ZONE_A,CHLOROPHYLL_A,2026-07-14T00:00:00Z,4.351,mg/m3
ZONE_A,CHLOROPHYLL_A,2026-07-15T00:00:00Z,,mg/m3
ZONE_A,CHLOROPHYLL_A,2026-07-16T00:00:00Z,,mg/m3
ZONE_A,CHLOROPHYLL_A,2026-07-17T00:00:00Z,,mg/m3
ZONE_A,CHLOROPHYLL_A,2026-07-18T00:00:00Z,4.219,mg/m3
ZONE_A,CHLOROPHYLL_A,2026-07-19T00:00:00Z,3.106,mg/m3
ZONE_A,CHLOROPHYLL_A,2026-07-20T00:00:00Z,3.458,mg/m3
ZONE_A,CHLOROPHYLL_A,2026-07-21T00:00:00Z,3.899,mg/m3
ZONE_A,CHLOROPHYLL_A,2026-07-22T00:00:00Z,2.562,mg/m3
ZONE_A,CHLOROPHYLL_A,2026-07-23T00:00:00Z,3.192,mg/m3
ZONE_A,CHLOROPHYLL_A,2026-07-24T00:00:00Z,3.382,mg/m3
ZONE_A,CHLOROPHYLL_A,2026-07-25T00:00:00Z,3.697,mg/m3
ZONE_A,CHLOROPHYLL_A,2026-07-26T00:00:00Z,3.933,mg/m3
ZONE_A,CHLOROPHYLL_A,2026-07-27T00:00:00Z,,mg/m3
ZONE_A,CHLOROPHYLL_A,2026-07-28T00:00:00Z,4.157,mg/m3
ZONE_A,CHLOROPHYLL_A,2026-07-29T00:00:00Z,5.001,mg/m3
ZONE_A,CHLOROPHYLL_A,2026-07-30T00:00:00Z,,mg/m3
ZONE_A,CHLOROPHYLL_A,2026-07-31T00:00:00Z,3.254,mg/m3
ZONE_A,CHLOROPHYLL_A,2026-08-01T00:00:00Z,4.305,mg/m3
ZONE_A,CHLOROPHYLL_A,2026-08-02T00:00:00Z,3.968,mg/m3
ZONE_A,CHLOROPHYLL_A,2026-08-03T00:00:00Z,3.162,mg/m3
ZONE_A,CHLOROPHYLL_A,2026-08-04T00:00:00Z,3.242,mg/m3
ZONE_A,CHLOROPHYLL_A,2026-08-05T00:00:00Z,,mg/m3
ZONE_A,CHLOROPHYLL_A,2026-08-06T00:00:00Z,,mg/m3
ZONE_A,CHLOROPHYLL_A,2026-08-07T00:00:00Z,2.545,mg/m3
ZONE_A,CHLOROPHYLL_A,2026-08-08T00:00:00Z,2.625,mg/m3
ZONE_A,CHLOROPHYLL_A,2026-08-09T00:00:00Z,2.845,mg/m3
ZONE_A,CHLOROPHYLL_A,2026-08-10T00:00:00Z,3.522,mg/m3
ZONE_A,CHLOROPHYLL_A,2026-08-11T00:00:00Z,3.088,mg/m3
ZONE_A,CHLOROPHYLL_A,2026-08-12T00:00:00Z,,mg/m3
ZONE_A,CHLOROPHYLL_A,2026-08-13T00:00:00Z,2.713,mg/m3
ZONE_A,CHLOROPHYLL_A,2026-08-14T00:00:00Z,,mg/m3
ZONE_A,CHLOROPHYLL_A,2026-08-15T00:00:00Z,3.906,mg/m3
ZONE_A,CHLOROPHYLL_A,2026-08-16T00:00:00Z,3.6,mg/m3
ZONE_A,CHLOROPHYLL_A,2026-08-17T00:00:00Z,4.331,mg/m3
ZONE_A,CHLOROPHYLL_A,2026-08-18T00:00:00Z,3.499,mg/m3
ZONE_A,CHLOROPHYLL_A,2026-08-19T00:00:00Z,2.999,mg/m3
ZONE_A,CHLOROPHYLL_A,2026-08-20T00:00:00Z,2.278,mg/m3
ZONE_A,CHLOROPHYLL_A,2026-08-21T00:00:00Z,1.869,mg/m3
ZONE_A,CHLOROPHYLL_A,2026-08-22T00:00:00Z,1.912,mg/m3
ZONE_A,CHLOROPHYLL_A,2026-08-23T00:00:00Z,2.363,mg/m3
ZONE_A,CHLOROPHYLL_A,2026-08-24T00:00:00Z,2.334,mg/m3
ZONE_A,CHLOROPHYLL_A,2026-08-25T00:00:00Z,2.488,mg/m3
ZONE_A,CHLOROPHYLL_A,2026-08-26T00:00:00Z,,mg/m3
ZONE_A,CHLOROPHYLL_A,2026-08-27T00:00:00Z,2.989,mg/m3
ZONE_A,CHLOROPHYLL_A,2026-08-28T00:00:00Z,3.505,mg/m3
ZONE_A,CHLOROPHYLL_A,2026-08-29T00:00:00Z,4.247,mg/m3
ZONE_A,CHLOROPHYLL_A,2026-08-30T00:00:00Z,4.589,mg/m3
ZONE_A,CHLOROPHYLL_A,2026-08-31T00:00:00Z,5.768,mg/m3
ZONE_A,CHLOROPHYLL_A,2026-09-01T00:00:00Z,5.569,mg/m3
ZONE_A,CHLOROPHYLL_A,2026-09-02T00:00:00Z,4.78,mg/m3
ZONE_A,CHLOROPHYLL_A,2026-09-03T00:00:00Z,3.246,mg/m3
ZONE_A,CHLOROPHYLL_A,2026-09-04T00:00:00Z,3.533,mg/m3
ZONE_A,CHLOROPHYLL_A,2026-09-05T00:00:00Z,3.036,mg/m3
ZONE_A,CHLOROPHYLL_A,2026-09-06T00:00:00Z,2.442,mg/m3
ZONE_A,CHLOROPHYLL_A,2026-09-07T00:00:00Z,3.056,mg/m3
ZONE_A,CHLOROPHYLL_A,2026-09-08T00:00:00Z,3.252,mg/m3
ZONE_A,CHLOROPHYLL_A,2026-09-09T00:00:00Z,2.461,mg/m3
ZONE_A,CHLOROPHYLL_A,2026-09-10T00:00:00Z,3.137,mg/m3
ZONE_A,WIND_SPEED,2026-06-13T00:00:00Z,33.3,kn
ZONE_A,WIND_SPEED,2026-06-14T00:00:00Z,35.2,kn
ZONE_A,WIND_SPEED,2026-06-15T00:00:00Z,34.7,kn
ZONE_A,WIND_SPEED,2026-06-16T00:00:00Z,34.0,kn
ZONE_A,WIND_SPEED,2026-06-17T00:00:00Z,33.5,kn
ZONE_A,WIND_SPEED,2026-06-18T00:00:00Z,34.2,kn
ZONE_A,WIND_SPEED,2026-06-19T00:00:00Z,35.3,kn
ZONE_A,WIND_SPEED,2026-06-20T00:00:00Z,34.4,kn
ZONE_A,WIND_SPEED,2026-06-21T00:00:00Z,32.0,kn
ZONE_A,WIND_SPEED,2026-06-22T00:00:00Z,30.5,kn
ZONE_A,WIND_SPEED,2026-06-23T00:00:00Z,29.2,kn
ZONE_A,WIND_SPEED,2026-06-24T00:00:00Z,30.7,kn
ZONE_A,WIND_SPEED,2026-06-25T00:00:00Z,33.9,kn
ZONE_A,WIND_SPEED,2026-06-26T00:00:00Z,32.1,kn
ZONE_A,WIND_SPEED,2026-06-27T00:00:00Z,31.5,kn
ZONE_A,WIND_SPEED,2026-06-28T00:00:00Z,30.5,kn
ZONE_A,WIND_SPEED,2026-06-29T00:00:00Z,31.0,kn
ZONE_A,WIND_SPEED,2026-06-30T00:00:00Z,30.6,kn
ZONE_A,WIND_SPEED,2026-07-01T00:00:00Z,30.5,kn
ZONE_A,WIND_SPEED,2026-07-02T00:00:00Z,30.7,kn
ZONE_A,WIND_SPEED,2026-07-03T00:00:00Z,27.7,kn
ZONE_A,WIND_SPEED,2026-07-04T00:00:00Z,27.0,kn
ZONE_A,WIND_SPEED,2026-07-05T00:00:00Z,28.5,kn
ZONE_A,WIND_SPEED,2026-07-06T00:00:00Z,30.2,kn
ZONE_A,WIND_SPEED,2026-07-07T00:00:00Z,30.4,kn
ZONE_A,WIND_SPEED,2026-07-08T00:00:00Z,30.3,kn
ZONE_A,WIND_SPEED,2026-07-09T00:00:00Z,28.7,kn
ZONE_A,WIND_SPEED,2026-07-10T00:00:00Z,29.0,kn
ZONE_A,WIND_SPEED,2026-07-11T00:00:00Z,27.1,kn
ZONE_A,WIND_SPEED,2026-07-12T00:00:00Z,28.6,kn
ZONE_A,WIND_SPEED,2026-07-13T00:00:00Z,27.2,kn
ZONE_A,WIND_SPEED,2026-07-14T00:00:00Z,28.4,kn
ZONE_A,WIND_SPEED,2026-07-15T00:00:00Z,27.6,kn
ZONE_A,WIND_SPEED,2026-07-16T00:00:00Z,27.7,kn
ZONE_A,WIND_SPEED,2026-07-17T00:00:00Z,26.0,kn
ZONE_A,WIND_SPEED,2026-07-18T00:00:00Z,26.2,kn
ZONE_A,WIND_SPEED,2026-07-19T00:00:00Z,29.6,kn
ZONE_A,WIND_SPEED,2026-07-20T00:00:00Z,26.6,kn
ZONE_A,WIND_SPEED,2026-07-21T00:00:00Z,26.6,kn
ZONE_A,WIND_SPEED,2026-07-22T00:00:00Z,26.9,kn
ZONE_A,WIND_SPEED,2026-07-23T00:00:00Z,29.8,kn
ZONE_A,WIND_SPEED,2026-07-24T00:00:00Z,28.2,kn
ZONE_A,WIND_SPEED,2026-07-25T00:00:00Z,27.2,kn
ZONE_A,WIND_SPEED,2026-07-26T00:00:00Z,27.1,kn
ZONE_A,WIND_SPEED,2026-07-27T00:00:00Z,24.9,kn
ZONE_A,WIND_SPEED,2026-07-28T00:00:00Z,25.9,kn
ZONE_A,WIND_SPEED,2026-07-29T00:00:00Z,28.2,kn
ZONE_A,WIND_SPEED,2026-07-30T00:00:00Z,30.3,kn
ZONE_A,WIND_SPEED,2026-07-31T00:00:00Z,28.9,kn
ZONE_A,WIND_SPEED,2026-08-01T00:00:00Z,32.3,kn
ZONE_A,WIND_SPEED,2026-08-02T00:00:00Z,29.5,kn
ZONE_A,WIND_SPEED,2026-08-03T00:00:00Z,28.2,kn
ZONE_A,WIND_SPEED,2026-08-04T00:00:00Z,27.0,kn
ZONE_A,WIND_SPEED,2026-08-05T00:00:00Z,26.7,kn
ZONE_A,WIND_SPEED,2026-08-06T00:00:00Z,28.0,kn
ZONE_A,WIND_SPEED,2026-08-07T00:00:00Z,24.0,kn
ZONE_A,WIND_SPEED,2026-08-08T00:00:00Z,27.9,kn
ZONE_A,WIND_SPEED,2026-08-09T00:00:00Z,26.6,kn
ZONE_A,WIND_SPEED,2026-08-10T00:00:00Z,24.0,kn
ZONE_A,WIND_SPEED,2026-08-11T00:00:00Z,25.1,kn
ZONE_A,WIND_SPEED,2026-08-12T00:00:00Z,23.8,kn
ZONE_A,WIND_SPEED,2026-08-13T00:00:00Z,25.1,kn
ZONE_A,WIND_SPEED,2026-08-14T00:00:00Z,21.3,kn
ZONE_A,WIND_SPEED,2026-08-15T00:00:00Z,23.8,kn
ZONE_A,WIND_SPEED,2026-08-16T00:00:00Z,27.3,kn
ZONE_A,WIND_SPEED,2026-08-17T00:00:00Z,26.3,kn
ZONE_A,WIND_SPEED,2026-08-18T00:00:00Z,26.0,kn
ZONE_A,WIND_SPEED,2026-08-19T00:00:00Z,28.2,kn
ZONE_A,WIND_SPEED,2026-08-20T00:00:00Z,28.5,kn
ZONE_A,WIND_SPEED,2026-08-21T00:00:00Z,26.8,kn
ZONE_A,WIND_SPEED,2026-08-22T00:00:00Z,26.3,kn
ZONE_A,WIND_SPEED,2026-08-23T00:00:00Z,27.3,kn
ZONE_A,WIND_SPEED,2026-08-24T00:00:00Z,29.3,kn
ZONE_A,WIND_SPEED,2026-08-25T00:00:00Z,28.9,kn
ZONE_A,WIND_SPEED,2026-08-26T00:00:00Z,27.8,kn
ZONE_A,WIND_SPEED,2026-08-27T00:00:00Z,26.4,kn
ZONE_A,WIND_SPEED,2026-08-28T00:00:00Z,26.5,kn
ZONE_A,WIND_SPEED,2026-08-29T00:00:00Z,25.7,kn
ZONE_A,WIND_SPEED,2026-08-30T00:00:00Z,26.0,kn
ZONE_A,WIND_SPEED,2026-08-31T00:00:00Z,24.9,kn
ZONE_A,WIND_SPEED,2026-09-01T00:00:00Z,24.9,kn
ZONE_A,WIND_SPEED,2026-09-02T00:00:00Z,22.2,kn
ZONE_A,WIND_SPEED,2026-09-03T00:00:00Z,21.8,kn
ZONE_A,WIND_SPEED,2026-09-04T00:00:00Z,22.8,kn
ZONE_A,WIND_SPEED,2026-09-05T00:00:00Z,23.9,kn
ZONE_A,WIND_SPEED,2026-09-06T00:00:00Z,24.4,kn
ZONE_A,WIND_SPEED,2026-09-07T00:00:00Z,20.2,kn
ZONE_A,WIND_SPEED,2026-09-08T00:00:00Z,20.1,kn
ZONE_A,WIND_SPEED,2026-09-09T00:00:00Z,20.1,kn
ZONE_A,WIND_SPEED,2026-09-10T00:00:00Z,19.0,kn
ZONE_A,SIGNIFICANT_WAVE_HEIGHT,2026-06-13T00:00:00Z,3.88,m
ZONE_A,SIGNIFICANT_WAVE_HEIGHT,2026-06-14T00:00:00Z,3.83,m
ZONE_A,SIGNIFICANT_WAVE_HEIGHT,2026-06-15T00:00:00Z,3.66,m
ZONE_A,SIGNIFICANT_WAVE_HEIGHT,2026-06-16T00:00:00Z,3.76,m
ZONE_A,SIGNIFICANT_WAVE_HEIGHT,2026-06-17T00:00:00Z,3.82,m
ZONE_A,SIGNIFICANT_WAVE_HEIGHT,2026-06-18T00:00:00Z,3.7,m
ZONE_A,SIGNIFICANT_WAVE_HEIGHT,2026-06-19T00:00:00Z,3.82,m
ZONE_A,SIGNIFICANT_WAVE_HEIGHT,2026-06-20T00:00:00Z,3.77,m
ZONE_A,SIGNIFICANT_WAVE_HEIGHT,2026-06-21T00:00:00Z,4.0,m
ZONE_A,SIGNIFICANT_WAVE_HEIGHT,2026-06-22T00:00:00Z,3.89,m
ZONE_A,SIGNIFICANT_WAVE_HEIGHT,2026-06-23T00:00:00Z,3.88,m
ZONE_A,SIGNIFICANT_WAVE_HEIGHT,2026-06-24T00:00:00Z,3.84,m
ZONE_A,SIGNIFICANT_WAVE_HEIGHT,2026-06-25T00:00:00Z,3.54,m
ZONE_A,SIGNIFICANT_WAVE_HEIGHT,2026-06-26T00:00:00Z,3.43,m
ZONE_A,SIGNIFICANT_WAVE_HEIGHT,2026-06-27T00:00:00Z,3.56,m
ZONE_A,SIGNIFICANT_WAVE_HEIGHT,2026-06-28T00:00:00Z,3.62,m
ZONE_A,SIGNIFICANT_WAVE_HEIGHT,2026-06-29T00:00:00Z,3.89,m
ZONE_A,SIGNIFICANT_WAVE_HEIGHT,2026-06-30T00:00:00Z,3.62,m
ZONE_A,SIGNIFICANT_WAVE_HEIGHT,2026-07-01T00:00:00Z,3.55,m
ZONE_A,SIGNIFICANT_WAVE_HEIGHT,2026-07-02T00:00:00Z,3.31,m
ZONE_A,SIGNIFICANT_WAVE_HEIGHT,2026-07-03T00:00:00Z,3.41,m
ZONE_A,SIGNIFICANT_WAVE_HEIGHT,2026-07-04T00:00:00Z,3.52,m
ZONE_A,SIGNIFICANT_WAVE_HEIGHT,2026-07-05T00:00:00Z,3.61,m
ZONE_A,SIGNIFICANT_WAVE_HEIGHT,2026-07-06T00:00:00Z,3.43,m
ZONE_A,SIGNIFICANT_WAVE_HEIGHT,2026-07-07T00:00:00Z,3.62,m
ZONE_A,SIGNIFICANT_WAVE_HEIGHT,2026-07-08T00:00:00Z,3.48,m
ZONE_A,SIGNIFICANT_WAVE_HEIGHT,2026-07-09T00:00:00Z,3.38,m
ZONE_A,SIGNIFICANT_WAVE_HEIGHT,2026-07-10T00:00:00Z,3.37,m
ZONE_A,SIGNIFICANT_WAVE_HEIGHT,2026-07-11T00:00:00Z,3.41,m
ZONE_A,SIGNIFICANT_WAVE_HEIGHT,2026-07-12T00:00:00Z,3.33,m
ZONE_A,SIGNIFICANT_WAVE_HEIGHT,2026-07-13T00:00:00Z,3.43,m
ZONE_A,SIGNIFICANT_WAVE_HEIGHT,2026-07-14T00:00:00Z,3.23,m
ZONE_A,SIGNIFICANT_WAVE_HEIGHT,2026-07-15T00:00:00Z,3.34,m
ZONE_A,SIGNIFICANT_WAVE_HEIGHT,2026-07-16T00:00:00Z,2.97,m
ZONE_A,SIGNIFICANT_WAVE_HEIGHT,2026-07-17T00:00:00Z,3.1,m
ZONE_A,SIGNIFICANT_WAVE_HEIGHT,2026-07-18T00:00:00Z,3.02,m
ZONE_A,SIGNIFICANT_WAVE_HEIGHT,2026-07-19T00:00:00Z,3.12,m
ZONE_A,SIGNIFICANT_WAVE_HEIGHT,2026-07-20T00:00:00Z,3.01,m
ZONE_A,SIGNIFICANT_WAVE_HEIGHT,2026-07-21T00:00:00Z,2.96,m
ZONE_A,SIGNIFICANT_WAVE_HEIGHT,2026-07-22T00:00:00Z,2.9,m
ZONE_A,SIGNIFICANT_WAVE_HEIGHT,2026-07-23T00:00:00Z,2.86,m
ZONE_A,SIGNIFICANT_WAVE_HEIGHT,2026-07-24T00:00:00Z,2.84,m
ZONE_A,SIGNIFICANT_WAVE_HEIGHT,2026-07-25T00:00:00Z,2.8,m
ZONE_A,SIGNIFICANT_WAVE_HEIGHT,2026-07-26T00:00:00Z,3.01,m
ZONE_A,SIGNIFICANT_WAVE_HEIGHT,2026-07-27T00:00:00Z,2.88,m
ZONE_A,SIGNIFICANT_WAVE_HEIGHT,2026-07-28T00:00:00Z,2.87,m
ZONE_A,SIGNIFICANT_WAVE_HEIGHT,2026-07-29T00:00:00Z,2.86,m
ZONE_A,SIGNIFICANT_WAVE_HEIGHT,2026-07-30T00:00:00Z,2.77,m
ZONE_A,SIGNIFICANT_WAVE_HEIGHT,2026-07-31T00:00:00Z,2.79,m
ZONE_A,SIGNIFICANT_WAVE_HEIGHT,2026-08-01T00:00:00Z,2.89,m
ZONE_A,SIGNIFICANT_WAVE_HEIGHT,2026-08-02T00:00:00Z,2.88,m
ZONE_A,SIGNIFICANT_WAVE_HEIGHT,2026-08-03T00:00:00Z,2.91,m
ZONE_A,SIGNIFICANT_WAVE_HEIGHT,2026-08-04T00:00:00Z,2.76,m
ZONE_A,SIGNIFICANT_WAVE_HEIGHT,2026-08-05T00:00:00Z,2.61,m
ZONE_A,SIGNIFICANT_WAVE_HEIGHT,2026-08-06T00:00:00Z,2.81,m
ZONE_A,SIGNIFICANT_WAVE_HEIGHT,2026-08-07T00:00:00Z,2.44,m
ZONE_A,SIGNIFICANT_WAVE_HEIGHT,2026-08-08T00:00:00Z,2.76,m
ZONE_A,SIGNIFICANT_WAVE_HEIGHT,2026-08-09T00:00:00Z,2.85,m
ZONE_A,SIGNIFICANT_WAVE_HEIGHT,2026-08-10T00:00:00Z,2.76,m
ZONE_A,SIGNIFICANT_WAVE_HEIGHT,2026-08-11T00:00:00Z,3.03,m
ZONE_A,SIGNIFICANT_WAVE_HEIGHT,2026-08-12T00:00:00Z,3.24,m
ZONE_A,SIGNIFICANT_WAVE_HEIGHT,2026-08-13T00:00:00Z,3.13,m
ZONE_A,SIGNIFICANT_WAVE_HEIGHT,2026-08-14T00:00:00Z,3.19,m
ZONE_A,SIGNIFICANT_WAVE_HEIGHT,2026-08-15T00:00:00Z,3.08,m
ZONE_A,SIGNIFICANT_WAVE_HEIGHT,2026-08-16T00:00:00Z,2.95,m
ZONE_A,SIGNIFICANT_WAVE_HEIGHT,2026-08-17T00:00:00Z,2.93,m
ZONE_A,SIGNIFICANT_WAVE_HEIGHT,2026-08-18T00:00:00Z,3.16,m
ZONE_A,SIGNIFICANT_WAVE_HEIGHT,2026-08-19T00:00:00Z,3.1,m
ZONE_A,SIGNIFICANT_WAVE_HEIGHT,2026-08-20T00:00:00Z,2.91,m
ZONE_A,SIGNIFICANT_WAVE_HEIGHT,2026-08-21T00:00:00Z,2.87,m
ZONE_A,SIGNIFICANT_WAVE_HEIGHT,2026-08-22T00:00:00Z,2.74,m
ZONE_A,SIGNIFICANT_WAVE_HEIGHT,2026-08-23T00:00:00Z,2.65,m
ZONE_A,SIGNIFICANT_WAVE_HEIGHT,2026-08-24T00:00:00Z,2.64,m
ZONE_A,SIGNIFICANT_WAVE_HEIGHT,2026-08-25T00:00:00Z,2.54,m
ZONE_A,SIGNIFICANT_WAVE_HEIGHT,2026-08-26T00:00:00Z,2.41,m
ZONE_A,SIGNIFICANT_WAVE_HEIGHT,2026-08-27T00:00:00Z,2.44,m
ZONE_A,SIGNIFICANT_WAVE_HEIGHT,2026-08-28T00:00:00Z,2.5,m
ZONE_A,SIGNIFICANT_WAVE_HEIGHT,2026-08-29T00:00:00Z,2.51,m
ZONE_A,SIGNIFICANT_WAVE_HEIGHT,2026-08-30T00:00:00Z,2.28,m
ZONE_A,SIGNIFICANT_WAVE_HEIGHT,2026-08-31T00:00:00Z,2.39,m
ZONE_A,SIGNIFICANT_WAVE_HEIGHT,2026-09-01T00:00:00Z,2.67,m
ZONE_A,SIGNIFICANT_WAVE_HEIGHT,2026-09-02T00:00:00Z,2.46,m
ZONE_A,SIGNIFICANT_WAVE_HEIGHT,2026-09-03T00:00:00Z,2.23,m
ZONE_A,SIGNIFICANT_WAVE_HEIGHT,2026-09-04T00:00:00Z,2.33,m
ZONE_A,SIGNIFICANT_WAVE_HEIGHT,2026-09-05T00:00:00Z,2.61,m
ZONE_A,SIGNIFICANT_WAVE_HEIGHT,2026-09-06T00:00:00Z,2.49,m
ZONE_A,SIGNIFICANT_WAVE_HEIGHT,2026-09-07T00:00:00Z,2.43,m
ZONE_A,SIGNIFICANT_WAVE_HEIGHT,2026-09-08T00:00:00Z,2.36,m
ZONE_A,SIGNIFICANT_WAVE_HEIGHT,2026-09-09T00:00:00Z,2.34,m
ZONE_A,SIGNIFICANT_WAVE_HEIGHT,2026-09-10T00:00:00Z,2.32,m
ZONE_B,SST,2026-06-13T00:00:00Z,28.54,degC
ZONE_B,SST,2026-06-14T00:00:00Z,28.43,degC
ZONE_B,SST,2026-06-15T00:00:00Z,28.45,degC
ZONE_B,SST,2026-06-16T00:00:00Z,28.39,degC
ZONE_B,SST,2026-06-17T00:00:00Z,28.32,degC
ZONE_B,SST,2026-06-18T00:00:00Z,28.39,degC
ZONE_B,SST,2026-06-19T00:00:00Z,28.29,degC
ZONE_B,SST,2026-06-20T00:00:00Z,28.24,degC
ZONE_B,SST,2026-06-21T00:00:00Z,28.26,degC
ZONE_B,SST,2026-06-22T00:00:00Z,28.17,degC
ZONE_B,SST,2026-06-23T00:00:00Z,28.02,degC
ZONE_B,SST,2026-06-24T00:00:00Z,28.11,degC
ZONE_B,SST,2026-06-25T00:00:00Z,28.08,degC
ZONE_B,SST,2026-06-26T00:00:00Z,28.17,degC
ZONE_B,SST,2026-06-27T00:00:00Z,28.1,degC
ZONE_B,SST,2026-06-28T00:00:00Z,27.84,degC
ZONE_B,SST,2026-06-29T00:00:00Z,27.81,degC
ZONE_B,SST,2026-06-30T00:00:00Z,27.64,degC
ZONE_B,SST,2026-07-01T00:00:00Z,27.63,degC
ZONE_B,SST,2026-07-02T00:00:00Z,27.73,degC
ZONE_B,SST,2026-07-03T00:00:00Z,27.82,degC
ZONE_B,SST,2026-07-04T00:00:00Z,27.93,degC
ZONE_B,SST,2026-07-05T00:00:00Z,28.01,degC
ZONE_B,SST,2026-07-06T00:00:00Z,27.8,degC
ZONE_B,SST,2026-07-07T00:00:00Z,27.68,degC
ZONE_B,SST,2026-07-08T00:00:00Z,27.67,degC
ZONE_B,SST,2026-07-09T00:00:00Z,27.62,degC
ZONE_B,SST,2026-07-10T00:00:00Z,27.43,degC
ZONE_B,SST,2026-07-11T00:00:00Z,27.34,degC
ZONE_B,SST,2026-07-12T00:00:00Z,27.38,degC
ZONE_B,SST,2026-07-13T00:00:00Z,27.44,degC
ZONE_B,SST,2026-07-14T00:00:00Z,27.43,degC
ZONE_B,SST,2026-07-15T00:00:00Z,27.44,degC
ZONE_B,SST,2026-07-16T00:00:00Z,27.59,degC
ZONE_B,SST,2026-07-17T00:00:00Z,27.53,degC
ZONE_B,SST,2026-07-18T00:00:00Z,27.59,degC
ZONE_B,SST,2026-07-19T00:00:00Z,27.69,degC
ZONE_B,SST,2026-07-20T00:00:00Z,27.63,degC
ZONE_B,SST,2026-07-21T00:00:00Z,27.52,degC
ZONE_B,SST,2026-07-22T00:00:00Z,27.5,degC
ZONE_B,SST,2026-07-23T00:00:00Z,27.51,degC
ZONE_B,SST,2026-07-24T00:00:00Z,27.51,degC
ZONE_B,SST,2026-07-25T00:00:00Z,27.46,degC
ZONE_B,SST,2026-07-26T00:00:00Z,27.53,degC
ZONE_B,SST,2026-07-27T00:00:00Z,27.78,degC
ZONE_B,SST,2026-07-28T00:00:00Z,27.74,degC
ZONE_B,SST,2026-07-29T00:00:00Z,27.58,degC
ZONE_B,SST,2026-07-30T00:00:00Z,27.67,degC
ZONE_B,SST,2026-07-31T00:00:00Z,27.68,degC
ZONE_B,SST,2026-08-01T00:00:00Z,27.8,degC
ZONE_B,SST,2026-08-02T00:00:00Z,27.82,degC
ZONE_B,SST,2026-08-03T00:00:00Z,27.74,degC
ZONE_B,SST,2026-08-04T00:00:00Z,27.97,degC
ZONE_B,SST,2026-08-05T00:00:00Z,28.1,degC
ZONE_B,SST,2026-08-06T00:00:00Z,27.8,degC
ZONE_B,SST,2026-08-07T00:00:00Z,27.84,degC
ZONE_B,SST,2026-08-08T00:00:00Z,27.99,degC
ZONE_B,SST,2026-08-09T00:00:00Z,28.08,degC
ZONE_B,SST,2026-08-10T00:00:00Z,28.07,degC
ZONE_B,SST,2026-08-11T00:00:00Z,27.89,degC
ZONE_B,SST,2026-08-12T00:00:00Z,27.77,degC
ZONE_B,SST,2026-08-13T00:00:00Z,27.97,degC
ZONE_B,SST,2026-08-14T00:00:00Z,27.95,degC
ZONE_B,SST,2026-08-15T00:00:00Z,27.96,degC
ZONE_B,SST,2026-08-16T00:00:00Z,27.88,degC
ZONE_B,SST,2026-08-17T00:00:00Z,28.1,degC
ZONE_B,SST,2026-08-18T00:00:00Z,28.18,degC
ZONE_B,SST,2026-08-19T00:00:00Z,28.21,degC
ZONE_B,SST,2026-08-20T00:00:00Z,27.91,degC
ZONE_B,SST,2026-08-21T00:00:00Z,27.96,degC
ZONE_B,SST,2026-08-22T00:00:00Z,28.11,degC
ZONE_B,SST,2026-08-23T00:00:00Z,28.12,degC
ZONE_B,SST,2026-08-24T00:00:00Z,28.16,degC
ZONE_B,SST,2026-08-25T00:00:00Z,28.25,degC
ZONE_B,SST,2026-08-26T00:00:00Z,28.4,degC
ZONE_B,SST,2026-08-27T00:00:00Z,28.41,degC
ZONE_B,SST,2026-08-28T00:00:00Z,28.62,degC
ZONE_B,SST,2026-08-29T00:00:00Z,28.69,degC
ZONE_B,SST,2026-08-30T00:00:00Z,28.68,degC
ZONE_B,SST,2026-08-31T00:00:00Z,28.76,degC
ZONE_B,SST,2026-09-01T00:00:00Z,28.7,degC
ZONE_B,SST,2026-09-02T00:00:00Z,28.66,degC
ZONE_B,SST,2026-09-03T00:00:00Z,28.97,degC
ZONE_B,SST,2026-09-04T00:00:00Z,29.06,degC
ZONE_B,SST,2026-09-05T00:00:00Z,28.79,degC
ZONE_B,SST,2026-09-06T00:00:00Z,28.81,degC
ZONE_B,SST,2026-09-07T00:00:00Z,28.92,degC
ZONE_B,SST,2026-09-08T00:00:00Z,28.83,degC
ZONE_B,SST,2026-09-09T00:00:00Z,28.96,degC
ZONE_B,SST,2026-09-10T00:00:00Z,29.13,degC
ZONE_B,CHLOROPHYLL_A,2026-06-13T00:00:00Z,3.478,mg/m3
ZONE_B,CHLOROPHYLL_A,2026-06-14T00:00:00Z,3.926,mg/m3
ZONE_B,CHLOROPHYLL_A,2026-06-15T00:00:00Z,3.176,mg/m3
ZONE_B,CHLOROPHYLL_A,2026-06-16T00:00:00Z,3.107,mg/m3
ZONE_B,CHLOROPHYLL_A,2026-06-17T00:00:00Z,2.868,mg/m3
ZONE_B,CHLOROPHYLL_A,2026-06-18T00:00:00Z,5.126,mg/m3
ZONE_B,CHLOROPHYLL_A,2026-06-19T00:00:00Z,5.147,mg/m3
ZONE_B,CHLOROPHYLL_A,2026-06-20T00:00:00Z,5.341,mg/m3
ZONE_B,CHLOROPHYLL_A,2026-06-21T00:00:00Z,5.455,mg/m3
ZONE_B,CHLOROPHYLL_A,2026-06-22T00:00:00Z,4.373,mg/m3
ZONE_B,CHLOROPHYLL_A,2026-06-23T00:00:00Z,4.628,mg/m3
ZONE_B,CHLOROPHYLL_A,2026-06-24T00:00:00Z,3.697,mg/m3
ZONE_B,CHLOROPHYLL_A,2026-06-25T00:00:00Z,3.172,mg/m3
ZONE_B,CHLOROPHYLL_A,2026-06-26T00:00:00Z,4.164,mg/m3
ZONE_B,CHLOROPHYLL_A,2026-06-27T00:00:00Z,3.764,mg/m3
ZONE_B,CHLOROPHYLL_A,2026-06-28T00:00:00Z,4.141,mg/m3
ZONE_B,CHLOROPHYLL_A,2026-06-29T00:00:00Z,3.326,mg/m3
ZONE_B,CHLOROPHYLL_A,2026-06-30T00:00:00Z,3.618,mg/m3
ZONE_B,CHLOROPHYLL_A,2026-07-01T00:00:00Z,3.658,mg/m3
ZONE_B,CHLOROPHYLL_A,2026-07-02T00:00:00Z,3.227,mg/m3
ZONE_B,CHLOROPHYLL_A,2026-07-03T00:00:00Z,3.798,mg/m3
ZONE_B,CHLOROPHYLL_A,2026-07-04T00:00:00Z,,mg/m3
ZONE_B,CHLOROPHYLL_A,2026-07-05T00:00:00Z,3.313,mg/m3
ZONE_B,CHLOROPHYLL_A,2026-07-06T00:00:00Z,2.213,mg/m3
ZONE_B,CHLOROPHYLL_A,2026-07-07T00:00:00Z,2.489,mg/m3
ZONE_B,CHLOROPHYLL_A,2026-07-08T00:00:00Z,2.594,mg/m3
ZONE_B,CHLOROPHYLL_A,2026-07-09T00:00:00Z,3.129,mg/m3
ZONE_B,CHLOROPHYLL_A,2026-07-10T00:00:00Z,3.38,mg/m3
ZONE_B,CHLOROPHYLL_A,2026-07-11T00:00:00Z,3.515,mg/m3
ZONE_B,CHLOROPHYLL_A,2026-07-12T00:00:00Z,2.787,mg/m3
ZONE_B,CHLOROPHYLL_A,2026-07-13T00:00:00Z,3.807,mg/m3
ZONE_B,CHLOROPHYLL_A,2026-07-14T00:00:00Z,2.953,mg/m3
ZONE_B,CHLOROPHYLL_A,2026-07-15T00:00:00Z,3.618,mg/m3
ZONE_B,CHLOROPHYLL_A,2026-07-16T00:00:00Z,4.228,mg/m3
ZONE_B,CHLOROPHYLL_A,2026-07-17T00:00:00Z,3.516,mg/m3
ZONE_B,CHLOROPHYLL_A,2026-07-18T00:00:00Z,3.897,mg/m3
ZONE_B,CHLOROPHYLL_A,2026-07-19T00:00:00Z,2.651,mg/m3
ZONE_B,CHLOROPHYLL_A,2026-07-20T00:00:00Z,3.226,mg/m3
ZONE_B,CHLOROPHYLL_A,2026-07-21T00:00:00Z,4.502,mg/m3
ZONE_B,CHLOROPHYLL_A,2026-07-22T00:00:00Z,3.668,mg/m3
ZONE_B,CHLOROPHYLL_A,2026-07-23T00:00:00Z,3.081,mg/m3
ZONE_B,CHLOROPHYLL_A,2026-07-24T00:00:00Z,3.583,mg/m3
ZONE_B,CHLOROPHYLL_A,2026-07-25T00:00:00Z,4.729,mg/m3
ZONE_B,CHLOROPHYLL_A,2026-07-26T00:00:00Z,,mg/m3
ZONE_B,CHLOROPHYLL_A,2026-07-27T00:00:00Z,,mg/m3
ZONE_B,CHLOROPHYLL_A,2026-07-28T00:00:00Z,2.676,mg/m3
ZONE_B,CHLOROPHYLL_A,2026-07-29T00:00:00Z,3.191,mg/m3
ZONE_B,CHLOROPHYLL_A,2026-07-30T00:00:00Z,4.715,mg/m3
ZONE_B,CHLOROPHYLL_A,2026-07-31T00:00:00Z,3.773,mg/m3
ZONE_B,CHLOROPHYLL_A,2026-08-01T00:00:00Z,,mg/m3
ZONE_B,CHLOROPHYLL_A,2026-08-02T00:00:00Z,3.637,mg/m3
ZONE_B,CHLOROPHYLL_A,2026-08-03T00:00:00Z,4.559,mg/m3
ZONE_B,CHLOROPHYLL_A,2026-08-04T00:00:00Z,3.843,mg/m3
ZONE_B,CHLOROPHYLL_A,2026-08-05T00:00:00Z,4.474,mg/m3
ZONE_B,CHLOROPHYLL_A,2026-08-06T00:00:00Z,,mg/m3
ZONE_B,CHLOROPHYLL_A,2026-08-07T00:00:00Z,5.535,mg/m3
ZONE_B,CHLOROPHYLL_A,2026-08-08T00:00:00Z,5.492,mg/m3
ZONE_B,CHLOROPHYLL_A,2026-08-09T00:00:00Z,,mg/m3
ZONE_B,CHLOROPHYLL_A,2026-08-10T00:00:00Z,,mg/m3
ZONE_B,CHLOROPHYLL_A,2026-08-11T00:00:00Z,2.52,mg/m3
ZONE_B,CHLOROPHYLL_A,2026-08-12T00:00:00Z,2.602,mg/m3
ZONE_B,CHLOROPHYLL_A,2026-08-13T00:00:00Z,2.909,mg/m3
ZONE_B,CHLOROPHYLL_A,2026-08-14T00:00:00Z,,mg/m3
ZONE_B,CHLOROPHYLL_A,2026-08-15T00:00:00Z,2.003,mg/m3
ZONE_B,CHLOROPHYLL_A,2026-08-16T00:00:00Z,2.447,mg/m3
ZONE_B,CHLOROPHYLL_A,2026-08-17T00:00:00Z,2.503,mg/m3
ZONE_B,CHLOROPHYLL_A,2026-08-18T00:00:00Z,3.345,mg/m3
ZONE_B,CHLOROPHYLL_A,2026-08-19T00:00:00Z,3.412,mg/m3
ZONE_B,CHLOROPHYLL_A,2026-08-20T00:00:00Z,3.403,mg/m3
ZONE_B,CHLOROPHYLL_A,2026-08-21T00:00:00Z,3.279,mg/m3
ZONE_B,CHLOROPHYLL_A,2026-08-22T00:00:00Z,2.762,mg/m3
ZONE_B,CHLOROPHYLL_A,2026-08-23T00:00:00Z,3.892,mg/m3
ZONE_B,CHLOROPHYLL_A,2026-08-24T00:00:00Z,2.574,mg/m3
ZONE_B,CHLOROPHYLL_A,2026-08-25T00:00:00Z,,mg/m3
ZONE_B,CHLOROPHYLL_A,2026-08-26T00:00:00Z,2.765,mg/m3
ZONE_B,CHLOROPHYLL_A,2026-08-27T00:00:00Z,,mg/m3
ZONE_B,CHLOROPHYLL_A,2026-08-28T00:00:00Z,3.424,mg/m3
ZONE_B,CHLOROPHYLL_A,2026-08-29T00:00:00Z,2.373,mg/m3
ZONE_B,CHLOROPHYLL_A,2026-08-30T00:00:00Z,1.768,mg/m3
ZONE_B,CHLOROPHYLL_A,2026-08-31T00:00:00Z,2.53,mg/m3
ZONE_B,CHLOROPHYLL_A,2026-09-01T00:00:00Z,1.936,mg/m3
ZONE_B,CHLOROPHYLL_A,2026-09-02T00:00:00Z,,mg/m3
ZONE_B,CHLOROPHYLL_A,2026-09-03T00:00:00Z,1.825,mg/m3
ZONE_B,CHLOROPHYLL_A,2026-09-04T00:00:00Z,,mg/m3
ZONE_B,CHLOROPHYLL_A,2026-09-05T00:00:00Z,,mg/m3
ZONE_B,CHLOROPHYLL_A,2026-09-06T00:00:00Z,2.091,mg/m3
ZONE_B,CHLOROPHYLL_A,2026-09-07T00:00:00Z,,mg/m3
ZONE_B,CHLOROPHYLL_A,2026-09-08T00:00:00Z,1.707,mg/m3
ZONE_B,CHLOROPHYLL_A,2026-09-09T00:00:00Z,1.842,mg/m3
ZONE_B,CHLOROPHYLL_A,2026-09-10T00:00:00Z,2.378,mg/m3
ZONE_B,WIND_SPEED,2026-06-13T00:00:00Z,17.4,kn
ZONE_B,WIND_SPEED,2026-06-14T00:00:00Z,11.5,kn
ZONE_B,WIND_SPEED,2026-06-15T00:00:00Z,12.9,kn
ZONE_B,WIND_SPEED,2026-06-16T00:00:00Z,14.0,kn
ZONE_B,WIND_SPEED,2026-06-17T00:00:00Z,15.0,kn
ZONE_B,WIND_SPEED,2026-06-18T00:00:00Z,14.5,kn
ZONE_B,WIND_SPEED,2026-06-19T00:00:00Z,16.2,kn
ZONE_B,WIND_SPEED,2026-06-20T00:00:00Z,16.2,kn
ZONE_B,WIND_SPEED,2026-06-21T00:00:00Z,16.8,kn
ZONE_B,WIND_SPEED,2026-06-22T00:00:00Z,15.1,kn
ZONE_B,WIND_SPEED,2026-06-23T00:00:00Z,14.4,kn
ZONE_B,WIND_SPEED,2026-06-24T00:00:00Z,14.3,kn
ZONE_B,WIND_SPEED,2026-06-25T00:00:00Z,13.8,kn
ZONE_B,WIND_SPEED,2026-06-26T00:00:00Z,13.4,kn
ZONE_B,WIND_SPEED,2026-06-27T00:00:00Z,13.1,kn
ZONE_B,WIND_SPEED,2026-06-28T00:00:00Z,16.6,kn
ZONE_B,WIND_SPEED,2026-06-29T00:00:00Z,15.7,kn
ZONE_B,WIND_SPEED,2026-06-30T00:00:00Z,15.6,kn
ZONE_B,WIND_SPEED,2026-07-01T00:00:00Z,15.0,kn
ZONE_B,WIND_SPEED,2026-07-02T00:00:00Z,17.4,kn
ZONE_B,WIND_SPEED,2026-07-03T00:00:00Z,14.9,kn
ZONE_B,WIND_SPEED,2026-07-04T00:00:00Z,14.3,kn
ZONE_B,WIND_SPEED,2026-07-05T00:00:00Z,15.4,kn
ZONE_B,WIND_SPEED,2026-07-06T00:00:00Z,13.1,kn
ZONE_B,WIND_SPEED,2026-07-07T00:00:00Z,12.7,kn
ZONE_B,WIND_SPEED,2026-07-08T00:00:00Z,13.4,kn
ZONE_B,WIND_SPEED,2026-07-09T00:00:00Z,12.1,kn
ZONE_B,WIND_SPEED,2026-07-10T00:00:00Z,16.3,kn
ZONE_B,WIND_SPEED,2026-07-11T00:00:00Z,14.3,kn
ZONE_B,WIND_SPEED,2026-07-12T00:00:00Z,13.6,kn
ZONE_B,WIND_SPEED,2026-07-13T00:00:00Z,12.1,kn
ZONE_B,WIND_SPEED,2026-07-14T00:00:00Z,13.5,kn
ZONE_B,WIND_SPEED,2026-07-15T00:00:00Z,13.3,kn
ZONE_B,WIND_SPEED,2026-07-16T00:00:00Z,12.1,kn
ZONE_B,WIND_SPEED,2026-07-17T00:00:00Z,15.9,kn
ZONE_B,WIND_SPEED,2026-07-18T00:00:00Z,16.8,kn
ZONE_B,WIND_SPEED,2026-07-19T00:00:00Z,15.0,kn
ZONE_B,WIND_SPEED,2026-07-20T00:00:00Z,15.8,kn
ZONE_B,WIND_SPEED,2026-07-21T00:00:00Z,14.2,kn
ZONE_B,WIND_SPEED,2026-07-22T00:00:00Z,15.7,kn
ZONE_B,WIND_SPEED,2026-07-23T00:00:00Z,15.5,kn
ZONE_B,WIND_SPEED,2026-07-24T00:00:00Z,12.7,kn
ZONE_B,WIND_SPEED,2026-07-25T00:00:00Z,10.2,kn
ZONE_B,WIND_SPEED,2026-07-26T00:00:00Z,14.0,kn
ZONE_B,WIND_SPEED,2026-07-27T00:00:00Z,12.0,kn
ZONE_B,WIND_SPEED,2026-07-28T00:00:00Z,11.4,kn
ZONE_B,WIND_SPEED,2026-07-29T00:00:00Z,11.5,kn
ZONE_B,WIND_SPEED,2026-07-30T00:00:00Z,13.2,kn
ZONE_B,WIND_SPEED,2026-07-31T00:00:00Z,12.8,kn
ZONE_B,WIND_SPEED,2026-08-01T00:00:00Z,11.1,kn
ZONE_B,WIND_SPEED,2026-08-02T00:00:00Z,10.4,kn
ZONE_B,WIND_SPEED,2026-08-03T00:00:00Z,13.7,kn
ZONE_B,WIND_SPEED,2026-08-04T00:00:00Z,12.9,kn
ZONE_B,WIND_SPEED,2026-08-05T00:00:00Z,10.8,kn
ZONE_B,WIND_SPEED,2026-08-06T00:00:00Z,8.7,kn
ZONE_B,WIND_SPEED,2026-08-07T00:00:00Z,9.0,kn
ZONE_B,WIND_SPEED,2026-08-08T00:00:00Z,11.3,kn
ZONE_B,WIND_SPEED,2026-08-09T00:00:00Z,12.1,kn
ZONE_B,WIND_SPEED,2026-08-10T00:00:00Z,9.8,kn
ZONE_B,WIND_SPEED,2026-08-11T00:00:00Z,9.3,kn
ZONE_B,WIND_SPEED,2026-08-12T00:00:00Z,7.5,kn
ZONE_B,WIND_SPEED,2026-08-13T00:00:00Z,9.5,kn
ZONE_B,WIND_SPEED,2026-08-14T00:00:00Z,10.9,kn
ZONE_B,WIND_SPEED,2026-08-15T00:00:00Z,8.8,kn
ZONE_B,WIND_SPEED,2026-08-16T00:00:00Z,9.8,kn
ZONE_B,WIND_SPEED,2026-08-17T00:00:00Z,9.5,kn
ZONE_B,WIND_SPEED,2026-08-18T00:00:00Z,9.7,kn
ZONE_B,WIND_SPEED,2026-08-19T00:00:00Z,10.9,kn
ZONE_B,WIND_SPEED,2026-08-20T00:00:00Z,12.8,kn
ZONE_B,WIND_SPEED,2026-08-21T00:00:00Z,11.9,kn
ZONE_B,WIND_SPEED,2026-08-22T00:00:00Z,13.5,kn
ZONE_B,WIND_SPEED,2026-08-23T00:00:00Z,15.9,kn
ZONE_B,WIND_SPEED,2026-08-24T00:00:00Z,14.2,kn
ZONE_B,WIND_SPEED,2026-08-25T00:00:00Z,16.1,kn
ZONE_B,WIND_SPEED,2026-08-26T00:00:00Z,14.2,kn
ZONE_B,WIND_SPEED,2026-08-27T00:00:00Z,13.8,kn
ZONE_B,WIND_SPEED,2026-08-28T00:00:00Z,13.1,kn
ZONE_B,WIND_SPEED,2026-08-29T00:00:00Z,12.0,kn
ZONE_B,WIND_SPEED,2026-08-30T00:00:00Z,12.4,kn
ZONE_B,WIND_SPEED,2026-08-31T00:00:00Z,12.4,kn
ZONE_B,WIND_SPEED,2026-09-01T00:00:00Z,12.8,kn
ZONE_B,WIND_SPEED,2026-09-02T00:00:00Z,11.8,kn
ZONE_B,WIND_SPEED,2026-09-03T00:00:00Z,10.3,kn
ZONE_B,WIND_SPEED,2026-09-04T00:00:00Z,9.5,kn
ZONE_B,WIND_SPEED,2026-09-05T00:00:00Z,12.1,kn
ZONE_B,WIND_SPEED,2026-09-06T00:00:00Z,9.4,kn
ZONE_B,WIND_SPEED,2026-09-07T00:00:00Z,8.0,kn
ZONE_B,WIND_SPEED,2026-09-08T00:00:00Z,12.2,kn
ZONE_B,WIND_SPEED,2026-09-09T00:00:00Z,10.0,kn
ZONE_B,WIND_SPEED,2026-09-10T00:00:00Z,9.4,kn
ZONE_B,SIGNIFICANT_WAVE_HEIGHT,2026-06-13T00:00:00Z,1.6,m
ZONE_B,SIGNIFICANT_WAVE_HEIGHT,2026-06-14T00:00:00Z,1.75,m
ZONE_B,SIGNIFICANT_WAVE_HEIGHT,2026-06-15T00:00:00Z,1.65,m
ZONE_B,SIGNIFICANT_WAVE_HEIGHT,2026-06-16T00:00:00Z,1.77,m
ZONE_B,SIGNIFICANT_WAVE_HEIGHT,2026-06-17T00:00:00Z,1.93,m
ZONE_B,SIGNIFICANT_WAVE_HEIGHT,2026-06-18T00:00:00Z,1.89,m
ZONE_B,SIGNIFICANT_WAVE_HEIGHT,2026-06-19T00:00:00Z,1.9,m
ZONE_B,SIGNIFICANT_WAVE_HEIGHT,2026-06-20T00:00:00Z,1.78,m
ZONE_B,SIGNIFICANT_WAVE_HEIGHT,2026-06-21T00:00:00Z,1.96,m
ZONE_B,SIGNIFICANT_WAVE_HEIGHT,2026-06-22T00:00:00Z,1.89,m
ZONE_B,SIGNIFICANT_WAVE_HEIGHT,2026-06-23T00:00:00Z,2.01,m
ZONE_B,SIGNIFICANT_WAVE_HEIGHT,2026-06-24T00:00:00Z,1.69,m
ZONE_B,SIGNIFICANT_WAVE_HEIGHT,2026-06-25T00:00:00Z,1.78,m
ZONE_B,SIGNIFICANT_WAVE_HEIGHT,2026-06-26T00:00:00Z,1.97,m
ZONE_B,SIGNIFICANT_WAVE_HEIGHT,2026-06-27T00:00:00Z,2.35,m
ZONE_B,SIGNIFICANT_WAVE_HEIGHT,2026-06-28T00:00:00Z,2.06,m
ZONE_B,SIGNIFICANT_WAVE_HEIGHT,2026-06-29T00:00:00Z,1.99,m
ZONE_B,SIGNIFICANT_WAVE_HEIGHT,2026-06-30T00:00:00Z,2.05,m
ZONE_B,SIGNIFICANT_WAVE_HEIGHT,2026-07-01T00:00:00Z,1.85,m
ZONE_B,SIGNIFICANT_WAVE_HEIGHT,2026-07-02T00:00:00Z,1.95,m
ZONE_B,SIGNIFICANT_WAVE_HEIGHT,2026-07-03T00:00:00Z,1.47,m
ZONE_B,SIGNIFICANT_WAVE_HEIGHT,2026-07-04T00:00:00Z,1.38,m
ZONE_B,SIGNIFICANT_WAVE_HEIGHT,2026-07-05T00:00:00Z,1.67,m
ZONE_B,SIGNIFICANT_WAVE_HEIGHT,2026-07-06T00:00:00Z,1.74,m
ZONE_B,SIGNIFICANT_WAVE_HEIGHT,2026-07-07T00:00:00Z,1.69,m
ZONE_B,SIGNIFICANT_WAVE_HEIGHT,2026-07-08T00:00:00Z,1.71,m
ZONE_B,SIGNIFICANT_WAVE_HEIGHT,2026-07-09T00:00:00Z,1.61,m
ZONE_B,SIGNIFICANT_WAVE_HEIGHT,2026-07-10T00:00:00Z,1.73,m
ZONE_B,SIGNIFICANT_WAVE_HEIGHT,2026-07-11T00:00:00Z,1.75,m
ZONE_B,SIGNIFICANT_WAVE_HEIGHT,2026-07-12T00:00:00Z,1.65,m
ZONE_B,SIGNIFICANT_WAVE_HEIGHT,2026-07-13T00:00:00Z,1.78,m
ZONE_B,SIGNIFICANT_WAVE_HEIGHT,2026-07-14T00:00:00Z,1.72,m
ZONE_B,SIGNIFICANT_WAVE_HEIGHT,2026-07-15T00:00:00Z,1.53,m
ZONE_B,SIGNIFICANT_WAVE_HEIGHT,2026-07-16T00:00:00Z,1.72,m
ZONE_B,SIGNIFICANT_WAVE_HEIGHT,2026-07-17T00:00:00Z,1.52,m
ZONE_B,SIGNIFICANT_WAVE_HEIGHT,2026-07-18T00:00:00Z,1.49,m
ZONE_B,SIGNIFICANT_WAVE_HEIGHT,2026-07-19T00:00:00Z,1.66,m
ZONE_B,SIGNIFICANT_WAVE_HEIGHT,2026-07-20T00:00:00Z,1.61,m
ZONE_B,SIGNIFICANT_WAVE_HEIGHT,2026-07-21T00:00:00Z,1.4,m
ZONE_B,SIGNIFICANT_WAVE_HEIGHT,2026-07-22T00:00:00Z,1.46,m
ZONE_B,SIGNIFICANT_WAVE_HEIGHT,2026-07-23T00:00:00Z,1.8,m
ZONE_B,SIGNIFICANT_WAVE_HEIGHT,2026-07-24T00:00:00Z,1.52,m
ZONE_B,SIGNIFICANT_WAVE_HEIGHT,2026-07-25T00:00:00Z,1.36,m
ZONE_B,SIGNIFICANT_WAVE_HEIGHT,2026-07-26T00:00:00Z,1.19,m
ZONE_B,SIGNIFICANT_WAVE_HEIGHT,2026-07-27T00:00:00Z,1.05,m
ZONE_B,SIGNIFICANT_WAVE_HEIGHT,2026-07-28T00:00:00Z,1.41,m
ZONE_B,SIGNIFICANT_WAVE_HEIGHT,2026-07-29T00:00:00Z,1.51,m
ZONE_B,SIGNIFICANT_WAVE_HEIGHT,2026-07-30T00:00:00Z,1.34,m
ZONE_B,SIGNIFICANT_WAVE_HEIGHT,2026-07-31T00:00:00Z,1.49,m
ZONE_B,SIGNIFICANT_WAVE_HEIGHT,2026-08-01T00:00:00Z,1.54,m
ZONE_B,SIGNIFICANT_WAVE_HEIGHT,2026-08-02T00:00:00Z,1.47,m
ZONE_B,SIGNIFICANT_WAVE_HEIGHT,2026-08-03T00:00:00Z,1.34,m
ZONE_B,SIGNIFICANT_WAVE_HEIGHT,2026-08-04T00:00:00Z,1.39,m
ZONE_B,SIGNIFICANT_WAVE_HEIGHT,2026-08-05T00:00:00Z,1.22,m
ZONE_B,SIGNIFICANT_WAVE_HEIGHT,2026-08-06T00:00:00Z,1.44,m
ZONE_B,SIGNIFICANT_WAVE_HEIGHT,2026-08-07T00:00:00Z,1.6,m
ZONE_B,SIGNIFICANT_WAVE_HEIGHT,2026-08-08T00:00:00Z,1.22,m
ZONE_B,SIGNIFICANT_WAVE_HEIGHT,2026-08-09T00:00:00Z,1.37,m
ZONE_B,SIGNIFICANT_WAVE_HEIGHT,2026-08-10T00:00:00Z,1.44,m
ZONE_B,SIGNIFICANT_WAVE_HEIGHT,2026-08-11T00:00:00Z,1.41,m
ZONE_B,SIGNIFICANT_WAVE_HEIGHT,2026-08-12T00:00:00Z,1.48,m
ZONE_B,SIGNIFICANT_WAVE_HEIGHT,2026-08-13T00:00:00Z,1.28,m
ZONE_B,SIGNIFICANT_WAVE_HEIGHT,2026-08-14T00:00:00Z,1.48,m
ZONE_B,SIGNIFICANT_WAVE_HEIGHT,2026-08-15T00:00:00Z,1.7,m
ZONE_B,SIGNIFICANT_WAVE_HEIGHT,2026-08-16T00:00:00Z,1.5,m
ZONE_B,SIGNIFICANT_WAVE_HEIGHT,2026-08-17T00:00:00Z,1.5,m
ZONE_B,SIGNIFICANT_WAVE_HEIGHT,2026-08-18T00:00:00Z,1.19,m
ZONE_B,SIGNIFICANT_WAVE_HEIGHT,2026-08-19T00:00:00Z,1.15,m
ZONE_B,SIGNIFICANT_WAVE_HEIGHT,2026-08-20T00:00:00Z,1.05,m
ZONE_B,SIGNIFICANT_WAVE_HEIGHT,2026-08-21T00:00:00Z,1.13,m
ZONE_B,SIGNIFICANT_WAVE_HEIGHT,2026-08-22T00:00:00Z,0.89,m
ZONE_B,SIGNIFICANT_WAVE_HEIGHT,2026-08-23T00:00:00Z,0.9,m
ZONE_B,SIGNIFICANT_WAVE_HEIGHT,2026-08-24T00:00:00Z,1.05,m
ZONE_B,SIGNIFICANT_WAVE_HEIGHT,2026-08-25T00:00:00Z,1.31,m
ZONE_B,SIGNIFICANT_WAVE_HEIGHT,2026-08-26T00:00:00Z,1.14,m
ZONE_B,SIGNIFICANT_WAVE_HEIGHT,2026-08-27T00:00:00Z,1.11,m
ZONE_B,SIGNIFICANT_WAVE_HEIGHT,2026-08-28T00:00:00Z,0.97,m
ZONE_B,SIGNIFICANT_WAVE_HEIGHT,2026-08-29T00:00:00Z,0.9,m
ZONE_B,SIGNIFICANT_WAVE_HEIGHT,2026-08-30T00:00:00Z,0.92,m
ZONE_B,SIGNIFICANT_WAVE_HEIGHT,2026-08-31T00:00:00Z,1.32,m
ZONE_B,SIGNIFICANT_WAVE_HEIGHT,2026-09-01T00:00:00Z,1.23,m
ZONE_B,SIGNIFICANT_WAVE_HEIGHT,2026-09-02T00:00:00Z,1.28,m
ZONE_B,SIGNIFICANT_WAVE_HEIGHT,2026-09-03T00:00:00Z,1.48,m
ZONE_B,SIGNIFICANT_WAVE_HEIGHT,2026-09-04T00:00:00Z,1.22,m
ZONE_B,SIGNIFICANT_WAVE_HEIGHT,2026-09-05T00:00:00Z,1.3,m
ZONE_B,SIGNIFICANT_WAVE_HEIGHT,2026-09-06T00:00:00Z,1.28,m
ZONE_B,SIGNIFICANT_WAVE_HEIGHT,2026-09-07T00:00:00Z,1.59,m
ZONE_B,SIGNIFICANT_WAVE_HEIGHT,2026-09-08T00:00:00Z,1.54,m
ZONE_B,SIGNIFICANT_WAVE_HEIGHT,2026-09-09T00:00:00Z,1.59,m
ZONE_B,SIGNIFICANT_WAVE_HEIGHT,2026-09-10T00:00:00Z,1.41,m
ZONE_C,SST,2026-06-13T00:00:00Z,27.93,degC
ZONE_C,SST,2026-06-14T00:00:00Z,28.27,degC
ZONE_C,SST,2026-06-15T00:00:00Z,28.27,degC
ZONE_C,SST,2026-06-16T00:00:00Z,28.21,degC
ZONE_C,SST,2026-06-17T00:00:00Z,27.92,degC
ZONE_C,SST,2026-06-18T00:00:00Z,27.85,degC
ZONE_C,SST,2026-06-19T00:00:00Z,27.88,degC
ZONE_C,SST,2026-06-20T00:00:00Z,27.73,degC
ZONE_C,SST,2026-06-21T00:00:00Z,27.81,degC
ZONE_C,SST,2026-06-22T00:00:00Z,27.85,degC
ZONE_C,SST,2026-06-23T00:00:00Z,27.66,degC
ZONE_C,SST,2026-06-24T00:00:00Z,27.6,degC
ZONE_C,SST,2026-06-25T00:00:00Z,27.57,degC
ZONE_C,SST,2026-06-26T00:00:00Z,27.46,degC
ZONE_C,SST,2026-06-27T00:00:00Z,27.28,degC
ZONE_C,SST,2026-06-28T00:00:00Z,27.52,degC
ZONE_C,SST,2026-06-29T00:00:00Z,27.75,degC
ZONE_C,SST,2026-06-30T00:00:00Z,27.74,degC
ZONE_C,SST,2026-07-01T00:00:00Z,27.69,degC
ZONE_C,SST,2026-07-02T00:00:00Z,27.63,degC
ZONE_C,SST,2026-07-03T00:00:00Z,27.41,degC
ZONE_C,SST,2026-07-04T00:00:00Z,27.26,degC
ZONE_C,SST,2026-07-05T00:00:00Z,27.26,degC
ZONE_C,SST,2026-07-06T00:00:00Z,27.32,degC
ZONE_C,SST,2026-07-07T00:00:00Z,27.5,degC
ZONE_C,SST,2026-07-08T00:00:00Z,27.4,degC
ZONE_C,SST,2026-07-09T00:00:00Z,27.35,degC
ZONE_C,SST,2026-07-10T00:00:00Z,27.37,degC
ZONE_C,SST,2026-07-11T00:00:00Z,27.39,degC
ZONE_C,SST,2026-07-12T00:00:00Z,27.54,degC
ZONE_C,SST,2026-07-13T00:00:00Z,27.57,degC
ZONE_C,SST,2026-07-14T00:00:00Z,27.61,degC
ZONE_C,SST,2026-07-15T00:00:00Z,27.42,degC
ZONE_C,SST,2026-07-16T00:00:00Z,27.59,degC
ZONE_C,SST,2026-07-17T00:00:00Z,27.52,degC
ZONE_C,SST,2026-07-18T00:00:00Z,27.43,degC
ZONE_C,SST,2026-07-19T00:00:00Z,27.32,degC
ZONE_C,SST,2026-07-20T00:00:00Z,27.19,degC
ZONE_C,SST,2026-07-21T00:00:00Z,27.33,degC
ZONE_C,SST,2026-07-22T00:00:00Z,27.45,degC
ZONE_C,SST,2026-07-23T00:00:00Z,27.53,degC
ZONE_C,SST,2026-07-24T00:00:00Z,27.36,degC
ZONE_C,SST,2026-07-25T00:00:00Z,27.28,degC
ZONE_C,SST,2026-07-26T00:00:00Z,27.2,degC
ZONE_C,SST,2026-07-27T00:00:00Z,27.39,degC
ZONE_C,SST,2026-07-28T00:00:00Z,27.37,degC
ZONE_C,SST,2026-07-29T00:00:00Z,27.41,degC
ZONE_C,SST,2026-07-30T00:00:00Z,27.4,degC
ZONE_C,SST,2026-07-31T00:00:00Z,27.24,degC
ZONE_C,SST,2026-08-01T00:00:00Z,27.18,degC
ZONE_C,SST,2026-08-02T00:00:00Z,27.18,degC
ZONE_C,SST,2026-08-03T00:00:00Z,27.24,degC
ZONE_C,SST,2026-08-04T00:00:00Z,27.16,degC
ZONE_C,SST,2026-08-05T00:00:00Z,27.08,degC
ZONE_C,SST,2026-08-06T00:00:00Z,27.32,degC
ZONE_C,SST,2026-08-07T00:00:00Z,27.25,degC
ZONE_C,SST,2026-08-08T00:00:00Z,27.33,degC
ZONE_C,SST,2026-08-09T00:00:00Z,27.31,degC
ZONE_C,SST,2026-08-10T00:00:00Z,27.4,degC
ZONE_C,SST,2026-08-11T00:00:00Z,27.3,degC
ZONE_C,SST,2026-08-12T00:00:00Z,27.25,degC
ZONE_C,SST,2026-08-13T00:00:00Z,27.26,degC
ZONE_C,SST,2026-08-14T00:00:00Z,27.44,degC
ZONE_C,SST,2026-08-15T00:00:00Z,27.6,degC
ZONE_C,SST,2026-08-16T00:00:00Z,27.65,degC
ZONE_C,SST,2026-08-17T00:00:00Z,27.55,degC
ZONE_C,SST,2026-08-18T00:00:00Z,27.36,degC
ZONE_C,SST,2026-08-19T00:00:00Z,27.49,degC
ZONE_C,SST,2026-08-20T00:00:00Z,27.52,degC
ZONE_C,SST,2026-08-21T00:00:00Z,27.67,degC
ZONE_C,SST,2026-08-22T00:00:00Z,27.63,degC
ZONE_C,SST,2026-08-23T00:00:00Z,27.62,degC
ZONE_C,SST,2026-08-24T00:00:00Z,27.64,degC
ZONE_C,SST,2026-08-25T00:00:00Z,27.66,degC
ZONE_C,SST,2026-08-26T00:00:00Z,27.62,degC
ZONE_C,SST,2026-08-27T00:00:00Z,27.77,degC
ZONE_C,SST,2026-08-28T00:00:00Z,27.78,degC
ZONE_C,SST,2026-08-29T00:00:00Z,27.92,degC
ZONE_C,SST,2026-08-30T00:00:00Z,27.83,degC
ZONE_C,SST,2026-08-31T00:00:00Z,28.01,degC
ZONE_C,SST,2026-09-01T00:00:00Z,27.92,degC
ZONE_C,SST,2026-09-02T00:00:00Z,28.03,degC
ZONE_C,SST,2026-09-03T00:00:00Z,28.08,degC
ZONE_C,SST,2026-09-04T00:00:00Z,28.03,degC
ZONE_C,SST,2026-09-05T00:00:00Z,27.98,degC
ZONE_C,SST,2026-09-06T00:00:00Z,28.0,degC
ZONE_C,SST,2026-09-07T00:00:00Z,28.03,degC
ZONE_C,SST,2026-09-08T00:00:00Z,28.12,degC
ZONE_C,SST,2026-09-09T00:00:00Z,28.15,degC
ZONE_C,SST,2026-09-10T00:00:00Z,28.11,degC
ZONE_C,CHLOROPHYLL_A,2026-06-13T00:00:00Z,,mg/m3
ZONE_C,CHLOROPHYLL_A,2026-06-14T00:00:00Z,4.664,mg/m3
ZONE_C,CHLOROPHYLL_A,2026-06-15T00:00:00Z,4.458,mg/m3
ZONE_C,CHLOROPHYLL_A,2026-06-16T00:00:00Z,,mg/m3
ZONE_C,CHLOROPHYLL_A,2026-06-17T00:00:00Z,10.651,mg/m3
ZONE_C,CHLOROPHYLL_A,2026-06-18T00:00:00Z,8.367,mg/m3
ZONE_C,CHLOROPHYLL_A,2026-06-19T00:00:00Z,8.303,mg/m3
ZONE_C,CHLOROPHYLL_A,2026-06-20T00:00:00Z,6.632,mg/m3
ZONE_C,CHLOROPHYLL_A,2026-06-21T00:00:00Z,4.581,mg/m3
ZONE_C,CHLOROPHYLL_A,2026-06-22T00:00:00Z,4.185,mg/m3
ZONE_C,CHLOROPHYLL_A,2026-06-23T00:00:00Z,4.46,mg/m3
ZONE_C,CHLOROPHYLL_A,2026-06-24T00:00:00Z,3.388,mg/m3
ZONE_C,CHLOROPHYLL_A,2026-06-25T00:00:00Z,4.39,mg/m3
ZONE_C,CHLOROPHYLL_A,2026-06-26T00:00:00Z,4.351,mg/m3
ZONE_C,CHLOROPHYLL_A,2026-06-27T00:00:00Z,4.005,mg/m3
ZONE_C,CHLOROPHYLL_A,2026-06-28T00:00:00Z,4.618,mg/m3
ZONE_C,CHLOROPHYLL_A,2026-06-29T00:00:00Z,4.162,mg/m3
ZONE_C,CHLOROPHYLL_A,2026-06-30T00:00:00Z,4.856,mg/m3
ZONE_C,CHLOROPHYLL_A,2026-07-01T00:00:00Z,5.353,mg/m3
ZONE_C,CHLOROPHYLL_A,2026-07-02T00:00:00Z,4.598,mg/m3
ZONE_C,CHLOROPHYLL_A,2026-07-03T00:00:00Z,6.211,mg/m3
ZONE_C,CHLOROPHYLL_A,2026-07-04T00:00:00Z,7.142,mg/m3
ZONE_C,CHLOROPHYLL_A,2026-07-05T00:00:00Z,5.126,mg/m3
ZONE_C,CHLOROPHYLL_A,2026-07-06T00:00:00Z,,mg/m3
ZONE_C,CHLOROPHYLL_A,2026-07-07T00:00:00Z,7.324,mg/m3
ZONE_C,CHLOROPHYLL_A,2026-07-08T00:00:00Z,5.409,mg/m3
ZONE_C,CHLOROPHYLL_A,2026-07-09T00:00:00Z,3.933,mg/m3
ZONE_C,CHLOROPHYLL_A,2026-07-10T00:00:00Z,4.837,mg/m3
ZONE_C,CHLOROPHYLL_A,2026-07-11T00:00:00Z,3.647,mg/m3
ZONE_C,CHLOROPHYLL_A,2026-07-12T00:00:00Z,4.788,mg/m3
ZONE_C,CHLOROPHYLL_A,2026-07-13T00:00:00Z,4.441,mg/m3
ZONE_C,CHLOROPHYLL_A,2026-07-14T00:00:00Z,4.532,mg/m3
ZONE_C,CHLOROPHYLL_A,2026-07-15T00:00:00Z,3.814,mg/m3
ZONE_C,CHLOROPHYLL_A,2026-07-16T00:00:00Z,3.504,mg/m3
ZONE_C,CHLOROPHYLL_A,2026-07-17T00:00:00Z,5.732,mg/m3
ZONE_C,CHLOROPHYLL_A,2026-07-18T00:00:00Z,4.345,mg/m3
ZONE_C,CHLOROPHYLL_A,2026-07-19T00:00:00Z,5.278,mg/m3
ZONE_C,CHLOROPHYLL_A,2026-07-20T00:00:00Z,4.704,mg/m3
ZONE_C,CHLOROPHYLL_A,2026-07-21T00:00:00Z,6.29,mg/m3
ZONE_C,CHLOROPHYLL_A,2026-07-22T00:00:00Z,4.246,mg/m3
ZONE_C,CHLOROPHYLL_A,2026-07-23T00:00:00Z,4.95,mg/m3
ZONE_C,CHLOROPHYLL_A,2026-07-24T00:00:00Z,4.376,mg/m3
ZONE_C,CHLOROPHYLL_A,2026-07-25T00:00:00Z,,mg/m3
ZONE_C,CHLOROPHYLL_A,2026-07-26T00:00:00Z,4.163,mg/m3
ZONE_C,CHLOROPHYLL_A,2026-07-27T00:00:00Z,3.97,mg/m3
ZONE_C,CHLOROPHYLL_A,2026-07-28T00:00:00Z,5.472,mg/m3
ZONE_C,CHLOROPHYLL_A,2026-07-29T00:00:00Z,5.567,mg/m3
ZONE_C,CHLOROPHYLL_A,2026-07-30T00:00:00Z,6.361,mg/m3
ZONE_C,CHLOROPHYLL_A,2026-07-31T00:00:00Z,5.746,mg/m3
ZONE_C,CHLOROPHYLL_A,2026-08-01T00:00:00Z,,mg/m3
ZONE_C,CHLOROPHYLL_A,2026-08-02T00:00:00Z,3.588,mg/m3
ZONE_C,CHLOROPHYLL_A,2026-08-03T00:00:00Z,3.41,mg/m3
ZONE_C,CHLOROPHYLL_A,2026-08-04T00:00:00Z,4.434,mg/m3
ZONE_C,CHLOROPHYLL_A,2026-08-05T00:00:00Z,3.59,mg/m3
ZONE_C,CHLOROPHYLL_A,2026-08-06T00:00:00Z,4.781,mg/m3
ZONE_C,CHLOROPHYLL_A,2026-08-07T00:00:00Z,5.366,mg/m3
ZONE_C,CHLOROPHYLL_A,2026-08-08T00:00:00Z,,mg/m3
ZONE_C,CHLOROPHYLL_A,2026-08-09T00:00:00Z,4.662,mg/m3
ZONE_C,CHLOROPHYLL_A,2026-08-10T00:00:00Z,,mg/m3
ZONE_C,CHLOROPHYLL_A,2026-08-11T00:00:00Z,4.96,mg/m3
ZONE_C,CHLOROPHYLL_A,2026-08-12T00:00:00Z,,mg/m3
ZONE_C,CHLOROPHYLL_A,2026-08-13T00:00:00Z,4.759,mg/m3
ZONE_C,CHLOROPHYLL_A,2026-08-14T00:00:00Z,,mg/m3
ZONE_C,CHLOROPHYLL_A,2026-08-15T00:00:00Z,3.059,mg/m3
ZONE_C,CHLOROPHYLL_A,2026-08-16T00:00:00Z,3.104,mg/m3
ZONE_C,CHLOROPHYLL_A,2026-08-17T00:00:00Z,3.598,mg/m3
ZONE_C,CHLOROPHYLL_A,2026-08-18T00:00:00Z,2.859,mg/m3
ZONE_C,CHLOROPHYLL_A,2026-08-19T00:00:00Z,3.087,mg/m3
ZONE_C,CHLOROPHYLL_A,2026-08-20T00:00:00Z,,mg/m3
ZONE_C,CHLOROPHYLL_A,2026-08-21T00:00:00Z,4.554,mg/m3
ZONE_C,CHLOROPHYLL_A,2026-08-22T00:00:00Z,4.372,mg/m3
ZONE_C,CHLOROPHYLL_A,2026-08-23T00:00:00Z,4.419,mg/m3
ZONE_C,CHLOROPHYLL_A,2026-08-24T00:00:00Z,,mg/m3
ZONE_C,CHLOROPHYLL_A,2026-08-25T00:00:00Z,3.88,mg/m3
ZONE_C,CHLOROPHYLL_A,2026-08-26T00:00:00Z,3.861,mg/m3
ZONE_C,CHLOROPHYLL_A,2026-08-27T00:00:00Z,4.094,mg/m3
ZONE_C,CHLOROPHYLL_A,2026-08-28T00:00:00Z,,mg/m3
ZONE_C,CHLOROPHYLL_A,2026-08-29T00:00:00Z,,mg/m3
ZONE_C,CHLOROPHYLL_A,2026-08-30T00:00:00Z,4.126,mg/m3
ZONE_C,CHLOROPHYLL_A,2026-08-31T00:00:00Z,4.097,mg/m3
ZONE_C,CHLOROPHYLL_A,2026-09-01T00:00:00Z,2.982,mg/m3
ZONE_C,CHLOROPHYLL_A,2026-09-02T00:00:00Z,2.971,mg/m3
ZONE_C,CHLOROPHYLL_A,2026-09-03T00:00:00Z,3.437,mg/m3
ZONE_C,CHLOROPHYLL_A,2026-09-04T00:00:00Z,2.799,mg/m3
ZONE_C,CHLOROPHYLL_A,2026-09-05T00:00:00Z,2.76,mg/m3
ZONE_C,CHLOROPHYLL_A,2026-09-06T00:00:00Z,3.18,mg/m3
ZONE_C,CHLOROPHYLL_A,2026-09-07T00:00:00Z,3.359,mg/m3
ZONE_C,CHLOROPHYLL_A,2026-09-08T00:00:00Z,4.83,mg/m3
ZONE_C,CHLOROPHYLL_A,2026-09-09T00:00:00Z,5.261,mg/m3
ZONE_C,CHLOROPHYLL_A,2026-09-10T00:00:00Z,3.228,mg/m3
ZONE_C,WIND_SPEED,2026-06-13T00:00:00Z,14.2,kn
ZONE_C,WIND_SPEED,2026-06-14T00:00:00Z,13.5,kn
ZONE_C,WIND_SPEED,2026-06-15T00:00:00Z,13.5,kn
ZONE_C,WIND_SPEED,2026-06-16T00:00:00Z,14.7,kn
ZONE_C,WIND_SPEED,2026-06-17T00:00:00Z,14.4,kn
ZONE_C,WIND_SPEED,2026-06-18T00:00:00Z,15.1,kn
ZONE_C,WIND_SPEED,2026-06-19T00:00:00Z,14.3,kn
ZONE_C,WIND_SPEED,2026-06-20T00:00:00Z,13.2,kn
ZONE_C,WIND_SPEED,2026-06-21T00:00:00Z,14.7,kn
ZONE_C,WIND_SPEED,2026-06-22T00:00:00Z,14.6,kn
ZONE_C,WIND_SPEED,2026-06-23T00:00:00Z,13.4,kn
ZONE_C,WIND_SPEED,2026-06-24T00:00:00Z,16.3,kn
ZONE_C,WIND_SPEED,2026-06-25T00:00:00Z,15.9,kn
ZONE_C,WIND_SPEED,2026-06-26T00:00:00Z,15.6,kn
ZONE_C,WIND_SPEED,2026-06-27T00:00:00Z,14.7,kn
ZONE_C,WIND_SPEED,2026-06-28T00:00:00Z,13.7,kn
ZONE_C,WIND_SPEED,2026-06-29T00:00:00Z,11.9,kn
ZONE_C,WIND_SPEED,2026-06-30T00:00:00Z,13.6,kn
ZONE_C,WIND_SPEED,2026-07-01T00:00:00Z,12.9,kn
ZONE_C,WIND_SPEED,2026-07-02T00:00:00Z,12.9,kn
ZONE_C,WIND_SPEED,2026-07-03T00:00:00Z,13.9,kn
ZONE_C,WIND_SPEED,2026-07-04T00:00:00Z,12.8,kn
ZONE_C,WIND_SPEED,2026-07-05T00:00:00Z,10.3,kn
ZONE_C,WIND_SPEED,2026-07-06T00:00:00Z,11.3,kn
ZONE_C,WIND_SPEED,2026-07-07T00:00:00Z,12.5,kn
ZONE_C,WIND_SPEED,2026-07-08T00:00:00Z,15.4,kn
ZONE_C,WIND_SPEED,2026-07-09T00:00:00Z,16.0,kn
ZONE_C,WIND_SPEED,2026-07-10T00:00:00Z,14.7,kn
ZONE_C,WIND_SPEED,2026-07-11T00:00:00Z,13.8,kn
ZONE_C,WIND_SPEED,2026-07-12T00:00:00Z,13.8,kn
ZONE_C,WIND_SPEED,2026-07-13T00:00:00Z,14.1,kn
ZONE_C,WIND_SPEED,2026-07-14T00:00:00Z,16.9,kn
ZONE_C,WIND_SPEED,2026-07-15T00:00:00Z,19.2,kn
ZONE_C,WIND_SPEED,2026-07-16T00:00:00Z,14.8,kn
ZONE_C,WIND_SPEED,2026-07-17T00:00:00Z,14.0,kn
ZONE_C,WIND_SPEED,2026-07-18T00:00:00Z,12.5,kn
ZONE_C,WIND_SPEED,2026-07-19T00:00:00Z,13.1,kn
ZONE_C,WIND_SPEED,2026-07-20T00:00:00Z,12.1,kn
ZONE_C,WIND_SPEED,2026-07-21T00:00:00Z,10.9,kn
ZONE_C,WIND_SPEED,2026-07-22T00:00:00Z,12.3,kn
ZONE_C,WIND_SPEED,2026-07-23T00:00:00Z,13.9,kn
ZONE_C,WIND_SPEED,2026-07-24T00:00:00Z,14.0,kn
ZONE_C,WIND_SPEED,2026-07-25T00:00:00Z,14.8,kn
ZONE_C,WIND_SPEED,2026-07-26T00:00:00Z,16.3,kn
ZONE_C,WIND_SPEED,2026-07-27T00:00:00Z,14.9,kn
ZONE_C,WIND_SPEED,2026-07-28T00:00:00Z,16.3,kn
ZONE_C,WIND_SPEED,2026-07-29T00:00:00Z,15.0,kn
ZONE_C,WIND_SPEED,2026-07-30T00:00:00Z,12.7,kn
ZONE_C,WIND_SPEED,2026-07-31T00:00:00Z,14.0,kn
ZONE_C,WIND_SPEED,2026-08-01T00:00:00Z,12.5,kn
ZONE_C,WIND_SPEED,2026-08-02T00:00:00Z,11.8,kn
ZONE_C,WIND_SPEED,2026-08-03T00:00:00Z,12.8,kn
ZONE_C,WIND_SPEED,2026-08-04T00:00:00Z,12.6,kn
ZONE_C,WIND_SPEED,2026-08-05T00:00:00Z,11.5,kn
ZONE_C,WIND_SPEED,2026-08-06T00:00:00Z,13.7,kn
ZONE_C,WIND_SPEED,2026-08-07T00:00:00Z,10.5,kn
ZONE_C,WIND_SPEED,2026-08-08T00:00:00Z,14.3,kn
ZONE_C,WIND_SPEED,2026-08-09T00:00:00Z,12.9,kn
ZONE_C,WIND_SPEED,2026-08-10T00:00:00Z,11.3,kn
ZONE_C,WIND_SPEED,2026-08-11T00:00:00Z,11.6,kn
ZONE_C,WIND_SPEED,2026-08-12T00:00:00Z,11.9,kn
ZONE_C,WIND_SPEED,2026-08-13T00:00:00Z,13.4,kn
ZONE_C,WIND_SPEED,2026-08-14T00:00:00Z,11.0,kn
ZONE_C,WIND_SPEED,2026-08-15T00:00:00Z,9.6,kn
ZONE_C,WIND_SPEED,2026-08-16T00:00:00Z,6.3,kn
ZONE_C,WIND_SPEED,2026-08-17T00:00:00Z,7.5,kn
ZONE_C,WIND_SPEED,2026-08-18T00:00:00Z,9.7,kn
ZONE_C,WIND_SPEED,2026-08-19T00:00:00Z,11.2,kn
ZONE_C,WIND_SPEED,2026-08-20T00:00:00Z,12.0,kn
ZONE_C,WIND_SPEED,2026-08-21T00:00:00Z,12.8,kn
ZONE_C,WIND_SPEED,2026-08-22T00:00:00Z,13.1,kn
ZONE_C,WIND_SPEED,2026-08-23T00:00:00Z,9.7,kn
ZONE_C,WIND_SPEED,2026-08-24T00:00:00Z,10.1,kn
ZONE_C,WIND_SPEED,2026-08-25T00:00:00Z,7.7,kn
ZONE_C,WIND_SPEED,2026-08-26T00:00:00Z,7.8,kn
ZONE_C,WIND_SPEED,2026-08-27T00:00:00Z,7.7,kn
ZONE_C,WIND_SPEED,2026-08-28T00:00:00Z,6.3,kn
ZONE_C,WIND_SPEED,2026-08-29T00:00:00Z,7.5,kn
ZONE_C,WIND_SPEED,2026-08-30T00:00:00Z,6.9,kn
ZONE_C,WIND_SPEED,2026-08-31T00:00:00Z,4.9,kn
ZONE_C,WIND_SPEED,2026-09-01T00:00:00Z,5.6,kn
ZONE_C,WIND_SPEED,2026-09-02T00:00:00Z,8.1,kn
ZONE_C,WIND_SPEED,2026-09-03T00:00:00Z,6.9,kn
ZONE_C,WIND_SPEED,2026-09-04T00:00:00Z,9.2,kn
ZONE_C,WIND_SPEED,2026-09-05T00:00:00Z,9.8,kn
ZONE_C,WIND_SPEED,2026-09-06T00:00:00Z,8.8,kn
ZONE_C,WIND_SPEED,2026-09-07T00:00:00Z,10.8,kn
ZONE_C,WIND_SPEED,2026-09-08T00:00:00Z,10.8,kn
ZONE_C,WIND_SPEED,2026-09-09T00:00:00Z,12.5,kn
ZONE_C,WIND_SPEED,2026-09-10T00:00:00Z,12.4,kn
ZONE_C,SIGNIFICANT_WAVE_HEIGHT,2026-06-13T00:00:00Z,1.32,m
ZONE_C,SIGNIFICANT_WAVE_HEIGHT,2026-06-14T00:00:00Z,1.45,m
ZONE_C,SIGNIFICANT_WAVE_HEIGHT,2026-06-15T00:00:00Z,1.16,m
ZONE_C,SIGNIFICANT_WAVE_HEIGHT,2026-06-16T00:00:00Z,0.87,m
ZONE_C,SIGNIFICANT_WAVE_HEIGHT,2026-06-17T00:00:00Z,1.12,m
ZONE_C,SIGNIFICANT_WAVE_HEIGHT,2026-06-18T00:00:00Z,1.48,m
ZONE_C,SIGNIFICANT_WAVE_HEIGHT,2026-06-19T00:00:00Z,1.37,m
ZONE_C,SIGNIFICANT_WAVE_HEIGHT,2026-06-20T00:00:00Z,1.45,m
ZONE_C,SIGNIFICANT_WAVE_HEIGHT,2026-06-21T00:00:00Z,1.56,m
ZONE_C,SIGNIFICANT_WAVE_HEIGHT,2026-06-22T00:00:00Z,1.46,m
ZONE_C,SIGNIFICANT_WAVE_HEIGHT,2026-06-23T00:00:00Z,1.21,m
ZONE_C,SIGNIFICANT_WAVE_HEIGHT,2026-06-24T00:00:00Z,1.55,m
ZONE_C,SIGNIFICANT_WAVE_HEIGHT,2026-06-25T00:00:00Z,1.46,m
ZONE_C,SIGNIFICANT_WAVE_HEIGHT,2026-06-26T00:00:00Z,1.16,m
ZONE_C,SIGNIFICANT_WAVE_HEIGHT,2026-06-27T00:00:00Z,0.98,m
ZONE_C,SIGNIFICANT_WAVE_HEIGHT,2026-06-28T00:00:00Z,1.23,m
ZONE_C,SIGNIFICANT_WAVE_HEIGHT,2026-06-29T00:00:00Z,1.36,m
ZONE_C,SIGNIFICANT_WAVE_HEIGHT,2026-06-30T00:00:00Z,1.49,m
ZONE_C,SIGNIFICANT_WAVE_HEIGHT,2026-07-01T00:00:00Z,1.53,m
ZONE_C,SIGNIFICANT_WAVE_HEIGHT,2026-07-02T00:00:00Z,1.42,m
ZONE_C,SIGNIFICANT_WAVE_HEIGHT,2026-07-03T00:00:00Z,1.29,m
ZONE_C,SIGNIFICANT_WAVE_HEIGHT,2026-07-04T00:00:00Z,1.43,m
ZONE_C,SIGNIFICANT_WAVE_HEIGHT,2026-07-05T00:00:00Z,1.18,m
ZONE_C,SIGNIFICANT_WAVE_HEIGHT,2026-07-06T00:00:00Z,1.31,m
ZONE_C,SIGNIFICANT_WAVE_HEIGHT,2026-07-07T00:00:00Z,1.34,m
ZONE_C,SIGNIFICANT_WAVE_HEIGHT,2026-07-08T00:00:00Z,1.17,m
ZONE_C,SIGNIFICANT_WAVE_HEIGHT,2026-07-09T00:00:00Z,1.34,m
ZONE_C,SIGNIFICANT_WAVE_HEIGHT,2026-07-10T00:00:00Z,1.38,m
ZONE_C,SIGNIFICANT_WAVE_HEIGHT,2026-07-11T00:00:00Z,1.32,m
ZONE_C,SIGNIFICANT_WAVE_HEIGHT,2026-07-12T00:00:00Z,1.48,m
ZONE_C,SIGNIFICANT_WAVE_HEIGHT,2026-07-13T00:00:00Z,1.23,m
ZONE_C,SIGNIFICANT_WAVE_HEIGHT,2026-07-14T00:00:00Z,1.12,m
ZONE_C,SIGNIFICANT_WAVE_HEIGHT,2026-07-15T00:00:00Z,1.02,m
ZONE_C,SIGNIFICANT_WAVE_HEIGHT,2026-07-16T00:00:00Z,1.16,m
ZONE_C,SIGNIFICANT_WAVE_HEIGHT,2026-07-17T00:00:00Z,1.17,m
ZONE_C,SIGNIFICANT_WAVE_HEIGHT,2026-07-18T00:00:00Z,1.01,m
ZONE_C,SIGNIFICANT_WAVE_HEIGHT,2026-07-19T00:00:00Z,1.22,m
ZONE_C,SIGNIFICANT_WAVE_HEIGHT,2026-07-20T00:00:00Z,1.31,m
ZONE_C,SIGNIFICANT_WAVE_HEIGHT,2026-07-21T00:00:00Z,1.39,m
ZONE_C,SIGNIFICANT_WAVE_HEIGHT,2026-07-22T00:00:00Z,1.27,m
ZONE_C,SIGNIFICANT_WAVE_HEIGHT,2026-07-23T00:00:00Z,1.42,m
ZONE_C,SIGNIFICANT_WAVE_HEIGHT,2026-07-24T00:00:00Z,1.13,m
ZONE_C,SIGNIFICANT_WAVE_HEIGHT,2026-07-25T00:00:00Z,1.06,m
ZONE_C,SIGNIFICANT_WAVE_HEIGHT,2026-07-26T00:00:00Z,1.19,m
ZONE_C,SIGNIFICANT_WAVE_HEIGHT,2026-07-27T00:00:00Z,1.4,m
ZONE_C,SIGNIFICANT_WAVE_HEIGHT,2026-07-28T00:00:00Z,1.47,m
ZONE_C,SIGNIFICANT_WAVE_HEIGHT,2026-07-29T00:00:00Z,1.2,m
ZONE_C,SIGNIFICANT_WAVE_HEIGHT,2026-07-30T00:00:00Z,1.32,m
ZONE_C,SIGNIFICANT_WAVE_HEIGHT,2026-07-31T00:00:00Z,1.23,m
ZONE_C,SIGNIFICANT_WAVE_HEIGHT,2026-08-01T00:00:00Z,1.6,m
ZONE_C,SIGNIFICANT_WAVE_HEIGHT,2026-08-02T00:00:00Z,1.57,m
ZONE_C,SIGNIFICANT_WAVE_HEIGHT,2026-08-03T00:00:00Z,1.43,m
ZONE_C,SIGNIFICANT_WAVE_HEIGHT,2026-08-04T00:00:00Z,1.31,m
ZONE_C,SIGNIFICANT_WAVE_HEIGHT,2026-08-05T00:00:00Z,1.3,m
ZONE_C,SIGNIFICANT_WAVE_HEIGHT,2026-08-06T00:00:00Z,1.25,m
ZONE_C,SIGNIFICANT_WAVE_HEIGHT,2026-08-07T00:00:00Z,1.53,m
ZONE_C,SIGNIFICANT_WAVE_HEIGHT,2026-08-08T00:00:00Z,1.41,m
ZONE_C,SIGNIFICANT_WAVE_HEIGHT,2026-08-09T00:00:00Z,1.5,m
ZONE_C,SIGNIFICANT_WAVE_HEIGHT,2026-08-10T00:00:00Z,1.44,m
ZONE_C,SIGNIFICANT_WAVE_HEIGHT,2026-08-11T00:00:00Z,1.19,m
ZONE_C,SIGNIFICANT_WAVE_HEIGHT,2026-08-12T00:00:00Z,1.0,m
ZONE_C,SIGNIFICANT_WAVE_HEIGHT,2026-08-13T00:00:00Z,0.95,m
ZONE_C,SIGNIFICANT_WAVE_HEIGHT,2026-08-14T00:00:00Z,0.84,m
ZONE_C,SIGNIFICANT_WAVE_HEIGHT,2026-08-15T00:00:00Z,0.76,m
ZONE_C,SIGNIFICANT_WAVE_HEIGHT,2026-08-16T00:00:00Z,1.0,m
ZONE_C,SIGNIFICANT_WAVE_HEIGHT,2026-08-17T00:00:00Z,1.18,m
ZONE_C,SIGNIFICANT_WAVE_HEIGHT,2026-08-18T00:00:00Z,1.34,m
ZONE_C,SIGNIFICANT_WAVE_HEIGHT,2026-08-19T00:00:00Z,1.19,m
ZONE_C,SIGNIFICANT_WAVE_HEIGHT,2026-08-20T00:00:00Z,1.15,m
ZONE_C,SIGNIFICANT_WAVE_HEIGHT,2026-08-21T00:00:00Z,1.05,m
ZONE_C,SIGNIFICANT_WAVE_HEIGHT,2026-08-22T00:00:00Z,0.85,m
ZONE_C,SIGNIFICANT_WAVE_HEIGHT,2026-08-23T00:00:00Z,0.92,m
ZONE_C,SIGNIFICANT_WAVE_HEIGHT,2026-08-24T00:00:00Z,1.08,m
ZONE_C,SIGNIFICANT_WAVE_HEIGHT,2026-08-25T00:00:00Z,1.06,m
ZONE_C,SIGNIFICANT_WAVE_HEIGHT,2026-08-26T00:00:00Z,1.15,m
ZONE_C,SIGNIFICANT_WAVE_HEIGHT,2026-08-27T00:00:00Z,0.95,m
ZONE_C,SIGNIFICANT_WAVE_HEIGHT,2026-08-28T00:00:00Z,0.91,m
ZONE_C,SIGNIFICANT_WAVE_HEIGHT,2026-08-29T00:00:00Z,1.14,m
ZONE_C,SIGNIFICANT_WAVE_HEIGHT,2026-08-30T00:00:00Z,1.01,m
ZONE_C,SIGNIFICANT_WAVE_HEIGHT,2026-08-31T00:00:00Z,0.99,m
ZONE_C,SIGNIFICANT_WAVE_HEIGHT,2026-09-01T00:00:00Z,1.19,m
ZONE_C,SIGNIFICANT_WAVE_HEIGHT,2026-09-02T00:00:00Z,1.06,m
ZONE_C,SIGNIFICANT_WAVE_HEIGHT,2026-09-03T00:00:00Z,0.88,m
ZONE_C,SIGNIFICANT_WAVE_HEIGHT,2026-09-04T00:00:00Z,0.79,m
ZONE_C,SIGNIFICANT_WAVE_HEIGHT,2026-09-05T00:00:00Z,0.71,m
ZONE_C,SIGNIFICANT_WAVE_HEIGHT,2026-09-06T00:00:00Z,0.72,m
ZONE_C,SIGNIFICANT_WAVE_HEIGHT,2026-09-07T00:00:00Z,0.77,m
ZONE_C,SIGNIFICANT_WAVE_HEIGHT,2026-09-08T00:00:00Z,0.85,m
ZONE_C,SIGNIFICANT_WAVE_HEIGHT,2026-09-09T00:00:00Z,0.7,m
ZONE_C,SIGNIFICANT_WAVE_HEIGHT,2026-09-10T00:00:00Z,0.77,m
ZONE_D,SST,2026-06-13T00:00:00Z,28.74,degC
ZONE_D,SST,2026-06-14T00:00:00Z,28.74,degC
ZONE_D,SST,2026-06-15T00:00:00Z,28.55,degC
ZONE_D,SST,2026-06-16T00:00:00Z,28.57,degC
ZONE_D,SST,2026-06-17T00:00:00Z,28.42,degC
ZONE_D,SST,2026-06-18T00:00:00Z,28.51,degC
ZONE_D,SST,2026-06-19T00:00:00Z,28.29,degC
ZONE_D,SST,2026-06-20T00:00:00Z,28.01,degC
ZONE_D,SST,2026-06-21T00:00:00Z,28.16,degC
ZONE_D,SST,2026-06-22T00:00:00Z,28.24,degC
ZONE_D,SST,2026-06-23T00:00:00Z,28.28,degC
ZONE_D,SST,2026-06-24T00:00:00Z,28.28,degC
ZONE_D,SST,2026-06-25T00:00:00Z,28.27,degC
ZONE_D,SST,2026-06-26T00:00:00Z,28.21,degC
ZONE_D,SST,2026-06-27T00:00:00Z,28.2,degC
ZONE_D,SST,2026-06-28T00:00:00Z,28.28,degC
ZONE_D,SST,2026-06-29T00:00:00Z,28.34,degC
ZONE_D,SST,2026-06-30T00:00:00Z,28.2,degC
ZONE_D,SST,2026-07-01T00:00:00Z,28.35,degC
ZONE_D,SST,2026-07-02T00:00:00Z,28.12,degC
ZONE_D,SST,2026-07-03T00:00:00Z,28.27,degC
ZONE_D,SST,2026-07-04T00:00:00Z,28.21,degC
ZONE_D,SST,2026-07-05T00:00:00Z,27.78,degC
ZONE_D,SST,2026-07-06T00:00:00Z,27.9,degC
ZONE_D,SST,2026-07-07T00:00:00Z,27.99,degC
ZONE_D,SST,2026-07-08T00:00:00Z,28.14,degC
ZONE_D,SST,2026-07-09T00:00:00Z,27.99,degC
ZONE_D,SST,2026-07-10T00:00:00Z,28.04,degC
ZONE_D,SST,2026-07-11T00:00:00Z,27.99,degC
ZONE_D,SST,2026-07-12T00:00:00Z,27.99,degC
ZONE_D,SST,2026-07-13T00:00:00Z,27.8,degC
ZONE_D,SST,2026-07-14T00:00:00Z,27.91,degC
ZONE_D,SST,2026-07-15T00:00:00Z,27.96,degC
ZONE_D,SST,2026-07-16T00:00:00Z,27.94,degC
ZONE_D,SST,2026-07-17T00:00:00Z,27.96,degC
ZONE_D,SST,2026-07-18T00:00:00Z,27.79,degC
ZONE_D,SST,2026-07-19T00:00:00Z,27.56,degC
ZONE_D,SST,2026-07-20T00:00:00Z,27.54,degC
ZONE_D,SST,2026-07-21T00:00:00Z,27.53,degC
ZONE_D,SST,2026-07-22T00:00:00Z,27.61,degC
ZONE_D,SST,2026-07-23T00:00:00Z,27.71,degC
ZONE_D,SST,2026-07-24T00:00:00Z,27.69,degC
ZONE_D,SST,2026-07-25T00:00:00Z,27.92,degC
ZONE_D,SST,2026-07-26T00:00:00Z,27.92,degC
ZONE_D,SST,2026-07-27T00:00:00Z,27.75,degC
ZONE_D,SST,2026-07-28T00:00:00Z,27.8,degC
ZONE_D,SST,2026-07-29T00:00:00Z,27.93,degC
ZONE_D,SST,2026-07-30T00:00:00Z,27.99,degC
ZONE_D,SST,2026-07-31T00:00:00Z,27.86,degC
ZONE_D,SST,2026-08-01T00:00:00Z,27.93,degC
ZONE_D,SST,2026-08-02T00:00:00Z,27.84,degC
ZONE_D,SST,2026-08-03T00:00:00Z,27.83,degC
ZONE_D,SST,2026-08-04T00:00:00Z,27.89,degC
ZONE_D,SST,2026-08-05T00:00:00Z,27.9,degC
ZONE_D,SST,2026-08-06T00:00:00Z,27.88,degC
ZONE_D,SST,2026-08-07T00:00:00Z,27.65,degC
ZONE_D,SST,2026-08-08T00:00:00Z,27.63,degC
ZONE_D,SST,2026-08-09T00:00:00Z,27.92,degC
ZONE_D,SST,2026-08-10T00:00:00Z,27.87,degC
ZONE_D,SST,2026-08-11T00:00:00Z,27.97,degC
ZONE_D,SST,2026-08-12T00:00:00Z,27.92,degC
ZONE_D,SST,2026-08-13T00:00:00Z,27.84,degC
ZONE_D,SST,2026-08-14T00:00:00Z,28.24,degC
ZONE_D,SST,2026-08-15T00:00:00Z,28.28,degC
ZONE_D,SST,2026-08-16T00:00:00Z,28.23,degC
ZONE_D,SST,2026-08-17T00:00:00Z,28.16,degC
ZONE_D,SST,2026-08-18T00:00:00Z,28.26,degC
ZONE_D,SST,2026-08-19T00:00:00Z,28.32,degC
ZONE_D,SST,2026-08-20T00:00:00Z,28.55,degC
ZONE_D,SST,2026-08-21T00:00:00Z,28.47,degC
ZONE_D,SST,2026-08-22T00:00:00Z,28.4,degC
ZONE_D,SST,2026-08-23T00:00:00Z,28.41,degC
ZONE_D,SST,2026-08-24T00:00:00Z,28.47,degC
ZONE_D,SST,2026-08-25T00:00:00Z,28.66,degC
ZONE_D,SST,2026-08-26T00:00:00Z,28.57,degC
ZONE_D,SST,2026-08-27T00:00:00Z,28.48,degC
ZONE_D,SST,2026-08-28T00:00:00Z,28.49,degC
ZONE_D,SST,2026-08-29T00:00:00Z,28.55,degC
ZONE_D,SST,2026-08-30T00:00:00Z,28.59,degC
ZONE_D,SST,2026-08-31T00:00:00Z,28.5,degC
ZONE_D,SST,2026-09-01T00:00:00Z,28.46,degC
ZONE_D,SST,2026-09-02T00:00:00Z,28.34,degC
ZONE_D,SST,2026-09-03T00:00:00Z,28.53,degC
ZONE_D,SST,2026-09-04T00:00:00Z,28.43,degC
ZONE_D,SST,2026-09-05T00:00:00Z,28.44,degC
ZONE_D,SST,2026-09-06T00:00:00Z,28.56,degC
ZONE_D,SST,2026-09-07T00:00:00Z,28.49,degC
ZONE_D,SST,2026-09-08T00:00:00Z,28.7,degC
ZONE_D,SST,2026-09-09T00:00:00Z,28.75,degC
ZONE_D,SST,2026-09-10T00:00:00Z,28.8,degC
ZONE_D,CHLOROPHYLL_A,2026-06-13T00:00:00Z,5.027,mg/m3
ZONE_D,CHLOROPHYLL_A,2026-06-14T00:00:00Z,4.369,mg/m3
ZONE_D,CHLOROPHYLL_A,2026-06-15T00:00:00Z,,mg/m3
ZONE_D,CHLOROPHYLL_A,2026-06-16T00:00:00Z,3.392,mg/m3
ZONE_D,CHLOROPHYLL_A,2026-06-17T00:00:00Z,3.744,mg/m3
ZONE_D,CHLOROPHYLL_A,2026-06-18T00:00:00Z,3.587,mg/m3
ZONE_D,CHLOROPHYLL_A,2026-06-19T00:00:00Z,,mg/m3
ZONE_D,CHLOROPHYLL_A,2026-06-20T00:00:00Z,3.954,mg/m3
ZONE_D,CHLOROPHYLL_A,2026-06-21T00:00:00Z,3.318,mg/m3
ZONE_D,CHLOROPHYLL_A,2026-06-22T00:00:00Z,3.69,mg/m3
ZONE_D,CHLOROPHYLL_A,2026-06-23T00:00:00Z,3.405,mg/m3
ZONE_D,CHLOROPHYLL_A,2026-06-24T00:00:00Z,2.973,mg/m3
ZONE_D,CHLOROPHYLL_A,2026-06-25T00:00:00Z,2.977,mg/m3
ZONE_D,CHLOROPHYLL_A,2026-06-26T00:00:00Z,3.628,mg/m3
ZONE_D,CHLOROPHYLL_A,2026-06-27T00:00:00Z,3.84,mg/m3
ZONE_D,CHLOROPHYLL_A,2026-06-28T00:00:00Z,,mg/m3
ZONE_D,CHLOROPHYLL_A,2026-06-29T00:00:00Z,3.75,mg/m3
ZONE_D,CHLOROPHYLL_A,2026-06-30T00:00:00Z,3.778,mg/m3
ZONE_D,CHLOROPHYLL_A,2026-07-01T00:00:00Z,3.503,mg/m3
ZONE_D,CHLOROPHYLL_A,2026-07-02T00:00:00Z,2.402,mg/m3
ZONE_D,CHLOROPHYLL_A,2026-07-03T00:00:00Z,3.219,mg/m3
ZONE_D,CHLOROPHYLL_A,2026-07-04T00:00:00Z,,mg/m3
ZONE_D,CHLOROPHYLL_A,2026-07-05T00:00:00Z,2.967,mg/m3
ZONE_D,CHLOROPHYLL_A,2026-07-06T00:00:00Z,2.872,mg/m3
ZONE_D,CHLOROPHYLL_A,2026-07-07T00:00:00Z,3.581,mg/m3
ZONE_D,CHLOROPHYLL_A,2026-07-08T00:00:00Z,3.598,mg/m3
ZONE_D,CHLOROPHYLL_A,2026-07-09T00:00:00Z,,mg/m3
ZONE_D,CHLOROPHYLL_A,2026-07-10T00:00:00Z,5.806,mg/m3
ZONE_D,CHLOROPHYLL_A,2026-07-11T00:00:00Z,4.166,mg/m3
ZONE_D,CHLOROPHYLL_A,2026-07-12T00:00:00Z,3.716,mg/m3
ZONE_D,CHLOROPHYLL_A,2026-07-13T00:00:00Z,3.012,mg/m3
ZONE_D,CHLOROPHYLL_A,2026-07-14T00:00:00Z,3.612,mg/m3
ZONE_D,CHLOROPHYLL_A,2026-07-15T00:00:00Z,,mg/m3
ZONE_D,CHLOROPHYLL_A,2026-07-16T00:00:00Z,3.875,mg/m3
ZONE_D,CHLOROPHYLL_A,2026-07-17T00:00:00Z,3.335,mg/m3
ZONE_D,CHLOROPHYLL_A,2026-07-18T00:00:00Z,3.865,mg/m3
ZONE_D,CHLOROPHYLL_A,2026-07-19T00:00:00Z,3.048,mg/m3
ZONE_D,CHLOROPHYLL_A,2026-07-20T00:00:00Z,3.005,mg/m3
ZONE_D,CHLOROPHYLL_A,2026-07-21T00:00:00Z,2.289,mg/m3
ZONE_D,CHLOROPHYLL_A,2026-07-22T00:00:00Z,2.923,mg/m3
ZONE_D,CHLOROPHYLL_A,2026-07-23T00:00:00Z,3.393,mg/m3
ZONE_D,CHLOROPHYLL_A,2026-07-24T00:00:00Z,3.456,mg/m3
ZONE_D,CHLOROPHYLL_A,2026-07-25T00:00:00Z,2.974,mg/m3
ZONE_D,CHLOROPHYLL_A,2026-07-26T00:00:00Z,2.967,mg/m3
ZONE_D,CHLOROPHYLL_A,2026-07-27T00:00:00Z,3.141,mg/m3
ZONE_D,CHLOROPHYLL_A,2026-07-28T00:00:00Z,3.513,mg/m3
ZONE_D,CHLOROPHYLL_A,2026-07-29T00:00:00Z,3.819,mg/m3
ZONE_D,CHLOROPHYLL_A,2026-07-30T00:00:00Z,4.146,mg/m3
ZONE_D,CHLOROPHYLL_A,2026-07-31T00:00:00Z,3.045,mg/m3
ZONE_D,CHLOROPHYLL_A,2026-08-01T00:00:00Z,2.744,mg/m3
ZONE_D,CHLOROPHYLL_A,2026-08-02T00:00:00Z,2.503,mg/m3
ZONE_D,CHLOROPHYLL_A,2026-08-03T00:00:00Z,3.164,mg/m3
ZONE_D,CHLOROPHYLL_A,2026-08-04T00:00:00Z,2.655,mg/m3
ZONE_D,CHLOROPHYLL_A,2026-08-05T00:00:00Z,2.982,mg/m3
ZONE_D,CHLOROPHYLL_A,2026-08-06T00:00:00Z,3.139,mg/m3
ZONE_D,CHLOROPHYLL_A,2026-08-07T00:00:00Z,2.979,mg/m3
ZONE_D,CHLOROPHYLL_A,2026-08-08T00:00:00Z,2.105,mg/m3
ZONE_D,CHLOROPHYLL_A,2026-08-09T00:00:00Z,2.336,mg/m3
ZONE_D,CHLOROPHYLL_A,2026-08-10T00:00:00Z,2.235,mg/m3
ZONE_D,CHLOROPHYLL_A,2026-08-11T00:00:00Z,1.644,mg/m3
ZONE_D,CHLOROPHYLL_A,2026-08-12T00:00:00Z,2.479,mg/m3
ZONE_D,CHLOROPHYLL_A,2026-08-13T00:00:00Z,2.064,mg/m3
ZONE_D,CHLOROPHYLL_A,2026-08-14T00:00:00Z,1.361,mg/m3
ZONE_D,CHLOROPHYLL_A,2026-08-15T00:00:00Z,,mg/m3
ZONE_D,CHLOROPHYLL_A,2026-08-16T00:00:00Z,1.863,mg/m3
ZONE_D,CHLOROPHYLL_A,2026-08-17T00:00:00Z,2.018,mg/m3
ZONE_D,CHLOROPHYLL_A,2026-08-18T00:00:00Z,2.047,mg/m3
ZONE_D,CHLOROPHYLL_A,2026-08-19T00:00:00Z,,mg/m3
ZONE_D,CHLOROPHYLL_A,2026-08-20T00:00:00Z,2.251,mg/m3
ZONE_D,CHLOROPHYLL_A,2026-08-21T00:00:00Z,1.756,mg/m3
ZONE_D,CHLOROPHYLL_A,2026-08-22T00:00:00Z,,mg/m3
ZONE_D,CHLOROPHYLL_A,2026-08-23T00:00:00Z,1.27,mg/m3
ZONE_D,CHLOROPHYLL_A,2026-08-24T00:00:00Z,1.276,mg/m3
ZONE_D,CHLOROPHYLL_A,2026-08-25T00:00:00Z,1.321,mg/m3
ZONE_D,CHLOROPHYLL_A,2026-08-26T00:00:00Z,1.75,mg/m3
ZONE_D,CHLOROPHYLL_A,2026-08-27T00:00:00Z,2.01,mg/m3
ZONE_D,CHLOROPHYLL_A,2026-08-28T00:00:00Z,2.18,mg/m3
ZONE_D,CHLOROPHYLL_A,2026-08-29T00:00:00Z,2.454,mg/m3
ZONE_D,CHLOROPHYLL_A,2026-08-30T00:00:00Z,2.051,mg/m3
ZONE_D,CHLOROPHYLL_A,2026-08-31T00:00:00Z,1.597,mg/m3
ZONE_D,CHLOROPHYLL_A,2026-09-01T00:00:00Z,1.973,mg/m3
ZONE_D,CHLOROPHYLL_A,2026-09-02T00:00:00Z,2.378,mg/m3
ZONE_D,CHLOROPHYLL_A,2026-09-03T00:00:00Z,2.2,mg/m3
ZONE_D,CHLOROPHYLL_A,2026-09-04T00:00:00Z,1.854,mg/m3
ZONE_D,CHLOROPHYLL_A,2026-09-05T00:00:00Z,1.915,mg/m3
ZONE_D,CHLOROPHYLL_A,2026-09-06T00:00:00Z,1.884,mg/m3
ZONE_D,CHLOROPHYLL_A,2026-09-07T00:00:00Z,,mg/m3
ZONE_D,CHLOROPHYLL_A,2026-09-08T00:00:00Z,1.642,mg/m3
ZONE_D,CHLOROPHYLL_A,2026-09-09T00:00:00Z,1.479,mg/m3
ZONE_D,CHLOROPHYLL_A,2026-09-10T00:00:00Z,,mg/m3
ZONE_D,WIND_SPEED,2026-06-13T00:00:00Z,16.0,kn
ZONE_D,WIND_SPEED,2026-06-14T00:00:00Z,14.7,kn
ZONE_D,WIND_SPEED,2026-06-15T00:00:00Z,16.3,kn
ZONE_D,WIND_SPEED,2026-06-16T00:00:00Z,16.7,kn
ZONE_D,WIND_SPEED,2026-06-17T00:00:00Z,16.2,kn
ZONE_D,WIND_SPEED,2026-06-18T00:00:00Z,15.0,kn
ZONE_D,WIND_SPEED,2026-06-19T00:00:00Z,13.9,kn
ZONE_D,WIND_SPEED,2026-06-20T00:00:00Z,16.2,kn
ZONE_D,WIND_SPEED,2026-06-21T00:00:00Z,15.3,kn
ZONE_D,WIND_SPEED,2026-06-22T00:00:00Z,16.1,kn
ZONE_D,WIND_SPEED,2026-06-23T00:00:00Z,16.7,kn
ZONE_D,WIND_SPEED,2026-06-24T00:00:00Z,10.5,kn
ZONE_D,WIND_SPEED,2026-06-25T00:00:00Z,10.3,kn
ZONE_D,WIND_SPEED,2026-06-26T00:00:00Z,13.2,kn
ZONE_D,WIND_SPEED,2026-06-27T00:00:00Z,13.0,kn
ZONE_D,WIND_SPEED,2026-06-28T00:00:00Z,14.4,kn
ZONE_D,WIND_SPEED,2026-06-29T00:00:00Z,16.4,kn
ZONE_D,WIND_SPEED,2026-06-30T00:00:00Z,15.9,kn
ZONE_D,WIND_SPEED,2026-07-01T00:00:00Z,13.2,kn
ZONE_D,WIND_SPEED,2026-07-02T00:00:00Z,11.5,kn
ZONE_D,WIND_SPEED,2026-07-03T00:00:00Z,9.2,kn
ZONE_D,WIND_SPEED,2026-07-04T00:00:00Z,9.0,kn
ZONE_D,WIND_SPEED,2026-07-05T00:00:00Z,9.8,kn
ZONE_D,WIND_SPEED,2026-07-06T00:00:00Z,11.8,kn
ZONE_D,WIND_SPEED,2026-07-07T00:00:00Z,12.5,kn
ZONE_D,WIND_SPEED,2026-07-08T00:00:00Z,13.3,kn
ZONE_D,WIND_SPEED,2026-07-09T00:00:00Z,14.0,kn
ZONE_D,WIND_SPEED,2026-07-10T00:00:00Z,11.3,kn
ZONE_D,WIND_SPEED,2026-07-11T00:00:00Z,11.5,kn
ZONE_D,WIND_SPEED,2026-07-12T00:00:00Z,12.9,kn
ZONE_D,WIND_SPEED,2026-07-13T00:00:00Z,12.6,kn
ZONE_D,WIND_SPEED,2026-07-14T00:00:00Z,10.9,kn
ZONE_D,WIND_SPEED,2026-07-15T00:00:00Z,12.3,kn
ZONE_D,WIND_SPEED,2026-07-16T00:00:00Z,11.6,kn
ZONE_D,WIND_SPEED,2026-07-17T00:00:00Z,10.0,kn
ZONE_D,WIND_SPEED,2026-07-18T00:00:00Z,10.1,kn
ZONE_D,WIND_SPEED,2026-07-19T00:00:00Z,7.7,kn
ZONE_D,WIND_SPEED,2026-07-20T00:00:00Z,10.2,kn
ZONE_D,WIND_SPEED,2026-07-21T00:00:00Z,10.6,kn
ZONE_D,WIND_SPEED,2026-07-22T00:00:00Z,10.0,kn
ZONE_D,WIND_SPEED,2026-07-23T00:00:00Z,10.3,kn
ZONE_D,WIND_SPEED,2026-07-24T00:00:00Z,9.5,kn
ZONE_D,WIND_SPEED,2026-07-25T00:00:00Z,9.8,kn
ZONE_D,WIND_SPEED,2026-07-26T00:00:00Z,7.4,kn
ZONE_D,WIND_SPEED,2026-07-27T00:00:00Z,10.3,kn
ZONE_D,WIND_SPEED,2026-07-28T00:00:00Z,8.7,kn
ZONE_D,WIND_SPEED,2026-07-29T00:00:00Z,8.1,kn
ZONE_D,WIND_SPEED,2026-07-30T00:00:00Z,10.4,kn
ZONE_D,WIND_SPEED,2026-07-31T00:00:00Z,10.8,kn
ZONE_D,WIND_SPEED,2026-08-01T00:00:00Z,11.3,kn
ZONE_D,WIND_SPEED,2026-08-02T00:00:00Z,12.1,kn
ZONE_D,WIND_SPEED,2026-08-03T00:00:00Z,13.8,kn
ZONE_D,WIND_SPEED,2026-08-04T00:00:00Z,11.3,kn
ZONE_D,WIND_SPEED,2026-08-05T00:00:00Z,11.2,kn
ZONE_D,WIND_SPEED,2026-08-06T00:00:00Z,12.5,kn
ZONE_D,WIND_SPEED,2026-08-07T00:00:00Z,13.6,kn
ZONE_D,WIND_SPEED,2026-08-08T00:00:00Z,13.9,kn
ZONE_D,WIND_SPEED,2026-08-09T00:00:00Z,12.8,kn
ZONE_D,WIND_SPEED,2026-08-10T00:00:00Z,11.3,kn
ZONE_D,WIND_SPEED,2026-08-11T00:00:00Z,11.5,kn
ZONE_D,WIND_SPEED,2026-08-12T00:00:00Z,12.3,kn
ZONE_D,WIND_SPEED,2026-08-13T00:00:00Z,11.4,kn
ZONE_D,WIND_SPEED,2026-08-14T00:00:00Z,8.9,kn
ZONE_D,WIND_SPEED,2026-08-15T00:00:00Z,10.6,kn
ZONE_D,WIND_SPEED,2026-08-16T00:00:00Z,9.5,kn
ZONE_D,WIND_SPEED,2026-08-17T00:00:00Z,11.8,kn
ZONE_D,WIND_SPEED,2026-08-18T00:00:00Z,7.8,kn
ZONE_D,WIND_SPEED,2026-08-19T00:00:00Z,9.7,kn
ZONE_D,WIND_SPEED,2026-08-20T00:00:00Z,10.5,kn
ZONE_D,WIND_SPEED,2026-08-21T00:00:00Z,11.1,kn
ZONE_D,WIND_SPEED,2026-08-22T00:00:00Z,8.9,kn
ZONE_D,WIND_SPEED,2026-08-23T00:00:00Z,8.4,kn
ZONE_D,WIND_SPEED,2026-08-24T00:00:00Z,7.4,kn
ZONE_D,WIND_SPEED,2026-08-25T00:00:00Z,9.7,kn
ZONE_D,WIND_SPEED,2026-08-26T00:00:00Z,9.9,kn
ZONE_D,WIND_SPEED,2026-08-27T00:00:00Z,11.0,kn
ZONE_D,WIND_SPEED,2026-08-28T00:00:00Z,9.8,kn
ZONE_D,WIND_SPEED,2026-08-29T00:00:00Z,11.1,kn
ZONE_D,WIND_SPEED,2026-08-30T00:00:00Z,9.6,kn
ZONE_D,WIND_SPEED,2026-08-31T00:00:00Z,8.3,kn
ZONE_D,WIND_SPEED,2026-09-01T00:00:00Z,8.6,kn
ZONE_D,WIND_SPEED,2026-09-02T00:00:00Z,9.0,kn
ZONE_D,WIND_SPEED,2026-09-03T00:00:00Z,9.7,kn
ZONE_D,WIND_SPEED,2026-09-04T00:00:00Z,10.1,kn
ZONE_D,WIND_SPEED,2026-09-05T00:00:00Z,9.7,kn
ZONE_D,WIND_SPEED,2026-09-06T00:00:00Z,8.0,kn
ZONE_D,WIND_SPEED,2026-09-07T00:00:00Z,8.7,kn
ZONE_D,WIND_SPEED,2026-09-08T00:00:00Z,8.4,kn
ZONE_D,WIND_SPEED,2026-09-09T00:00:00Z,10.7,kn
ZONE_D,WIND_SPEED,2026-09-10T00:00:00Z,9.7,kn
ZONE_D,SIGNIFICANT_WAVE_HEIGHT,2026-06-13T00:00:00Z,1.89,m
ZONE_D,SIGNIFICANT_WAVE_HEIGHT,2026-06-14T00:00:00Z,2.09,m
ZONE_D,SIGNIFICANT_WAVE_HEIGHT,2026-06-15T00:00:00Z,2.11,m
ZONE_D,SIGNIFICANT_WAVE_HEIGHT,2026-06-16T00:00:00Z,2.01,m
ZONE_D,SIGNIFICANT_WAVE_HEIGHT,2026-06-17T00:00:00Z,2.08,m
ZONE_D,SIGNIFICANT_WAVE_HEIGHT,2026-06-18T00:00:00Z,2.0,m
ZONE_D,SIGNIFICANT_WAVE_HEIGHT,2026-06-19T00:00:00Z,1.79,m
ZONE_D,SIGNIFICANT_WAVE_HEIGHT,2026-06-20T00:00:00Z,1.82,m
ZONE_D,SIGNIFICANT_WAVE_HEIGHT,2026-06-21T00:00:00Z,1.97,m
ZONE_D,SIGNIFICANT_WAVE_HEIGHT,2026-06-22T00:00:00Z,2.02,m
ZONE_D,SIGNIFICANT_WAVE_HEIGHT,2026-06-23T00:00:00Z,2.0,m
ZONE_D,SIGNIFICANT_WAVE_HEIGHT,2026-06-24T00:00:00Z,2.09,m
ZONE_D,SIGNIFICANT_WAVE_HEIGHT,2026-06-25T00:00:00Z,2.28,m
ZONE_D,SIGNIFICANT_WAVE_HEIGHT,2026-06-26T00:00:00Z,1.88,m
ZONE_D,SIGNIFICANT_WAVE_HEIGHT,2026-06-27T00:00:00Z,1.69,m
ZONE_D,SIGNIFICANT_WAVE_HEIGHT,2026-06-28T00:00:00Z,1.96,m
ZONE_D,SIGNIFICANT_WAVE_HEIGHT,2026-06-29T00:00:00Z,2.03,m
ZONE_D,SIGNIFICANT_WAVE_HEIGHT,2026-06-30T00:00:00Z,1.88,m
ZONE_D,SIGNIFICANT_WAVE_HEIGHT,2026-07-01T00:00:00Z,1.87,m
ZONE_D,SIGNIFICANT_WAVE_HEIGHT,2026-07-02T00:00:00Z,2.1,m
ZONE_D,SIGNIFICANT_WAVE_HEIGHT,2026-07-03T00:00:00Z,2.3,m
ZONE_D,SIGNIFICANT_WAVE_HEIGHT,2026-07-04T00:00:00Z,2.12,m
ZONE_D,SIGNIFICANT_WAVE_HEIGHT,2026-07-05T00:00:00Z,2.36,m
ZONE_D,SIGNIFICANT_WAVE_HEIGHT,2026-07-06T00:00:00Z,2.18,m
ZONE_D,SIGNIFICANT_WAVE_HEIGHT,2026-07-07T00:00:00Z,2.07,m
ZONE_D,SIGNIFICANT_WAVE_HEIGHT,2026-07-08T00:00:00Z,2.14,m
ZONE_D,SIGNIFICANT_WAVE_HEIGHT,2026-07-09T00:00:00Z,1.91,m
ZONE_D,SIGNIFICANT_WAVE_HEIGHT,2026-07-10T00:00:00Z,2.02,m
ZONE_D,SIGNIFICANT_WAVE_HEIGHT,2026-07-11T00:00:00Z,2.11,m
ZONE_D,SIGNIFICANT_WAVE_HEIGHT,2026-07-12T00:00:00Z,1.92,m
ZONE_D,SIGNIFICANT_WAVE_HEIGHT,2026-07-13T00:00:00Z,1.93,m
ZONE_D,SIGNIFICANT_WAVE_HEIGHT,2026-07-14T00:00:00Z,2.13,m
ZONE_D,SIGNIFICANT_WAVE_HEIGHT,2026-07-15T00:00:00Z,2.1,m
ZONE_D,SIGNIFICANT_WAVE_HEIGHT,2026-07-16T00:00:00Z,2.14,m
ZONE_D,SIGNIFICANT_WAVE_HEIGHT,2026-07-17T00:00:00Z,2.11,m
ZONE_D,SIGNIFICANT_WAVE_HEIGHT,2026-07-18T00:00:00Z,1.96,m
ZONE_D,SIGNIFICANT_WAVE_HEIGHT,2026-07-19T00:00:00Z,1.94,m
ZONE_D,SIGNIFICANT_WAVE_HEIGHT,2026-07-20T00:00:00Z,1.7,m
ZONE_D,SIGNIFICANT_WAVE_HEIGHT,2026-07-21T00:00:00Z,1.88,m
ZONE_D,SIGNIFICANT_WAVE_HEIGHT,2026-07-22T00:00:00Z,2.0,m
ZONE_D,SIGNIFICANT_WAVE_HEIGHT,2026-07-23T00:00:00Z,2.06,m
ZONE_D,SIGNIFICANT_WAVE_HEIGHT,2026-07-24T00:00:00Z,2.13,m
ZONE_D,SIGNIFICANT_WAVE_HEIGHT,2026-07-25T00:00:00Z,1.88,m
ZONE_D,SIGNIFICANT_WAVE_HEIGHT,2026-07-26T00:00:00Z,2.04,m
ZONE_D,SIGNIFICANT_WAVE_HEIGHT,2026-07-27T00:00:00Z,1.8,m
ZONE_D,SIGNIFICANT_WAVE_HEIGHT,2026-07-28T00:00:00Z,1.66,m
ZONE_D,SIGNIFICANT_WAVE_HEIGHT,2026-07-29T00:00:00Z,2.03,m
ZONE_D,SIGNIFICANT_WAVE_HEIGHT,2026-07-30T00:00:00Z,1.77,m
ZONE_D,SIGNIFICANT_WAVE_HEIGHT,2026-07-31T00:00:00Z,1.92,m
ZONE_D,SIGNIFICANT_WAVE_HEIGHT,2026-08-01T00:00:00Z,2.02,m
ZONE_D,SIGNIFICANT_WAVE_HEIGHT,2026-08-02T00:00:00Z,1.78,m
ZONE_D,SIGNIFICANT_WAVE_HEIGHT,2026-08-03T00:00:00Z,1.65,m
ZONE_D,SIGNIFICANT_WAVE_HEIGHT,2026-08-04T00:00:00Z,1.37,m
ZONE_D,SIGNIFICANT_WAVE_HEIGHT,2026-08-05T00:00:00Z,1.55,m
ZONE_D,SIGNIFICANT_WAVE_HEIGHT,2026-08-06T00:00:00Z,1.53,m
ZONE_D,SIGNIFICANT_WAVE_HEIGHT,2026-08-07T00:00:00Z,1.51,m
ZONE_D,SIGNIFICANT_WAVE_HEIGHT,2026-08-08T00:00:00Z,1.28,m
ZONE_D,SIGNIFICANT_WAVE_HEIGHT,2026-08-09T00:00:00Z,1.52,m
ZONE_D,SIGNIFICANT_WAVE_HEIGHT,2026-08-10T00:00:00Z,1.43,m
ZONE_D,SIGNIFICANT_WAVE_HEIGHT,2026-08-11T00:00:00Z,1.48,m
ZONE_D,SIGNIFICANT_WAVE_HEIGHT,2026-08-12T00:00:00Z,1.6,m
ZONE_D,SIGNIFICANT_WAVE_HEIGHT,2026-08-13T00:00:00Z,1.72,m
ZONE_D,SIGNIFICANT_WAVE_HEIGHT,2026-08-14T00:00:00Z,1.8,m
ZONE_D,SIGNIFICANT_WAVE_HEIGHT,2026-08-15T00:00:00Z,1.71,m
ZONE_D,SIGNIFICANT_WAVE_HEIGHT,2026-08-16T00:00:00Z,1.62,m
ZONE_D,SIGNIFICANT_WAVE_HEIGHT,2026-08-17T00:00:00Z,1.88,m
ZONE_D,SIGNIFICANT_WAVE_HEIGHT,2026-08-18T00:00:00Z,1.85,m
ZONE_D,SIGNIFICANT_WAVE_HEIGHT,2026-08-19T00:00:00Z,1.99,m
ZONE_D,SIGNIFICANT_WAVE_HEIGHT,2026-08-20T00:00:00Z,1.91,m
ZONE_D,SIGNIFICANT_WAVE_HEIGHT,2026-08-21T00:00:00Z,1.76,m
ZONE_D,SIGNIFICANT_WAVE_HEIGHT,2026-08-22T00:00:00Z,1.52,m
ZONE_D,SIGNIFICANT_WAVE_HEIGHT,2026-08-23T00:00:00Z,1.4,m
ZONE_D,SIGNIFICANT_WAVE_HEIGHT,2026-08-24T00:00:00Z,1.39,m
ZONE_D,SIGNIFICANT_WAVE_HEIGHT,2026-08-25T00:00:00Z,0.88,m
ZONE_D,SIGNIFICANT_WAVE_HEIGHT,2026-08-26T00:00:00Z,1.1,m
ZONE_D,SIGNIFICANT_WAVE_HEIGHT,2026-08-27T00:00:00Z,1.2,m
ZONE_D,SIGNIFICANT_WAVE_HEIGHT,2026-08-28T00:00:00Z,1.19,m
ZONE_D,SIGNIFICANT_WAVE_HEIGHT,2026-08-29T00:00:00Z,1.04,m
ZONE_D,SIGNIFICANT_WAVE_HEIGHT,2026-08-30T00:00:00Z,0.88,m
ZONE_D,SIGNIFICANT_WAVE_HEIGHT,2026-08-31T00:00:00Z,1.07,m
ZONE_D,SIGNIFICANT_WAVE_HEIGHT,2026-09-01T00:00:00Z,0.97,m
ZONE_D,SIGNIFICANT_WAVE_HEIGHT,2026-09-02T00:00:00Z,1.11,m
ZONE_D,SIGNIFICANT_WAVE_HEIGHT,2026-09-03T00:00:00Z,1.17,m
ZONE_D,SIGNIFICANT_WAVE_HEIGHT,2026-09-04T00:00:00Z,0.92,m
ZONE_D,SIGNIFICANT_WAVE_HEIGHT,2026-09-05T00:00:00Z,0.99,m
ZONE_D,SIGNIFICANT_WAVE_HEIGHT,2026-09-06T00:00:00Z,1.37,m
ZONE_D,SIGNIFICANT_WAVE_HEIGHT,2026-09-07T00:00:00Z,1.28,m
ZONE_D,SIGNIFICANT_WAVE_HEIGHT,2026-09-08T00:00:00Z,1.62,m
ZONE_D,SIGNIFICANT_WAVE_HEIGHT,2026-09-09T00:00:00Z,1.4,m
ZONE_D,SIGNIFICANT_WAVE_HEIGHT,2026-09-10T00:00:00Z,1.31,m
ZONE_E,SST,2026-06-13T00:00:00Z,28.57,degC
ZONE_E,SST,2026-06-14T00:00:00Z,28.44,degC
ZONE_E,SST,2026-06-15T00:00:00Z,28.5,degC
ZONE_E,SST,2026-06-16T00:00:00Z,28.61,degC
ZONE_E,SST,2026-06-17T00:00:00Z,28.43,degC
ZONE_E,SST,2026-06-18T00:00:00Z,28.37,degC
ZONE_E,SST,2026-06-19T00:00:00Z,28.45,degC
ZONE_E,SST,2026-06-20T00:00:00Z,28.69,degC
ZONE_E,SST,2026-06-21T00:00:00Z,28.5,degC
ZONE_E,SST,2026-06-22T00:00:00Z,28.44,degC
ZONE_E,SST,2026-06-23T00:00:00Z,28.5,degC
ZONE_E,SST,2026-06-24T00:00:00Z,28.53,degC
ZONE_E,SST,2026-06-25T00:00:00Z,28.48,degC
ZONE_E,SST,2026-06-26T00:00:00Z,28.42,degC
ZONE_E,SST,2026-06-27T00:00:00Z,28.51,degC
ZONE_E,SST,2026-06-28T00:00:00Z,28.47,degC
ZONE_E,SST,2026-06-29T00:00:00Z,28.55,degC
ZONE_E,SST,2026-06-30T00:00:00Z,28.43,degC
ZONE_E,SST,2026-07-01T00:00:00Z,28.39,degC
ZONE_E,SST,2026-07-02T00:00:00Z,28.0,degC
ZONE_E,SST,2026-07-03T00:00:00Z,28.02,degC
ZONE_E,SST,2026-07-04T00:00:00Z,28.02,degC
ZONE_E,SST,2026-07-05T00:00:00Z,28.05,degC
ZONE_E,SST,2026-07-06T00:00:00Z,27.97,degC
ZONE_E,SST,2026-07-07T00:00:00Z,27.98,degC
ZONE_E,SST,2026-07-08T00:00:00Z,27.9,degC
ZONE_E,SST,2026-07-09T00:00:00Z,28.04,degC
ZONE_E,SST,2026-07-10T00:00:00Z,28.19,degC
ZONE_E,SST,2026-07-11T00:00:00Z,28.11,degC
ZONE_E,SST,2026-07-12T00:00:00Z,28.05,degC
ZONE_E,SST,2026-07-13T00:00:00Z,27.76,degC
ZONE_E,SST,2026-07-14T00:00:00Z,27.89,degC
ZONE_E,SST,2026-07-15T00:00:00Z,28.09,degC
ZONE_E,SST,2026-07-16T00:00:00Z,27.9,degC
ZONE_E,SST,2026-07-17T00:00:00Z,27.82,degC
ZONE_E,SST,2026-07-18T00:00:00Z,27.73,degC
ZONE_E,SST,2026-07-19T00:00:00Z,27.81,degC
ZONE_E,SST,2026-07-20T00:00:00Z,27.82,degC
ZONE_E,SST,2026-07-21T00:00:00Z,27.79,degC
ZONE_E,SST,2026-07-22T00:00:00Z,27.92,degC
ZONE_E,SST,2026-07-23T00:00:00Z,27.79,degC
ZONE_E,SST,2026-07-24T00:00:00Z,27.9,degC
ZONE_E,SST,2026-07-25T00:00:00Z,27.93,degC
ZONE_E,SST,2026-07-26T00:00:00Z,27.99,degC
ZONE_E,SST,2026-07-27T00:00:00Z,27.8,degC
ZONE_E,SST,2026-07-28T00:00:00Z,27.85,degC
ZONE_E,SST,2026-07-29T00:00:00Z,28.02,degC
ZONE_E,SST,2026-07-30T00:00:00Z,27.91,degC
ZONE_E,SST,2026-07-31T00:00:00Z,28.06,degC
ZONE_E,SST,2026-08-01T00:00:00Z,28.15,degC
ZONE_E,SST,2026-08-02T00:00:00Z,28.1,degC
ZONE_E,SST,2026-08-03T00:00:00Z,28.14,degC
ZONE_E,SST,2026-08-04T00:00:00Z,29.0,degC
ZONE_E,SST,2026-08-05T00:00:00Z,29.12,degC
ZONE_E,SST,2026-08-06T00:00:00Z,29.05,degC
ZONE_E,SST,2026-08-07T00:00:00Z,29.07,degC
ZONE_E,SST,2026-08-08T00:00:00Z,29.13,degC
ZONE_E,SST,2026-08-09T00:00:00Z,27.87,degC
ZONE_E,SST,2026-08-10T00:00:00Z,27.83,degC
ZONE_E,SST,2026-08-11T00:00:00Z,28.03,degC
ZONE_E,SST,2026-08-12T00:00:00Z,27.98,degC
ZONE_E,SST,2026-08-13T00:00:00Z,28.05,degC
ZONE_E,SST,2026-08-14T00:00:00Z,27.81,degC
ZONE_E,SST,2026-08-15T00:00:00Z,27.91,degC
ZONE_E,SST,2026-08-16T00:00:00Z,28.07,degC
ZONE_E,SST,2026-08-17T00:00:00Z,28.09,degC
ZONE_E,SST,2026-08-18T00:00:00Z,28.1,degC
ZONE_E,SST,2026-08-19T00:00:00Z,28.33,degC
ZONE_E,SST,2026-08-20T00:00:00Z,28.31,degC
ZONE_E,SST,2026-08-21T00:00:00Z,28.45,degC
ZONE_E,SST,2026-08-22T00:00:00Z,28.37,degC
ZONE_E,SST,2026-08-23T00:00:00Z,28.35,degC
ZONE_E,SST,2026-08-24T00:00:00Z,28.19,degC
ZONE_E,SST,2026-08-25T00:00:00Z,28.54,degC
ZONE_E,SST,2026-08-26T00:00:00Z,28.34,degC
ZONE_E,SST,2026-08-27T00:00:00Z,28.52,degC
ZONE_E,SST,2026-08-28T00:00:00Z,28.58,degC
ZONE_E,SST,2026-08-29T00:00:00Z,28.77,degC
ZONE_E,SST,2026-08-30T00:00:00Z,28.87,degC
ZONE_E,SST,2026-08-31T00:00:00Z,28.94,degC
ZONE_E,SST,2026-09-01T00:00:00Z,28.86,degC
ZONE_E,SST,2026-09-02T00:00:00Z,28.99,degC
ZONE_E,SST,2026-09-03T00:00:00Z,28.82,degC
ZONE_E,SST,2026-09-04T00:00:00Z,28.98,degC
ZONE_E,SST,2026-09-05T00:00:00Z,28.91,degC
ZONE_E,SST,2026-09-06T00:00:00Z,28.97,degC
ZONE_E,SST,2026-09-07T00:00:00Z,28.99,degC
ZONE_E,SST,2026-09-08T00:00:00Z,28.85,degC
ZONE_E,SST,2026-09-09T00:00:00Z,28.91,degC
ZONE_E,SST,2026-09-10T00:00:00Z,29.13,degC
ZONE_E,CHLOROPHYLL_A,2026-06-13T00:00:00Z,2.821,mg/m3
ZONE_E,CHLOROPHYLL_A,2026-06-14T00:00:00Z,2.379,mg/m3
ZONE_E,CHLOROPHYLL_A,2026-06-15T00:00:00Z,2.474,mg/m3
ZONE_E,CHLOROPHYLL_A,2026-06-16T00:00:00Z,3.521,mg/m3
ZONE_E,CHLOROPHYLL_A,2026-06-17T00:00:00Z,,mg/m3
ZONE_E,CHLOROPHYLL_A,2026-06-18T00:00:00Z,2.828,mg/m3
ZONE_E,CHLOROPHYLL_A,2026-06-19T00:00:00Z,3.412,mg/m3
ZONE_E,CHLOROPHYLL_A,2026-06-20T00:00:00Z,4.271,mg/m3
ZONE_E,CHLOROPHYLL_A,2026-06-21T00:00:00Z,2.995,mg/m3
ZONE_E,CHLOROPHYLL_A,2026-06-22T00:00:00Z,2.468,mg/m3
ZONE_E,CHLOROPHYLL_A,2026-06-23T00:00:00Z,4.048,mg/m3
ZONE_E,CHLOROPHYLL_A,2026-06-24T00:00:00Z,3.446,mg/m3
ZONE_E,CHLOROPHYLL_A,2026-06-25T00:00:00Z,3.322,mg/m3
ZONE_E,CHLOROPHYLL_A,2026-06-26T00:00:00Z,2.902,mg/m3
ZONE_E,CHLOROPHYLL_A,2026-06-27T00:00:00Z,3.721,mg/m3
ZONE_E,CHLOROPHYLL_A,2026-06-28T00:00:00Z,4.245,mg/m3
ZONE_E,CHLOROPHYLL_A,2026-06-29T00:00:00Z,4.514,mg/m3
ZONE_E,CHLOROPHYLL_A,2026-06-30T00:00:00Z,,mg/m3
ZONE_E,CHLOROPHYLL_A,2026-07-01T00:00:00Z,2.777,mg/m3
ZONE_E,CHLOROPHYLL_A,2026-07-02T00:00:00Z,4.502,mg/m3
ZONE_E,CHLOROPHYLL_A,2026-07-03T00:00:00Z,4.116,mg/m3
ZONE_E,CHLOROPHYLL_A,2026-07-04T00:00:00Z,,mg/m3
ZONE_E,CHLOROPHYLL_A,2026-07-05T00:00:00Z,3.951,mg/m3
ZONE_E,CHLOROPHYLL_A,2026-07-06T00:00:00Z,,mg/m3
ZONE_E,CHLOROPHYLL_A,2026-07-07T00:00:00Z,2.723,mg/m3
ZONE_E,CHLOROPHYLL_A,2026-07-08T00:00:00Z,3.08,mg/m3
ZONE_E,CHLOROPHYLL_A,2026-07-09T00:00:00Z,4.535,mg/m3
ZONE_E,CHLOROPHYLL_A,2026-07-10T00:00:00Z,,mg/m3
ZONE_E,CHLOROPHYLL_A,2026-07-11T00:00:00Z,,mg/m3
ZONE_E,CHLOROPHYLL_A,2026-07-12T00:00:00Z,3.592,mg/m3
ZONE_E,CHLOROPHYLL_A,2026-07-13T00:00:00Z,2.124,mg/m3
ZONE_E,CHLOROPHYLL_A,2026-07-14T00:00:00Z,2.387,mg/m3
ZONE_E,CHLOROPHYLL_A,2026-07-15T00:00:00Z,2.377,mg/m3
ZONE_E,CHLOROPHYLL_A,2026-07-16T00:00:00Z,3.13,mg/m3
ZONE_E,CHLOROPHYLL_A,2026-07-17T00:00:00Z,,mg/m3
ZONE_E,CHLOROPHYLL_A,2026-07-18T00:00:00Z,1.891,mg/m3
ZONE_E,CHLOROPHYLL_A,2026-07-19T00:00:00Z,1.821,mg/m3
ZONE_E,CHLOROPHYLL_A,2026-07-20T00:00:00Z,2.286,mg/m3
ZONE_E,CHLOROPHYLL_A,2026-07-21T00:00:00Z,2.288,mg/m3
ZONE_E,CHLOROPHYLL_A,2026-07-22T00:00:00Z,2.777,mg/m3
ZONE_E,CHLOROPHYLL_A,2026-07-23T00:00:00Z,2.465,mg/m3
ZONE_E,CHLOROPHYLL_A,2026-07-24T00:00:00Z,,mg/m3
ZONE_E,CHLOROPHYLL_A,2026-07-25T00:00:00Z,,mg/m3
ZONE_E,CHLOROPHYLL_A,2026-07-26T00:00:00Z,1.795,mg/m3
ZONE_E,CHLOROPHYLL_A,2026-07-27T00:00:00Z,2.268,mg/m3
ZONE_E,CHLOROPHYLL_A,2026-07-28T00:00:00Z,2.896,mg/m3
ZONE_E,CHLOROPHYLL_A,2026-07-29T00:00:00Z,1.934,mg/m3
ZONE_E,CHLOROPHYLL_A,2026-07-30T00:00:00Z,,mg/m3
ZONE_E,CHLOROPHYLL_A,2026-07-31T00:00:00Z,2.429,mg/m3
ZONE_E,CHLOROPHYLL_A,2026-08-01T00:00:00Z,2.138,mg/m3
ZONE_E,CHLOROPHYLL_A,2026-08-02T00:00:00Z,2.092,mg/m3
ZONE_E,CHLOROPHYLL_A,2026-08-03T00:00:00Z,2.587,mg/m3
ZONE_E,CHLOROPHYLL_A,2026-08-04T00:00:00Z,,mg/m3
ZONE_E,CHLOROPHYLL_A,2026-08-05T00:00:00Z,4.232,mg/m3
ZONE_E,CHLOROPHYLL_A,2026-08-06T00:00:00Z,,mg/m3
ZONE_E,CHLOROPHYLL_A,2026-08-07T00:00:00Z,3.498,mg/m3
ZONE_E,CHLOROPHYLL_A,2026-08-08T00:00:00Z,3.387,mg/m3
ZONE_E,CHLOROPHYLL_A,2026-08-09T00:00:00Z,3.144,mg/m3
ZONE_E,CHLOROPHYLL_A,2026-08-10T00:00:00Z,2.13,mg/m3
ZONE_E,CHLOROPHYLL_A,2026-08-11T00:00:00Z,,mg/m3
ZONE_E,CHLOROPHYLL_A,2026-08-12T00:00:00Z,2.59,mg/m3
ZONE_E,CHLOROPHYLL_A,2026-08-13T00:00:00Z,1.842,mg/m3
ZONE_E,CHLOROPHYLL_A,2026-08-14T00:00:00Z,1.497,mg/m3
ZONE_E,CHLOROPHYLL_A,2026-08-15T00:00:00Z,1.227,mg/m3
ZONE_E,CHLOROPHYLL_A,2026-08-16T00:00:00Z,2.005,mg/m3
ZONE_E,CHLOROPHYLL_A,2026-08-17T00:00:00Z,1.81,mg/m3
ZONE_E,CHLOROPHYLL_A,2026-08-18T00:00:00Z,1.564,mg/m3
ZONE_E,CHLOROPHYLL_A,2026-08-19T00:00:00Z,,mg/m3
ZONE_E,CHLOROPHYLL_A,2026-08-20T00:00:00Z,2.007,mg/m3
ZONE_E,CHLOROPHYLL_A,2026-08-21T00:00:00Z,2.011,mg/m3
ZONE_E,CHLOROPHYLL_A,2026-08-22T00:00:00Z,,mg/m3
ZONE_E,CHLOROPHYLL_A,2026-08-23T00:00:00Z,1.381,mg/m3
ZONE_E,CHLOROPHYLL_A,2026-08-24T00:00:00Z,1.404,mg/m3
ZONE_E,CHLOROPHYLL_A,2026-08-25T00:00:00Z,,mg/m3
ZONE_E,CHLOROPHYLL_A,2026-08-26T00:00:00Z,1.274,mg/m3
ZONE_E,CHLOROPHYLL_A,2026-08-27T00:00:00Z,1.354,mg/m3
ZONE_E,CHLOROPHYLL_A,2026-08-28T00:00:00Z,1.925,mg/m3
ZONE_E,CHLOROPHYLL_A,2026-08-29T00:00:00Z,2.198,mg/m3
ZONE_E,CHLOROPHYLL_A,2026-08-30T00:00:00Z,2.616,mg/m3
ZONE_E,CHLOROPHYLL_A,2026-08-31T00:00:00Z,2.105,mg/m3
ZONE_E,CHLOROPHYLL_A,2026-09-01T00:00:00Z,1.906,mg/m3
ZONE_E,CHLOROPHYLL_A,2026-09-02T00:00:00Z,2.097,mg/m3
ZONE_E,CHLOROPHYLL_A,2026-09-03T00:00:00Z,2.136,mg/m3
ZONE_E,CHLOROPHYLL_A,2026-09-04T00:00:00Z,,mg/m3
ZONE_E,CHLOROPHYLL_A,2026-09-05T00:00:00Z,2.389,mg/m3
ZONE_E,CHLOROPHYLL_A,2026-09-06T00:00:00Z,1.656,mg/m3
ZONE_E,CHLOROPHYLL_A,2026-09-07T00:00:00Z,,mg/m3
ZONE_E,CHLOROPHYLL_A,2026-09-08T00:00:00Z,1.655,mg/m3
ZONE_E,CHLOROPHYLL_A,2026-09-09T00:00:00Z,,mg/m3
ZONE_E,CHLOROPHYLL_A,2026-09-10T00:00:00Z,1.334,mg/m3
ZONE_E,WIND_SPEED,2026-06-13T00:00:00Z,25.9,kn
ZONE_E,WIND_SPEED,2026-06-14T00:00:00Z,24.9,kn
ZONE_E,WIND_SPEED,2026-06-15T00:00:00Z,25.4,kn
ZONE_E,WIND_SPEED,2026-06-16T00:00:00Z,24.1,kn
ZONE_E,WIND_SPEED,2026-06-17T00:00:00Z,23.7,kn
ZONE_E,WIND_SPEED,2026-06-18T00:00:00Z,24.5,kn
ZONE_E,WIND_SPEED,2026-06-19T00:00:00Z,24.2,kn
ZONE_E,WIND_SPEED,2026-06-20T00:00:00Z,21.5,kn
ZONE_E,WIND_SPEED,2026-06-21T00:00:00Z,20.2,kn
ZONE_E,WIND_SPEED,2026-06-22T00:00:00Z,18.3,kn
ZONE_E,WIND_SPEED,2026-06-23T00:00:00Z,19.1,kn
ZONE_E,WIND_SPEED,2026-06-24T00:00:00Z,21.0,kn
ZONE_E,WIND_SPEED,2026-06-25T00:00:00Z,17.7,kn
ZONE_E,WIND_SPEED,2026-06-26T00:00:00Z,19.8,kn
ZONE_E,WIND_SPEED,2026-06-27T00:00:00Z,20.6,kn
ZONE_E,WIND_SPEED,2026-06-28T00:00:00Z,20.4,kn
ZONE_E,WIND_SPEED,2026-06-29T00:00:00Z,17.7,kn
ZONE_E,WIND_SPEED,2026-06-30T00:00:00Z,20.4,kn
ZONE_E,WIND_SPEED,2026-07-01T00:00:00Z,21.6,kn
ZONE_E,WIND_SPEED,2026-07-02T00:00:00Z,25.5,kn
ZONE_E,WIND_SPEED,2026-07-03T00:00:00Z,25.1,kn
ZONE_E,WIND_SPEED,2026-07-04T00:00:00Z,23.4,kn
ZONE_E,WIND_SPEED,2026-07-05T00:00:00Z,24.4,kn
ZONE_E,WIND_SPEED,2026-07-06T00:00:00Z,25.0,kn
ZONE_E,WIND_SPEED,2026-07-07T00:00:00Z,27.1,kn
ZONE_E,WIND_SPEED,2026-07-08T00:00:00Z,27.0,kn
ZONE_E,WIND_SPEED,2026-07-09T00:00:00Z,25.4,kn
ZONE_E,WIND_SPEED,2026-07-10T00:00:00Z,25.3,kn
ZONE_E,WIND_SPEED,2026-07-11T00:00:00Z,24.8,kn
ZONE_E,WIND_SPEED,2026-07-12T00:00:00Z,24.6,kn
ZONE_E,WIND_SPEED,2026-07-13T00:00:00Z,23.3,kn
ZONE_E,WIND_SPEED,2026-07-14T00:00:00Z,25.5,kn
ZONE_E,WIND_SPEED,2026-07-15T00:00:00Z,24.2,kn
ZONE_E,WIND_SPEED,2026-07-16T00:00:00Z,24.0,kn
ZONE_E,WIND_SPEED,2026-07-17T00:00:00Z,23.6,kn
ZONE_E,WIND_SPEED,2026-07-18T00:00:00Z,22.5,kn
ZONE_E,WIND_SPEED,2026-07-19T00:00:00Z,21.1,kn
ZONE_E,WIND_SPEED,2026-07-20T00:00:00Z,19.2,kn
ZONE_E,WIND_SPEED,2026-07-21T00:00:00Z,18.3,kn
ZONE_E,WIND_SPEED,2026-07-22T00:00:00Z,16.3,kn
ZONE_E,WIND_SPEED,2026-07-23T00:00:00Z,19.1,kn
ZONE_E,WIND_SPEED,2026-07-24T00:00:00Z,19.5,kn
ZONE_E,WIND_SPEED,2026-07-25T00:00:00Z,21.2,kn
ZONE_E,WIND_SPEED,2026-07-26T00:00:00Z,20.3,kn
ZONE_E,WIND_SPEED,2026-07-27T00:00:00Z,21.2,kn
ZONE_E,WIND_SPEED,2026-07-28T00:00:00Z,21.9,kn
ZONE_E,WIND_SPEED,2026-07-29T00:00:00Z,20.6,kn
ZONE_E,WIND_SPEED,2026-07-30T00:00:00Z,21.7,kn
ZONE_E,WIND_SPEED,2026-07-31T00:00:00Z,20.1,kn
ZONE_E,WIND_SPEED,2026-08-01T00:00:00Z,21.1,kn
ZONE_E,WIND_SPEED,2026-08-02T00:00:00Z,20.2,kn
ZONE_E,WIND_SPEED,2026-08-03T00:00:00Z,23.0,kn
ZONE_E,WIND_SPEED,2026-08-04T00:00:00Z,22.5,kn
ZONE_E,WIND_SPEED,2026-08-05T00:00:00Z,20.9,kn
ZONE_E,WIND_SPEED,2026-08-06T00:00:00Z,21.4,kn
ZONE_E,WIND_SPEED,2026-08-07T00:00:00Z,21.8,kn
ZONE_E,WIND_SPEED,2026-08-08T00:00:00Z,19.0,kn
ZONE_E,WIND_SPEED,2026-08-09T00:00:00Z,15.4,kn
ZONE_E,WIND_SPEED,2026-08-10T00:00:00Z,17.5,kn
ZONE_E,WIND_SPEED,2026-08-11T00:00:00Z,20.2,kn
ZONE_E,WIND_SPEED,2026-08-12T00:00:00Z,19.7,kn
ZONE_E,WIND_SPEED,2026-08-13T00:00:00Z,20.2,kn
ZONE_E,WIND_SPEED,2026-08-14T00:00:00Z,19.2,kn
ZONE_E,WIND_SPEED,2026-08-15T00:00:00Z,18.8,kn
ZONE_E,WIND_SPEED,2026-08-16T00:00:00Z,17.5,kn
ZONE_E,WIND_SPEED,2026-08-17T00:00:00Z,16.3,kn
ZONE_E,WIND_SPEED,2026-08-18T00:00:00Z,17.0,kn
ZONE_E,WIND_SPEED,2026-08-19T00:00:00Z,18.8,kn
ZONE_E,WIND_SPEED,2026-08-20T00:00:00Z,22.6,kn
ZONE_E,WIND_SPEED,2026-08-21T00:00:00Z,20.3,kn
ZONE_E,WIND_SPEED,2026-08-22T00:00:00Z,19.2,kn
ZONE_E,WIND_SPEED,2026-08-23T00:00:00Z,20.9,kn
ZONE_E,WIND_SPEED,2026-08-24T00:00:00Z,20.5,kn
ZONE_E,WIND_SPEED,2026-08-25T00:00:00Z,20.0,kn
ZONE_E,WIND_SPEED,2026-08-26T00:00:00Z,19.0,kn
ZONE_E,WIND_SPEED,2026-08-27T00:00:00Z,19.2,kn
ZONE_E,WIND_SPEED,2026-08-28T00:00:00Z,19.1,kn
ZONE_E,WIND_SPEED,2026-08-29T00:00:00Z,16.4,kn
ZONE_E,WIND_SPEED,2026-08-30T00:00:00Z,14.8,kn
ZONE_E,WIND_SPEED,2026-08-31T00:00:00Z,17.1,kn
ZONE_E,WIND_SPEED,2026-09-01T00:00:00Z,14.6,kn
ZONE_E,WIND_SPEED,2026-09-02T00:00:00Z,17.2,kn
ZONE_E,WIND_SPEED,2026-09-03T00:00:00Z,18.5,kn
ZONE_E,WIND_SPEED,2026-09-04T00:00:00Z,17.0,kn
ZONE_E,WIND_SPEED,2026-09-05T00:00:00Z,15.5,kn
ZONE_E,WIND_SPEED,2026-09-06T00:00:00Z,19.0,kn
ZONE_E,WIND_SPEED,2026-09-07T00:00:00Z,17.9,kn
ZONE_E,WIND_SPEED,2026-09-08T00:00:00Z,17.8,kn
ZONE_E,WIND_SPEED,2026-09-09T00:00:00Z,18.3,kn
ZONE_E,WIND_SPEED,2026-09-10T00:00:00Z,16.3,kn
ZONE_E,SIGNIFICANT_WAVE_HEIGHT,2026-06-13T00:00:00Z,3.19,m
ZONE_E,SIGNIFICANT_WAVE_HEIGHT,2026-06-14T00:00:00Z,3.33,m
ZONE_E,SIGNIFICANT_WAVE_HEIGHT,2026-06-15T00:00:00Z,3.48,m
ZONE_E,SIGNIFICANT_WAVE_HEIGHT,2026-06-16T00:00:00Z,3.43,m
ZONE_E,SIGNIFICANT_WAVE_HEIGHT,2026-06-17T00:00:00Z,3.4,m
ZONE_E,SIGNIFICANT_WAVE_HEIGHT,2026-06-18T00:00:00Z,3.17,m
ZONE_E,SIGNIFICANT_WAVE_HEIGHT,2026-06-19T00:00:00Z,3.25,m
ZONE_E,SIGNIFICANT_WAVE_HEIGHT,2026-06-20T00:00:00Z,3.33,m
ZONE_E,SIGNIFICANT_WAVE_HEIGHT,2026-06-21T00:00:00Z,3.15,m
ZONE_E,SIGNIFICANT_WAVE_HEIGHT,2026-06-22T00:00:00Z,3.14,m
ZONE_E,SIGNIFICANT_WAVE_HEIGHT,2026-06-23T00:00:00Z,2.94,m
ZONE_E,SIGNIFICANT_WAVE_HEIGHT,2026-06-24T00:00:00Z,2.82,m
ZONE_E,SIGNIFICANT_WAVE_HEIGHT,2026-06-25T00:00:00Z,3.01,m
ZONE_E,SIGNIFICANT_WAVE_HEIGHT,2026-06-26T00:00:00Z,3.03,m
ZONE_E,SIGNIFICANT_WAVE_HEIGHT,2026-06-27T00:00:00Z,3.02,m
ZONE_E,SIGNIFICANT_WAVE_HEIGHT,2026-06-28T00:00:00Z,2.8,m
ZONE_E,SIGNIFICANT_WAVE_HEIGHT,2026-06-29T00:00:00Z,2.72,m
ZONE_E,SIGNIFICANT_WAVE_HEIGHT,2026-06-30T00:00:00Z,2.9,m
ZONE_E,SIGNIFICANT_WAVE_HEIGHT,2026-07-01T00:00:00Z,2.93,m
ZONE_E,SIGNIFICANT_WAVE_HEIGHT,2026-07-02T00:00:00Z,2.9,m
ZONE_E,SIGNIFICANT_WAVE_HEIGHT,2026-07-03T00:00:00Z,3.04,m
ZONE_E,SIGNIFICANT_WAVE_HEIGHT,2026-07-04T00:00:00Z,2.84,m
ZONE_E,SIGNIFICANT_WAVE_HEIGHT,2026-07-05T00:00:00Z,3.14,m
ZONE_E,SIGNIFICANT_WAVE_HEIGHT,2026-07-06T00:00:00Z,2.96,m
ZONE_E,SIGNIFICANT_WAVE_HEIGHT,2026-07-07T00:00:00Z,2.63,m
ZONE_E,SIGNIFICANT_WAVE_HEIGHT,2026-07-08T00:00:00Z,2.88,m
ZONE_E,SIGNIFICANT_WAVE_HEIGHT,2026-07-09T00:00:00Z,3.0,m
ZONE_E,SIGNIFICANT_WAVE_HEIGHT,2026-07-10T00:00:00Z,2.68,m
ZONE_E,SIGNIFICANT_WAVE_HEIGHT,2026-07-11T00:00:00Z,2.66,m
ZONE_E,SIGNIFICANT_WAVE_HEIGHT,2026-07-12T00:00:00Z,2.66,m
ZONE_E,SIGNIFICANT_WAVE_HEIGHT,2026-07-13T00:00:00Z,2.73,m
ZONE_E,SIGNIFICANT_WAVE_HEIGHT,2026-07-14T00:00:00Z,2.8,m
ZONE_E,SIGNIFICANT_WAVE_HEIGHT,2026-07-15T00:00:00Z,2.84,m
ZONE_E,SIGNIFICANT_WAVE_HEIGHT,2026-07-16T00:00:00Z,2.97,m
ZONE_E,SIGNIFICANT_WAVE_HEIGHT,2026-07-17T00:00:00Z,3.02,m
ZONE_E,SIGNIFICANT_WAVE_HEIGHT,2026-07-18T00:00:00Z,3.08,m
ZONE_E,SIGNIFICANT_WAVE_HEIGHT,2026-07-19T00:00:00Z,3.02,m
ZONE_E,SIGNIFICANT_WAVE_HEIGHT,2026-07-20T00:00:00Z,2.98,m
ZONE_E,SIGNIFICANT_WAVE_HEIGHT,2026-07-21T00:00:00Z,2.95,m
ZONE_E,SIGNIFICANT_WAVE_HEIGHT,2026-07-22T00:00:00Z,2.51,m
ZONE_E,SIGNIFICANT_WAVE_HEIGHT,2026-07-23T00:00:00Z,2.67,m
ZONE_E,SIGNIFICANT_WAVE_HEIGHT,2026-07-24T00:00:00Z,2.52,m
ZONE_E,SIGNIFICANT_WAVE_HEIGHT,2026-07-25T00:00:00Z,2.98,m
ZONE_E,SIGNIFICANT_WAVE_HEIGHT,2026-07-26T00:00:00Z,3.02,m
ZONE_E,SIGNIFICANT_WAVE_HEIGHT,2026-07-27T00:00:00Z,2.78,m
ZONE_E,SIGNIFICANT_WAVE_HEIGHT,2026-07-28T00:00:00Z,2.69,m
ZONE_E,SIGNIFICANT_WAVE_HEIGHT,2026-07-29T00:00:00Z,2.69,m
ZONE_E,SIGNIFICANT_WAVE_HEIGHT,2026-07-30T00:00:00Z,2.53,m
ZONE_E,SIGNIFICANT_WAVE_HEIGHT,2026-07-31T00:00:00Z,2.49,m
ZONE_E,SIGNIFICANT_WAVE_HEIGHT,2026-08-01T00:00:00Z,2.82,m
ZONE_E,SIGNIFICANT_WAVE_HEIGHT,2026-08-02T00:00:00Z,2.6,m
ZONE_E,SIGNIFICANT_WAVE_HEIGHT,2026-08-03T00:00:00Z,2.73,m
ZONE_E,SIGNIFICANT_WAVE_HEIGHT,2026-08-04T00:00:00Z,2.71,m
ZONE_E,SIGNIFICANT_WAVE_HEIGHT,2026-08-05T00:00:00Z,2.69,m
ZONE_E,SIGNIFICANT_WAVE_HEIGHT,2026-08-06T00:00:00Z,2.52,m
ZONE_E,SIGNIFICANT_WAVE_HEIGHT,2026-08-07T00:00:00Z,2.55,m
ZONE_E,SIGNIFICANT_WAVE_HEIGHT,2026-08-08T00:00:00Z,2.49,m
ZONE_E,SIGNIFICANT_WAVE_HEIGHT,2026-08-09T00:00:00Z,2.28,m
ZONE_E,SIGNIFICANT_WAVE_HEIGHT,2026-08-10T00:00:00Z,2.43,m
ZONE_E,SIGNIFICANT_WAVE_HEIGHT,2026-08-11T00:00:00Z,2.49,m
ZONE_E,SIGNIFICANT_WAVE_HEIGHT,2026-08-12T00:00:00Z,2.69,m
ZONE_E,SIGNIFICANT_WAVE_HEIGHT,2026-08-13T00:00:00Z,2.54,m
ZONE_E,SIGNIFICANT_WAVE_HEIGHT,2026-08-14T00:00:00Z,2.14,m
ZONE_E,SIGNIFICANT_WAVE_HEIGHT,2026-08-15T00:00:00Z,2.33,m
ZONE_E,SIGNIFICANT_WAVE_HEIGHT,2026-08-16T00:00:00Z,2.22,m
ZONE_E,SIGNIFICANT_WAVE_HEIGHT,2026-08-17T00:00:00Z,2.09,m
ZONE_E,SIGNIFICANT_WAVE_HEIGHT,2026-08-18T00:00:00Z,2.06,m
ZONE_E,SIGNIFICANT_WAVE_HEIGHT,2026-08-19T00:00:00Z,2.08,m
ZONE_E,SIGNIFICANT_WAVE_HEIGHT,2026-08-20T00:00:00Z,2.15,m
ZONE_E,SIGNIFICANT_WAVE_HEIGHT,2026-08-21T00:00:00Z,2.24,m
ZONE_E,SIGNIFICANT_WAVE_HEIGHT,2026-08-22T00:00:00Z,2.37,m
ZONE_E,SIGNIFICANT_WAVE_HEIGHT,2026-08-23T00:00:00Z,2.33,m
ZONE_E,SIGNIFICANT_WAVE_HEIGHT,2026-08-24T00:00:00Z,2.43,m
ZONE_E,SIGNIFICANT_WAVE_HEIGHT,2026-08-25T00:00:00Z,2.44,m
ZONE_E,SIGNIFICANT_WAVE_HEIGHT,2026-08-26T00:00:00Z,2.23,m
ZONE_E,SIGNIFICANT_WAVE_HEIGHT,2026-08-27T00:00:00Z,2.31,m
ZONE_E,SIGNIFICANT_WAVE_HEIGHT,2026-08-28T00:00:00Z,2.35,m
ZONE_E,SIGNIFICANT_WAVE_HEIGHT,2026-08-29T00:00:00Z,2.2,m
ZONE_E,SIGNIFICANT_WAVE_HEIGHT,2026-08-30T00:00:00Z,2.11,m
ZONE_E,SIGNIFICANT_WAVE_HEIGHT,2026-08-31T00:00:00Z,2.22,m
ZONE_E,SIGNIFICANT_WAVE_HEIGHT,2026-09-01T00:00:00Z,2.29,m
ZONE_E,SIGNIFICANT_WAVE_HEIGHT,2026-09-02T00:00:00Z,2.25,m
ZONE_E,SIGNIFICANT_WAVE_HEIGHT,2026-09-03T00:00:00Z,2.47,m
ZONE_E,SIGNIFICANT_WAVE_HEIGHT,2026-09-04T00:00:00Z,2.36,m
ZONE_E,SIGNIFICANT_WAVE_HEIGHT,2026-09-05T00:00:00Z,2.11,m
ZONE_E,SIGNIFICANT_WAVE_HEIGHT,2026-09-06T00:00:00Z,2.6,m
ZONE_E,SIGNIFICANT_WAVE_HEIGHT,2026-09-07T00:00:00Z,2.48,m
ZONE_E,SIGNIFICANT_WAVE_HEIGHT,2026-09-08T00:00:00Z,2.14,m
ZONE_E,SIGNIFICANT_WAVE_HEIGHT,2026-09-09T00:00:00Z,2.18,m
ZONE_E,SIGNIFICANT_WAVE_HEIGHT,2026-09-10T00:00:00Z,1.97,m
ZONE_F,SST,2026-06-13T00:00:00Z,27.97,degC
ZONE_F,SST,2026-06-14T00:00:00Z,28.1,degC
ZONE_F,SST,2026-06-15T00:00:00Z,28.04,degC
ZONE_F,SST,2026-06-16T00:00:00Z,27.95,degC
ZONE_F,SST,2026-06-17T00:00:00Z,28.05,degC
ZONE_F,SST,2026-06-18T00:00:00Z,28.12,degC
ZONE_F,SST,2026-06-19T00:00:00Z,28.07,degC
ZONE_F,SST,2026-06-20T00:00:00Z,27.94,degC
ZONE_F,SST,2026-06-21T00:00:00Z,27.81,degC
ZONE_F,SST,2026-06-22T00:00:00Z,27.81,degC
ZONE_F,SST,2026-06-23T00:00:00Z,27.59,degC
ZONE_F,SST,2026-06-24T00:00:00Z,27.51,degC
ZONE_F,SST,2026-06-25T00:00:00Z,27.55,degC
ZONE_F,SST,2026-06-26T00:00:00Z,27.55,degC
ZONE_F,SST,2026-06-27T00:00:00Z,27.67,degC
ZONE_F,SST,2026-06-28T00:00:00Z,27.49,degC
ZONE_F,SST,2026-06-29T00:00:00Z,27.37,degC
ZONE_F,SST,2026-06-30T00:00:00Z,27.44,degC
ZONE_F,SST,2026-07-01T00:00:00Z,27.34,degC
ZONE_F,SST,2026-07-02T00:00:00Z,27.49,degC
ZONE_F,SST,2026-07-03T00:00:00Z,27.67,degC
ZONE_F,SST,2026-07-04T00:00:00Z,27.52,degC
ZONE_F,SST,2026-07-05T00:00:00Z,27.3,degC
ZONE_F,SST,2026-07-06T00:00:00Z,27.25,degC
ZONE_F,SST,2026-07-07T00:00:00Z,27.43,degC
ZONE_F,SST,2026-07-08T00:00:00Z,27.67,degC
ZONE_F,SST,2026-07-09T00:00:00Z,27.59,degC
ZONE_F,SST,2026-07-10T00:00:00Z,27.32,degC
ZONE_F,SST,2026-07-11T00:00:00Z,27.36,degC
ZONE_F,SST,2026-07-12T00:00:00Z,27.5,degC
ZONE_F,SST,2026-07-13T00:00:00Z,27.64,degC
ZONE_F,SST,2026-07-14T00:00:00Z,27.47,degC
ZONE_F,SST,2026-07-15T00:00:00Z,27.46,degC
ZONE_F,SST,2026-07-16T00:00:00Z,27.54,degC
ZONE_F,SST,2026-07-17T00:00:00Z,27.25,degC
ZONE_F,SST,2026-07-18T00:00:00Z,27.2,degC
ZONE_F,SST,2026-07-19T00:00:00Z,27.28,degC
ZONE_F,SST,2026-07-20T00:00:00Z,27.28,degC
ZONE_F,SST,2026-07-21T00:00:00Z,27.26,degC
ZONE_F,SST,2026-07-22T00:00:00Z,27.19,degC
ZONE_F,SST,2026-07-23T00:00:00Z,27.22,degC
ZONE_F,SST,2026-07-24T00:00:00Z,27.11,degC
ZONE_F,SST,2026-07-25T00:00:00Z,27.08,degC
ZONE_F,SST,2026-07-26T00:00:00Z,27.09,degC
ZONE_F,SST,2026-07-27T00:00:00Z,26.94,degC
ZONE_F,SST,2026-07-28T00:00:00Z,26.91,degC
ZONE_F,SST,2026-07-29T00:00:00Z,27.06,degC
ZONE_F,SST,2026-07-30T00:00:00Z,27.16,degC
ZONE_F,SST,2026-07-31T00:00:00Z,27.2,degC
ZONE_F,SST,2026-08-01T00:00:00Z,27.27,degC
ZONE_F,SST,2026-08-02T00:00:00Z,27.19,degC
ZONE_F,SST,2026-08-03T00:00:00Z,27.22,degC
ZONE_F,SST,2026-08-04T00:00:00Z,27.31,degC
ZONE_F,SST,2026-08-05T00:00:00Z,27.3,degC
ZONE_F,SST,2026-08-06T00:00:00Z,27.24,degC
ZONE_F,SST,2026-08-07T00:00:00Z,27.17,degC
ZONE_F,SST,2026-08-08T00:00:00Z,27.22,degC
ZONE_F,SST,2026-08-09T00:00:00Z,27.3,degC
ZONE_F,SST,2026-08-10T00:00:00Z,27.21,degC
ZONE_F,SST,2026-08-11T00:00:00Z,27.12,degC
ZONE_F,SST,2026-08-12T00:00:00Z,27.01,degC
ZONE_F,SST,2026-08-13T00:00:00Z,27.16,degC
ZONE_F,SST,2026-08-14T00:00:00Z,27.46,degC
ZONE_F,SST,2026-08-15T00:00:00Z,27.47,degC
ZONE_F,SST,2026-08-16T00:00:00Z,27.47,degC
ZONE_F,SST,2026-08-17T00:00:00Z,27.61,degC
ZONE_F,SST,2026-08-18T00:00:00Z,27.73,degC
ZONE_F,SST,2026-08-19T00:00:00Z,27.86,degC
ZONE_F,SST,2026-08-20T00:00:00Z,27.8,degC
ZONE_F,SST,2026-08-21T00:00:00Z,27.88,degC
ZONE_F,SST,2026-08-22T00:00:00Z,28.13,degC
ZONE_F,SST,2026-08-23T00:00:00Z,28.18,degC
ZONE_F,SST,2026-08-24T00:00:00Z,28.18,degC
ZONE_F,SST,2026-08-25T00:00:00Z,28.06,degC
ZONE_F,SST,2026-08-26T00:00:00Z,27.88,degC
ZONE_F,SST,2026-08-27T00:00:00Z,27.84,degC
ZONE_F,SST,2026-08-28T00:00:00Z,27.88,degC
ZONE_F,SST,2026-08-29T00:00:00Z,28.12,degC
ZONE_F,SST,2026-08-30T00:00:00Z,28.29,degC
ZONE_F,SST,2026-08-31T00:00:00Z,27.91,degC
ZONE_F,SST,2026-09-01T00:00:00Z,27.88,degC
ZONE_F,SST,2026-09-02T00:00:00Z,28.08,degC
ZONE_F,SST,2026-09-03T00:00:00Z,28.25,degC
ZONE_F,SST,2026-09-04T00:00:00Z,28.16,degC
ZONE_F,SST,2026-09-05T00:00:00Z,28.23,degC
ZONE_F,SST,2026-09-06T00:00:00Z,28.19,degC
ZONE_F,SST,2026-09-07T00:00:00Z,27.98,degC
ZONE_F,SST,2026-09-08T00:00:00Z,27.98,degC
ZONE_F,SST,2026-09-09T00:00:00Z,27.88,degC
ZONE_F,SST,2026-09-10T00:00:00Z,28.18,degC
ZONE_F,CHLOROPHYLL_A,2026-06-13T00:00:00Z,2.197,mg/m3
ZONE_F,CHLOROPHYLL_A,2026-06-14T00:00:00Z,1.817,mg/m3
ZONE_F,CHLOROPHYLL_A,2026-06-15T00:00:00Z,1.937,mg/m3
ZONE_F,CHLOROPHYLL_A,2026-06-16T00:00:00Z,1.871,mg/m3
ZONE_F,CHLOROPHYLL_A,2026-06-17T00:00:00Z,,mg/m3
ZONE_F,CHLOROPHYLL_A,2026-06-18T00:00:00Z,2.343,mg/m3
ZONE_F,CHLOROPHYLL_A,2026-06-19T00:00:00Z,2.967,mg/m3
ZONE_F,CHLOROPHYLL_A,2026-06-20T00:00:00Z,2.594,mg/m3
ZONE_F,CHLOROPHYLL_A,2026-06-21T00:00:00Z,2.201,mg/m3
ZONE_F,CHLOROPHYLL_A,2026-06-22T00:00:00Z,2.344,mg/m3
ZONE_F,CHLOROPHYLL_A,2026-06-23T00:00:00Z,2.174,mg/m3
ZONE_F,CHLOROPHYLL_A,2026-06-24T00:00:00Z,,mg/m3
ZONE_F,CHLOROPHYLL_A,2026-06-25T00:00:00Z,2.051,mg/m3
ZONE_F,CHLOROPHYLL_A,2026-06-26T00:00:00Z,1.78,mg/m3
ZONE_F,CHLOROPHYLL_A,2026-06-27T00:00:00Z,2.372,mg/m3
ZONE_F,CHLOROPHYLL_A,2026-06-28T00:00:00Z,,mg/m3
ZONE_F,CHLOROPHYLL_A,2026-06-29T00:00:00Z,2.083,mg/m3
ZONE_F,CHLOROPHYLL_A,2026-06-30T00:00:00Z,2.242,mg/m3
ZONE_F,CHLOROPHYLL_A,2026-07-01T00:00:00Z,,mg/m3
ZONE_F,CHLOROPHYLL_A,2026-07-02T00:00:00Z,2.301,mg/m3
ZONE_F,CHLOROPHYLL_A,2026-07-03T00:00:00Z,1.995,mg/m3
ZONE_F,CHLOROPHYLL_A,2026-07-04T00:00:00Z,2.234,mg/m3
ZONE_F,CHLOROPHYLL_A,2026-07-05T00:00:00Z,2.234,mg/m3
ZONE_F,CHLOROPHYLL_A,2026-07-06T00:00:00Z,2.027,mg/m3
ZONE_F,CHLOROPHYLL_A,2026-07-07T00:00:00Z,2.654,mg/m3
ZONE_F,CHLOROPHYLL_A,2026-07-08T00:00:00Z,2.055,mg/m3
ZONE_F,CHLOROPHYLL_A,2026-07-09T00:00:00Z,1.913,mg/m3
ZONE_F,CHLOROPHYLL_A,2026-07-10T00:00:00Z,2.08,mg/m3
ZONE_F,CHLOROPHYLL_A,2026-07-11T00:00:00Z,2.395,mg/m3
ZONE_F,CHLOROPHYLL_A,2026-07-12T00:00:00Z,2.466,mg/m3
ZONE_F,CHLOROPHYLL_A,2026-07-13T00:00:00Z,3.762,mg/m3
ZONE_F,CHLOROPHYLL_A,2026-07-14T00:00:00Z,,mg/m3
ZONE_F,CHLOROPHYLL_A,2026-07-15T00:00:00Z,,mg/m3
ZONE_F,CHLOROPHYLL_A,2026-07-16T00:00:00Z,,mg/m3
ZONE_F,CHLOROPHYLL_A,2026-07-17T00:00:00Z,,mg/m3
ZONE_F,CHLOROPHYLL_A,2026-07-18T00:00:00Z,1.939,mg/m3
ZONE_F,CHLOROPHYLL_A,2026-07-19T00:00:00Z,2.367,mg/m3
ZONE_F,CHLOROPHYLL_A,2026-07-20T00:00:00Z,2.868,mg/m3
ZONE_F,CHLOROPHYLL_A,2026-07-21T00:00:00Z,4.07,mg/m3
ZONE_F,CHLOROPHYLL_A,2026-07-22T00:00:00Z,2.674,mg/m3
ZONE_F,CHLOROPHYLL_A,2026-07-23T00:00:00Z,2.018,mg/m3
ZONE_F,CHLOROPHYLL_A,2026-07-24T00:00:00Z,1.935,mg/m3
ZONE_F,CHLOROPHYLL_A,2026-07-25T00:00:00Z,,mg/m3
ZONE_F,CHLOROPHYLL_A,2026-07-26T00:00:00Z,2.085,mg/m3
ZONE_F,CHLOROPHYLL_A,2026-07-27T00:00:00Z,1.527,mg/m3
ZONE_F,CHLOROPHYLL_A,2026-07-28T00:00:00Z,1.723,mg/m3
ZONE_F,CHLOROPHYLL_A,2026-07-29T00:00:00Z,2.428,mg/m3
ZONE_F,CHLOROPHYLL_A,2026-07-30T00:00:00Z,,mg/m3
ZONE_F,CHLOROPHYLL_A,2026-07-31T00:00:00Z,2.491,mg/m3
ZONE_F,CHLOROPHYLL_A,2026-08-01T00:00:00Z,2.117,mg/m3
ZONE_F,CHLOROPHYLL_A,2026-08-02T00:00:00Z,1.93,mg/m3
ZONE_F,CHLOROPHYLL_A,2026-08-03T00:00:00Z,1.596,mg/m3
ZONE_F,CHLOROPHYLL_A,2026-08-04T00:00:00Z,1.534,mg/m3
ZONE_F,CHLOROPHYLL_A,2026-08-05T00:00:00Z,1.995,mg/m3
ZONE_F,CHLOROPHYLL_A,2026-08-06T00:00:00Z,,mg/m3
ZONE_F,CHLOROPHYLL_A,2026-08-07T00:00:00Z,1.889,mg/m3
ZONE_F,CHLOROPHYLL_A,2026-08-08T00:00:00Z,1.835,mg/m3
ZONE_F,CHLOROPHYLL_A,2026-08-09T00:00:00Z,2.024,mg/m3
ZONE_F,CHLOROPHYLL_A,2026-08-10T00:00:00Z,1.767,mg/m3
ZONE_F,CHLOROPHYLL_A,2026-08-11T00:00:00Z,1.556,mg/m3
ZONE_F,CHLOROPHYLL_A,2026-08-12T00:00:00Z,1.61,mg/m3
ZONE_F,CHLOROPHYLL_A,2026-08-13T00:00:00Z,1.392,mg/m3
ZONE_F,CHLOROPHYLL_A,2026-08-14T00:00:00Z,1.38,mg/m3
ZONE_F,CHLOROPHYLL_A,2026-08-15T00:00:00Z,1.725,mg/m3
ZONE_F,CHLOROPHYLL_A,2026-08-16T00:00:00Z,2.063,mg/m3
ZONE_F,CHLOROPHYLL_A,2026-08-17T00:00:00Z,2.059,mg/m3
ZONE_F,CHLOROPHYLL_A,2026-08-18T00:00:00Z,2.159,mg/m3
ZONE_F,CHLOROPHYLL_A,2026-08-19T00:00:00Z,1.243,mg/m3
ZONE_F,CHLOROPHYLL_A,2026-08-20T00:00:00Z,1.269,mg/m3
ZONE_F,CHLOROPHYLL_A,2026-08-21T00:00:00Z,1.084,mg/m3
ZONE_F,CHLOROPHYLL_A,2026-08-22T00:00:00Z,1.311,mg/m3
ZONE_F,CHLOROPHYLL_A,2026-08-23T00:00:00Z,1.1,mg/m3
ZONE_F,CHLOROPHYLL_A,2026-08-24T00:00:00Z,1.156,mg/m3
ZONE_F,CHLOROPHYLL_A,2026-08-25T00:00:00Z,,mg/m3
ZONE_F,CHLOROPHYLL_A,2026-08-26T00:00:00Z,0.934,mg/m3
ZONE_F,CHLOROPHYLL_A,2026-08-27T00:00:00Z,,mg/m3
ZONE_F,CHLOROPHYLL_A,2026-08-28T00:00:00Z,1.021,mg/m3
ZONE_F,CHLOROPHYLL_A,2026-08-29T00:00:00Z,1.099,mg/m3
ZONE_F,CHLOROPHYLL_A,2026-08-30T00:00:00Z,0.996,mg/m3
ZONE_F,CHLOROPHYLL_A,2026-08-31T00:00:00Z,1.269,mg/m3
ZONE_F,CHLOROPHYLL_A,2026-09-01T00:00:00Z,1.661,mg/m3
ZONE_F,CHLOROPHYLL_A,2026-09-02T00:00:00Z,2.027,mg/m3
ZONE_F,CHLOROPHYLL_A,2026-09-03T00:00:00Z,1.966,mg/m3
ZONE_F,CHLOROPHYLL_A,2026-09-04T00:00:00Z,1.517,mg/m3
ZONE_F,CHLOROPHYLL_A,2026-09-05T00:00:00Z,1.418,mg/m3
ZONE_F,CHLOROPHYLL_A,2026-09-06T00:00:00Z,1.877,mg/m3
ZONE_F,CHLOROPHYLL_A,2026-09-07T00:00:00Z,1.447,mg/m3
ZONE_F,CHLOROPHYLL_A,2026-09-08T00:00:00Z,0.955,mg/m3
ZONE_F,CHLOROPHYLL_A,2026-09-09T00:00:00Z,0.923,mg/m3
ZONE_F,CHLOROPHYLL_A,2026-09-10T00:00:00Z,,mg/m3
ZONE_F,WIND_SPEED,2026-06-13T00:00:00Z,12.6,kn
ZONE_F,WIND_SPEED,2026-06-14T00:00:00Z,11.8,kn
ZONE_F,WIND_SPEED,2026-06-15T00:00:00Z,14.0,kn
ZONE_F,WIND_SPEED,2026-06-16T00:00:00Z,15.7,kn
ZONE_F,WIND_SPEED,2026-06-17T00:00:00Z,14.7,kn
ZONE_F,WIND_SPEED,2026-06-18T00:00:00Z,13.1,kn
ZONE_F,WIND_SPEED,2026-06-19T00:00:00Z,12.4,kn
ZONE_F,WIND_SPEED,2026-06-20T00:00:00Z,9.8,kn
ZONE_F,WIND_SPEED,2026-06-21T00:00:00Z,11.8,kn
ZONE_F,WIND_SPEED,2026-06-22T00:00:00Z,14.3,kn
ZONE_F,WIND_SPEED,2026-06-23T00:00:00Z,12.1,kn
ZONE_F,WIND_SPEED,2026-06-24T00:00:00Z,14.2,kn
ZONE_F,WIND_SPEED,2026-06-25T00:00:00Z,13.0,kn
ZONE_F,WIND_SPEED,2026-06-26T00:00:00Z,10.2,kn
ZONE_F,WIND_SPEED,2026-06-27T00:00:00Z,10.8,kn
ZONE_F,WIND_SPEED,2026-06-28T00:00:00Z,12.2,kn
ZONE_F,WIND_SPEED,2026-06-29T00:00:00Z,13.1,kn
ZONE_F,WIND_SPEED,2026-06-30T00:00:00Z,13.6,kn
ZONE_F,WIND_SPEED,2026-07-01T00:00:00Z,12.5,kn
ZONE_F,WIND_SPEED,2026-07-02T00:00:00Z,14.8,kn
ZONE_F,WIND_SPEED,2026-07-03T00:00:00Z,15.6,kn
ZONE_F,WIND_SPEED,2026-07-04T00:00:00Z,14.2,kn
ZONE_F,WIND_SPEED,2026-07-05T00:00:00Z,13.7,kn
ZONE_F,WIND_SPEED,2026-07-06T00:00:00Z,10.2,kn
ZONE_F,WIND_SPEED,2026-07-07T00:00:00Z,11.0,kn
ZONE_F,WIND_SPEED,2026-07-08T00:00:00Z,9.6,kn
ZONE_F,WIND_SPEED,2026-07-09T00:00:00Z,7.2,kn
ZONE_F,WIND_SPEED,2026-07-10T00:00:00Z,7.9,kn
ZONE_F,WIND_SPEED,2026-07-11T00:00:00Z,8.1,kn
ZONE_F,WIND_SPEED,2026-07-12T00:00:00Z,8.0,kn
ZONE_F,WIND_SPEED,2026-07-13T00:00:00Z,8.4,kn
ZONE_F,WIND_SPEED,2026-07-14T00:00:00Z,9.4,kn
ZONE_F,WIND_SPEED,2026-07-15T00:00:00Z,10.0,kn
ZONE_F,WIND_SPEED,2026-07-16T00:00:00Z,12.9,kn
ZONE_F,WIND_SPEED,2026-07-17T00:00:00Z,13.7,kn
ZONE_F,WIND_SPEED,2026-07-18T00:00:00Z,12.5,kn
ZONE_F,WIND_SPEED,2026-07-19T00:00:00Z,12.3,kn
ZONE_F,WIND_SPEED,2026-07-20T00:00:00Z,11.8,kn
ZONE_F,WIND_SPEED,2026-07-21T00:00:00Z,10.2,kn
ZONE_F,WIND_SPEED,2026-07-22T00:00:00Z,9.3,kn
ZONE_F,WIND_SPEED,2026-07-23T00:00:00Z,9.3,kn
ZONE_F,WIND_SPEED,2026-07-24T00:00:00Z,12.7,kn
ZONE_F,WIND_SPEED,2026-07-25T00:00:00Z,12.0,kn
ZONE_F,WIND_SPEED,2026-07-26T00:00:00Z,12.0,kn
ZONE_F,WIND_SPEED,2026-07-27T00:00:00Z,13.2,kn
ZONE_F,WIND_SPEED,2026-07-28T00:00:00Z,10.7,kn
ZONE_F,WIND_SPEED,2026-07-29T00:00:00Z,10.8,kn
ZONE_F,WIND_SPEED,2026-07-30T00:00:00Z,11.8,kn
ZONE_F,WIND_SPEED,2026-07-31T00:00:00Z,13.0,kn
ZONE_F,WIND_SPEED,2026-08-01T00:00:00Z,9.9,kn
ZONE_F,WIND_SPEED,2026-08-02T00:00:00Z,11.9,kn
ZONE_F,WIND_SPEED,2026-08-03T00:00:00Z,10.2,kn
ZONE_F,WIND_SPEED,2026-08-04T00:00:00Z,10.4,kn
ZONE_F,WIND_SPEED,2026-08-05T00:00:00Z,10.2,kn
ZONE_F,WIND_SPEED,2026-08-06T00:00:00Z,10.1,kn
ZONE_F,WIND_SPEED,2026-08-07T00:00:00Z,10.0,kn
ZONE_F,WIND_SPEED,2026-08-08T00:00:00Z,8.1,kn
ZONE_F,WIND_SPEED,2026-08-09T00:00:00Z,8.5,kn
ZONE_F,WIND_SPEED,2026-08-10T00:00:00Z,10.7,kn
ZONE_F,WIND_SPEED,2026-08-11T00:00:00Z,9.0,kn
ZONE_F,WIND_SPEED,2026-08-12T00:00:00Z,7.8,kn
ZONE_F,WIND_SPEED,2026-08-13T00:00:00Z,11.2,kn
ZONE_F,WIND_SPEED,2026-08-14T00:00:00Z,12.1,kn
ZONE_F,WIND_SPEED,2026-08-15T00:00:00Z,15.1,kn
ZONE_F,WIND_SPEED,2026-08-16T00:00:00Z,11.4,kn
ZONE_F,WIND_SPEED,2026-08-17T00:00:00Z,8.2,kn
ZONE_F,WIND_SPEED,2026-08-18T00:00:00Z,6.6,kn
ZONE_F,WIND_SPEED,2026-08-19T00:00:00Z,7.3,kn
ZONE_F,WIND_SPEED,2026-08-20T00:00:00Z,9.4,kn
ZONE_F,WIND_SPEED,2026-08-21T00:00:00Z,8.5,kn
ZONE_F,WIND_SPEED,2026-08-22T00:00:00Z,10.7,kn
ZONE_F,WIND_SPEED,2026-08-23T00:00:00Z,11.9,kn
ZONE_F,WIND_SPEED,2026-08-24T00:00:00Z,11.2,kn
ZONE_F,WIND_SPEED,2026-08-25T00:00:00Z,12.2,kn
ZONE_F,WIND_SPEED,2026-08-26T00:00:00Z,11.1,kn
ZONE_F,WIND_SPEED,2026-08-27T00:00:00Z,11.9,kn
ZONE_F,WIND_SPEED,2026-08-28T00:00:00Z,9.7,kn
ZONE_F,WIND_SPEED,2026-08-29T00:00:00Z,9.7,kn
ZONE_F,WIND_SPEED,2026-08-30T00:00:00Z,9.6,kn
ZONE_F,WIND_SPEED,2026-08-31T00:00:00Z,7.6,kn
ZONE_F,WIND_SPEED,2026-09-01T00:00:00Z,8.4,kn
ZONE_F,WIND_SPEED,2026-09-02T00:00:00Z,10.0,kn
ZONE_F,WIND_SPEED,2026-09-03T00:00:00Z,5.1,kn
ZONE_F,WIND_SPEED,2026-09-04T00:00:00Z,4.0,kn
ZONE_F,WIND_SPEED,2026-09-05T00:00:00Z,4.3,kn
ZONE_F,WIND_SPEED,2026-09-06T00:00:00Z,6.1,kn
ZONE_F,WIND_SPEED,2026-09-07T00:00:00Z,6.5,kn
ZONE_F,WIND_SPEED,2026-09-08T00:00:00Z,7.5,kn
ZONE_F,WIND_SPEED,2026-09-09T00:00:00Z,10.8,kn
ZONE_F,WIND_SPEED,2026-09-10T00:00:00Z,10.8,kn
ZONE_F,SIGNIFICANT_WAVE_HEIGHT,2026-06-13T00:00:00Z,1.41,m
ZONE_F,SIGNIFICANT_WAVE_HEIGHT,2026-06-14T00:00:00Z,1.29,m
ZONE_F,SIGNIFICANT_WAVE_HEIGHT,2026-06-15T00:00:00Z,1.49,m
ZONE_F,SIGNIFICANT_WAVE_HEIGHT,2026-06-16T00:00:00Z,1.57,m
ZONE_F,SIGNIFICANT_WAVE_HEIGHT,2026-06-17T00:00:00Z,1.66,m
ZONE_F,SIGNIFICANT_WAVE_HEIGHT,2026-06-18T00:00:00Z,1.55,m
ZONE_F,SIGNIFICANT_WAVE_HEIGHT,2026-06-19T00:00:00Z,1.53,m
ZONE_F,SIGNIFICANT_WAVE_HEIGHT,2026-06-20T00:00:00Z,1.1,m
ZONE_F,SIGNIFICANT_WAVE_HEIGHT,2026-06-21T00:00:00Z,1.06,m
ZONE_F,SIGNIFICANT_WAVE_HEIGHT,2026-06-22T00:00:00Z,1.41,m
ZONE_F,SIGNIFICANT_WAVE_HEIGHT,2026-06-23T00:00:00Z,1.25,m
ZONE_F,SIGNIFICANT_WAVE_HEIGHT,2026-06-24T00:00:00Z,1.41,m
ZONE_F,SIGNIFICANT_WAVE_HEIGHT,2026-06-25T00:00:00Z,1.57,m
ZONE_F,SIGNIFICANT_WAVE_HEIGHT,2026-06-26T00:00:00Z,1.54,m
ZONE_F,SIGNIFICANT_WAVE_HEIGHT,2026-06-27T00:00:00Z,1.79,m
ZONE_F,SIGNIFICANT_WAVE_HEIGHT,2026-06-28T00:00:00Z,1.69,m
ZONE_F,SIGNIFICANT_WAVE_HEIGHT,2026-06-29T00:00:00Z,1.65,m
ZONE_F,SIGNIFICANT_WAVE_HEIGHT,2026-06-30T00:00:00Z,1.6,m
ZONE_F,SIGNIFICANT_WAVE_HEIGHT,2026-07-01T00:00:00Z,1.32,m
ZONE_F,SIGNIFICANT_WAVE_HEIGHT,2026-07-02T00:00:00Z,1.19,m
ZONE_F,SIGNIFICANT_WAVE_HEIGHT,2026-07-03T00:00:00Z,1.54,m
ZONE_F,SIGNIFICANT_WAVE_HEIGHT,2026-07-04T00:00:00Z,1.66,m
ZONE_F,SIGNIFICANT_WAVE_HEIGHT,2026-07-05T00:00:00Z,1.66,m
ZONE_F,SIGNIFICANT_WAVE_HEIGHT,2026-07-06T00:00:00Z,1.73,m
ZONE_F,SIGNIFICANT_WAVE_HEIGHT,2026-07-07T00:00:00Z,1.68,m
ZONE_F,SIGNIFICANT_WAVE_HEIGHT,2026-07-08T00:00:00Z,1.62,m
ZONE_F,SIGNIFICANT_WAVE_HEIGHT,2026-07-09T00:00:00Z,1.69,m
ZONE_F,SIGNIFICANT_WAVE_HEIGHT,2026-07-10T00:00:00Z,1.64,m
ZONE_F,SIGNIFICANT_WAVE_HEIGHT,2026-07-11T00:00:00Z,1.43,m
ZONE_F,SIGNIFICANT_WAVE_HEIGHT,2026-07-12T00:00:00Z,1.24,m
ZONE_F,SIGNIFICANT_WAVE_HEIGHT,2026-07-13T00:00:00Z,1.29,m
ZONE_F,SIGNIFICANT_WAVE_HEIGHT,2026-07-14T00:00:00Z,1.39,m
ZONE_F,SIGNIFICANT_WAVE_HEIGHT,2026-07-15T00:00:00Z,1.31,m
ZONE_F,SIGNIFICANT_WAVE_HEIGHT,2026-07-16T00:00:00Z,1.21,m
ZONE_F,SIGNIFICANT_WAVE_HEIGHT,2026-07-17T00:00:00Z,1.22,m
ZONE_F,SIGNIFICANT_WAVE_HEIGHT,2026-07-18T00:00:00Z,1.33,m
ZONE_F,SIGNIFICANT_WAVE_HEIGHT,2026-07-19T00:00:00Z,0.96,m
ZONE_F,SIGNIFICANT_WAVE_HEIGHT,2026-07-20T00:00:00Z,1.01,m
ZONE_F,SIGNIFICANT_WAVE_HEIGHT,2026-07-21T00:00:00Z,0.92,m
ZONE_F,SIGNIFICANT_WAVE_HEIGHT,2026-07-22T00:00:00Z,0.81,m
ZONE_F,SIGNIFICANT_WAVE_HEIGHT,2026-07-23T00:00:00Z,0.78,m
ZONE_F,SIGNIFICANT_WAVE_HEIGHT,2026-07-24T00:00:00Z,0.84,m
ZONE_F,SIGNIFICANT_WAVE_HEIGHT,2026-07-25T00:00:00Z,0.93,m
ZONE_F,SIGNIFICANT_WAVE_HEIGHT,2026-07-26T00:00:00Z,0.63,m
ZONE_F,SIGNIFICANT_WAVE_HEIGHT,2026-07-27T00:00:00Z,0.89,m
ZONE_F,SIGNIFICANT_WAVE_HEIGHT,2026-07-28T00:00:00Z,1.2,m
ZONE_F,SIGNIFICANT_WAVE_HEIGHT,2026-07-29T00:00:00Z,0.91,m
ZONE_F,SIGNIFICANT_WAVE_HEIGHT,2026-07-30T00:00:00Z,1.1,m
ZONE_F,SIGNIFICANT_WAVE_HEIGHT,2026-07-31T00:00:00Z,1.1,m
ZONE_F,SIGNIFICANT_WAVE_HEIGHT,2026-08-01T00:00:00Z,0.83,m
ZONE_F,SIGNIFICANT_WAVE_HEIGHT,2026-08-02T00:00:00Z,0.95,m
ZONE_F,SIGNIFICANT_WAVE_HEIGHT,2026-08-03T00:00:00Z,1.06,m
ZONE_F,SIGNIFICANT_WAVE_HEIGHT,2026-08-04T00:00:00Z,1.19,m
ZONE_F,SIGNIFICANT_WAVE_HEIGHT,2026-08-05T00:00:00Z,1.24,m
ZONE_F,SIGNIFICANT_WAVE_HEIGHT,2026-08-06T00:00:00Z,0.88,m
ZONE_F,SIGNIFICANT_WAVE_HEIGHT,2026-08-07T00:00:00Z,1.07,m
ZONE_F,SIGNIFICANT_WAVE_HEIGHT,2026-08-08T00:00:00Z,1.2,m
ZONE_F,SIGNIFICANT_WAVE_HEIGHT,2026-08-09T00:00:00Z,1.15,m
ZONE_F,SIGNIFICANT_WAVE_HEIGHT,2026-08-10T00:00:00Z,1.23,m
ZONE_F,SIGNIFICANT_WAVE_HEIGHT,2026-08-11T00:00:00Z,1.13,m
ZONE_F,SIGNIFICANT_WAVE_HEIGHT,2026-08-12T00:00:00Z,0.87,m
ZONE_F,SIGNIFICANT_WAVE_HEIGHT,2026-08-13T00:00:00Z,0.81,m
ZONE_F,SIGNIFICANT_WAVE_HEIGHT,2026-08-14T00:00:00Z,0.76,m
ZONE_F,SIGNIFICANT_WAVE_HEIGHT,2026-08-15T00:00:00Z,0.98,m
ZONE_F,SIGNIFICANT_WAVE_HEIGHT,2026-08-16T00:00:00Z,1.1,m
ZONE_F,SIGNIFICANT_WAVE_HEIGHT,2026-08-17T00:00:00Z,1.01,m
ZONE_F,SIGNIFICANT_WAVE_HEIGHT,2026-08-18T00:00:00Z,0.89,m
ZONE_F,SIGNIFICANT_WAVE_HEIGHT,2026-08-19T00:00:00Z,0.82,m
ZONE_F,SIGNIFICANT_WAVE_HEIGHT,2026-08-20T00:00:00Z,0.68,m
ZONE_F,SIGNIFICANT_WAVE_HEIGHT,2026-08-21T00:00:00Z,0.75,m
ZONE_F,SIGNIFICANT_WAVE_HEIGHT,2026-08-22T00:00:00Z,0.77,m
ZONE_F,SIGNIFICANT_WAVE_HEIGHT,2026-08-23T00:00:00Z,0.91,m
ZONE_F,SIGNIFICANT_WAVE_HEIGHT,2026-08-24T00:00:00Z,0.89,m
ZONE_F,SIGNIFICANT_WAVE_HEIGHT,2026-08-25T00:00:00Z,0.94,m
ZONE_F,SIGNIFICANT_WAVE_HEIGHT,2026-08-26T00:00:00Z,1.03,m
ZONE_F,SIGNIFICANT_WAVE_HEIGHT,2026-08-27T00:00:00Z,0.89,m
ZONE_F,SIGNIFICANT_WAVE_HEIGHT,2026-08-28T00:00:00Z,0.86,m
ZONE_F,SIGNIFICANT_WAVE_HEIGHT,2026-08-29T00:00:00Z,0.64,m
ZONE_F,SIGNIFICANT_WAVE_HEIGHT,2026-08-30T00:00:00Z,0.59,m
ZONE_F,SIGNIFICANT_WAVE_HEIGHT,2026-08-31T00:00:00Z,0.6,m
ZONE_F,SIGNIFICANT_WAVE_HEIGHT,2026-09-01T00:00:00Z,0.81,m
ZONE_F,SIGNIFICANT_WAVE_HEIGHT,2026-09-02T00:00:00Z,0.79,m
ZONE_F,SIGNIFICANT_WAVE_HEIGHT,2026-09-03T00:00:00Z,0.73,m
ZONE_F,SIGNIFICANT_WAVE_HEIGHT,2026-09-04T00:00:00Z,0.64,m
ZONE_F,SIGNIFICANT_WAVE_HEIGHT,2026-09-05T00:00:00Z,0.81,m
ZONE_F,SIGNIFICANT_WAVE_HEIGHT,2026-09-06T00:00:00Z,0.75,m
ZONE_F,SIGNIFICANT_WAVE_HEIGHT,2026-09-07T00:00:00Z,0.52,m
ZONE_F,SIGNIFICANT_WAVE_HEIGHT,2026-09-08T00:00:00Z,0.7,m
ZONE_F,SIGNIFICANT_WAVE_HEIGHT,2026-09-09T00:00:00Z,0.8,m
ZONE_F,SIGNIFICANT_WAVE_HEIGHT,2026-09-10T00:00:00Z,1.09,m
ZONE_G,SST,2026-06-13T00:00:00Z,28.7,degC
ZONE_G,SST,2026-06-14T00:00:00Z,28.62,degC
ZONE_G,SST,2026-06-15T00:00:00Z,28.8,degC
ZONE_G,SST,2026-06-16T00:00:00Z,28.7,degC
ZONE_G,SST,2026-06-17T00:00:00Z,28.78,degC
ZONE_G,SST,2026-06-18T00:00:00Z,28.58,degC
ZONE_G,SST,2026-06-19T00:00:00Z,28.46,degC
ZONE_G,SST,2026-06-20T00:00:00Z,28.54,degC
ZONE_G,SST,2026-06-21T00:00:00Z,28.42,degC
ZONE_G,SST,2026-06-22T00:00:00Z,28.57,degC
ZONE_G,SST,2026-06-23T00:00:00Z,28.43,degC
ZONE_G,SST,2026-06-24T00:00:00Z,28.55,degC
ZONE_G,SST,2026-06-25T00:00:00Z,28.68,degC
ZONE_G,SST,2026-06-26T00:00:00Z,28.58,degC
ZONE_G,SST,2026-06-27T00:00:00Z,28.41,degC
ZONE_G,SST,2026-06-28T00:00:00Z,28.49,degC
ZONE_G,SST,2026-06-29T00:00:00Z,28.4,degC
ZONE_G,SST,2026-06-30T00:00:00Z,28.48,degC
ZONE_G,SST,2026-07-01T00:00:00Z,28.75,degC
ZONE_G,SST,2026-07-02T00:00:00Z,28.74,degC
ZONE_G,SST,2026-07-03T00:00:00Z,28.62,degC
ZONE_G,SST,2026-07-04T00:00:00Z,28.7,degC
ZONE_G,SST,2026-07-05T00:00:00Z,28.81,degC
ZONE_G,SST,2026-07-06T00:00:00Z,28.78,degC
ZONE_G,SST,2026-07-07T00:00:00Z,28.62,degC
ZONE_G,SST,2026-07-08T00:00:00Z,28.54,degC
ZONE_G,SST,2026-07-09T00:00:00Z,28.41,degC
ZONE_G,SST,2026-07-10T00:00:00Z,28.46,degC
ZONE_G,SST,2026-07-11T00:00:00Z,28.3,degC
ZONE_G,SST,2026-07-12T00:00:00Z,28.14,degC
ZONE_G,SST,2026-07-13T00:00:00Z,28.16,degC
ZONE_G,SST,2026-07-14T00:00:00Z,27.98,degC
ZONE_G,SST,2026-07-15T00:00:00Z,27.88,degC
ZONE_G,SST,2026-07-16T00:00:00Z,27.99,degC
ZONE_G,SST,2026-07-17T00:00:00Z,27.92,degC
ZONE_G,SST,2026-07-18T00:00:00Z,28.15,degC
ZONE_G,SST,2026-07-19T00:00:00Z,28.07,degC
ZONE_G,SST,2026-07-20T00:00:00Z,28.04,degC
ZONE_G,SST,2026-07-21T00:00:00Z,28.27,degC
ZONE_G,SST,2026-07-22T00:00:00Z,28.08,degC
ZONE_G,SST,2026-07-23T00:00:00Z,28.04,degC
ZONE_G,SST,2026-07-24T00:00:00Z,27.84,degC
ZONE_G,SST,2026-07-25T00:00:00Z,27.85,degC
ZONE_G,SST,2026-07-26T00:00:00Z,27.79,degC
ZONE_G,SST,2026-07-27T00:00:00Z,27.76,degC
ZONE_G,SST,2026-07-28T00:00:00Z,28.3,degC
ZONE_G,SST,2026-07-29T00:00:00Z,28.1,degC
ZONE_G,SST,2026-07-30T00:00:00Z,28.32,degC
ZONE_G,SST,2026-07-31T00:00:00Z,28.41,degC
ZONE_G,SST,2026-08-01T00:00:00Z,28.4,degC
ZONE_G,SST,2026-08-02T00:00:00Z,28.28,degC
ZONE_G,SST,2026-08-03T00:00:00Z,28.33,degC
ZONE_G,SST,2026-08-04T00:00:00Z,28.43,degC
ZONE_G,SST,2026-08-05T00:00:00Z,28.61,degC
ZONE_G,SST,2026-08-06T00:00:00Z,28.75,degC
ZONE_G,SST,2026-08-07T00:00:00Z,28.63,degC
ZONE_G,SST,2026-08-08T00:00:00Z,28.49,degC
ZONE_G,SST,2026-08-09T00:00:00Z,28.4,degC
ZONE_G,SST,2026-08-10T00:00:00Z,28.35,degC
ZONE_G,SST,2026-08-11T00:00:00Z,28.05,degC
ZONE_G,SST,2026-08-12T00:00:00Z,28.42,degC
ZONE_G,SST,2026-08-13T00:00:00Z,28.4,degC
ZONE_G,SST,2026-08-14T00:00:00Z,28.39,degC
ZONE_G,SST,2026-08-15T00:00:00Z,28.27,degC
ZONE_G,SST,2026-08-16T00:00:00Z,28.41,degC
ZONE_G,SST,2026-08-17T00:00:00Z,28.5,degC
ZONE_G,SST,2026-08-18T00:00:00Z,28.38,degC
ZONE_G,SST,2026-08-19T00:00:00Z,28.23,degC
ZONE_G,SST,2026-08-20T00:00:00Z,28.39,degC
ZONE_G,SST,2026-08-21T00:00:00Z,28.5,degC
ZONE_G,SST,2026-08-22T00:00:00Z,28.7,degC
ZONE_G,SST,2026-08-23T00:00:00Z,28.51,degC
ZONE_G,SST,2026-08-24T00:00:00Z,28.46,degC
ZONE_G,SST,2026-08-25T00:00:00Z,28.73,degC
ZONE_G,SST,2026-08-26T00:00:00Z,28.63,degC
ZONE_G,SST,2026-08-27T00:00:00Z,28.6,degC
ZONE_G,SST,2026-08-28T00:00:00Z,28.59,degC
ZONE_G,SST,2026-08-29T00:00:00Z,28.46,degC
ZONE_G,SST,2026-08-30T00:00:00Z,28.73,degC
ZONE_G,SST,2026-08-31T00:00:00Z,28.72,degC
ZONE_G,SST,2026-09-01T00:00:00Z,29.0,degC
ZONE_G,SST,2026-09-02T00:00:00Z,29.08,degC
ZONE_G,SST,2026-09-03T00:00:00Z,28.9,degC
ZONE_G,SST,2026-09-04T00:00:00Z,29.0,degC
ZONE_G,SST,2026-09-05T00:00:00Z,29.08,degC
ZONE_G,SST,2026-09-06T00:00:00Z,29.17,degC
ZONE_G,SST,2026-09-07T00:00:00Z,29.01,degC
ZONE_G,SST,2026-09-08T00:00:00Z,29.14,degC
ZONE_G,SST,2026-09-09T00:00:00Z,29.07,degC
ZONE_G,SST,2026-09-10T00:00:00Z,29.01,degC
ZONE_G,CHLOROPHYLL_A,2026-06-13T00:00:00Z,3.345,mg/m3
ZONE_G,CHLOROPHYLL_A,2026-06-14T00:00:00Z,,mg/m3
ZONE_G,CHLOROPHYLL_A,2026-06-15T00:00:00Z,2.739,mg/m3
ZONE_G,CHLOROPHYLL_A,2026-06-16T00:00:00Z,3.343,mg/m3
ZONE_G,CHLOROPHYLL_A,2026-06-17T00:00:00Z,4.214,mg/m3
ZONE_G,CHLOROPHYLL_A,2026-06-18T00:00:00Z,3.519,mg/m3
ZONE_G,CHLOROPHYLL_A,2026-06-19T00:00:00Z,4.924,mg/m3
ZONE_G,CHLOROPHYLL_A,2026-06-20T00:00:00Z,4.436,mg/m3
ZONE_G,CHLOROPHYLL_A,2026-06-21T00:00:00Z,2.426,mg/m3
ZONE_G,CHLOROPHYLL_A,2026-06-22T00:00:00Z,2.39,mg/m3
ZONE_G,CHLOROPHYLL_A,2026-06-23T00:00:00Z,3.394,mg/m3
ZONE_G,CHLOROPHYLL_A,2026-06-24T00:00:00Z,2.57,mg/m3
ZONE_G,CHLOROPHYLL_A,2026-06-25T00:00:00Z,2.512,mg/m3
ZONE_G,CHLOROPHYLL_A,2026-06-26T00:00:00Z,2.684,mg/m3
ZONE_G,CHLOROPHYLL_A,2026-06-27T00:00:00Z,3.164,mg/m3
ZONE_G,CHLOROPHYLL_A,2026-06-28T00:00:00Z,3.378,mg/m3
ZONE_G,CHLOROPHYLL_A,2026-06-29T00:00:00Z,2.579,mg/m3
ZONE_G,CHLOROPHYLL_A,2026-06-30T00:00:00Z,2.757,mg/m3
ZONE_G,CHLOROPHYLL_A,2026-07-01T00:00:00Z,2.014,mg/m3
ZONE_G,CHLOROPHYLL_A,2026-07-02T00:00:00Z,2.705,mg/m3
ZONE_G,CHLOROPHYLL_A,2026-07-03T00:00:00Z,2.539,mg/m3
ZONE_G,CHLOROPHYLL_A,2026-07-04T00:00:00Z,1.966,mg/m3
ZONE_G,CHLOROPHYLL_A,2026-07-05T00:00:00Z,2.577,mg/m3
ZONE_G,CHLOROPHYLL_A,2026-07-06T00:00:00Z,2.759,mg/m3
ZONE_G,CHLOROPHYLL_A,2026-07-07T00:00:00Z,2.952,mg/m3
ZONE_G,CHLOROPHYLL_A,2026-07-08T00:00:00Z,3.836,mg/m3
ZONE_G,CHLOROPHYLL_A,2026-07-09T00:00:00Z,4.315,mg/m3
ZONE_G,CHLOROPHYLL_A,2026-07-10T00:00:00Z,5.291,mg/m3
ZONE_G,CHLOROPHYLL_A,2026-07-11T00:00:00Z,4.284,mg/m3
ZONE_G,CHLOROPHYLL_A,2026-07-12T00:00:00Z,3.774,mg/m3
ZONE_G,CHLOROPHYLL_A,2026-07-13T00:00:00Z,4.837,mg/m3
ZONE_G,CHLOROPHYLL_A,2026-07-14T00:00:00Z,,mg/m3
ZONE_G,CHLOROPHYLL_A,2026-07-15T00:00:00Z,4.092,mg/m3
ZONE_G,CHLOROPHYLL_A,2026-07-16T00:00:00Z,4.263,mg/m3
ZONE_G,CHLOROPHYLL_A,2026-07-17T00:00:00Z,,mg/m3
ZONE_G,CHLOROPHYLL_A,2026-07-18T00:00:00Z,2.142,mg/m3
ZONE_G,CHLOROPHYLL_A,2026-07-19T00:00:00Z,,mg/m3
ZONE_G,CHLOROPHYLL_A,2026-07-20T00:00:00Z,2.792,mg/m3
ZONE_G,CHLOROPHYLL_A,2026-07-21T00:00:00Z,3.826,mg/m3
ZONE_G,CHLOROPHYLL_A,2026-07-22T00:00:00Z,4.439,mg/m3
ZONE_G,CHLOROPHYLL_A,2026-07-23T00:00:00Z,3.815,mg/m3
ZONE_G,CHLOROPHYLL_A,2026-07-24T00:00:00Z,3.913,mg/m3
ZONE_G,CHLOROPHYLL_A,2026-07-25T00:00:00Z,3.59,mg/m3
ZONE_G,CHLOROPHYLL_A,2026-07-26T00:00:00Z,3.26,mg/m3
ZONE_G,CHLOROPHYLL_A,2026-07-27T00:00:00Z,2.966,mg/m3
ZONE_G,CHLOROPHYLL_A,2026-07-28T00:00:00Z,3.413,mg/m3
ZONE_G,CHLOROPHYLL_A,2026-07-29T00:00:00Z,2.393,mg/m3
ZONE_G,CHLOROPHYLL_A,2026-07-30T00:00:00Z,1.991,mg/m3
ZONE_G,CHLOROPHYLL_A,2026-07-31T00:00:00Z,2.234,mg/m3
ZONE_G,CHLOROPHYLL_A,2026-08-01T00:00:00Z,2.238,mg/m3
ZONE_G,CHLOROPHYLL_A,2026-08-02T00:00:00Z,1.888,mg/m3
ZONE_G,CHLOROPHYLL_A,2026-08-03T00:00:00Z,2.477,mg/m3
ZONE_G,CHLOROPHYLL_A,2026-08-04T00:00:00Z,,mg/m3
ZONE_G,CHLOROPHYLL_A,2026-08-05T00:00:00Z,2.058,mg/m3
ZONE_G,CHLOROPHYLL_A,2026-08-06T00:00:00Z,2.267,mg/m3
ZONE_G,CHLOROPHYLL_A,2026-08-07T00:00:00Z,2.123,mg/m3
ZONE_G,CHLOROPHYLL_A,2026-08-08T00:00:00Z,1.951,mg/m3
ZONE_G,CHLOROPHYLL_A,2026-08-09T00:00:00Z,2.065,mg/m3
ZONE_G,CHLOROPHYLL_A,2026-08-10T00:00:00Z,2.211,mg/m3
ZONE_G,CHLOROPHYLL_A,2026-08-11T00:00:00Z,2.72,mg/m3
ZONE_G,CHLOROPHYLL_A,2026-08-12T00:00:00Z,3.649,mg/m3
ZONE_G,CHLOROPHYLL_A,2026-08-13T00:00:00Z,2.917,mg/m3
ZONE_G,CHLOROPHYLL_A,2026-08-14T00:00:00Z,2.206,mg/m3
ZONE_G,CHLOROPHYLL_A,2026-08-15T00:00:00Z,2.104,mg/m3
ZONE_G,CHLOROPHYLL_A,2026-08-16T00:00:00Z,1.952,mg/m3
ZONE_G,CHLOROPHYLL_A,2026-08-17T00:00:00Z,1.664,mg/m3
ZONE_G,CHLOROPHYLL_A,2026-08-18T00:00:00Z,,mg/m3
ZONE_G,CHLOROPHYLL_A,2026-08-19T00:00:00Z,2.124,mg/m3
ZONE_G,CHLOROPHYLL_A,2026-08-20T00:00:00Z,1.867,mg/m3
ZONE_G,CHLOROPHYLL_A,2026-08-21T00:00:00Z,,mg/m3
ZONE_G,CHLOROPHYLL_A,2026-08-22T00:00:00Z,,mg/m3
ZONE_G,CHLOROPHYLL_A,2026-08-23T00:00:00Z,2.625,mg/m3
ZONE_G,CHLOROPHYLL_A,2026-08-24T00:00:00Z,3.019,mg/m3
ZONE_G,CHLOROPHYLL_A,2026-08-25T00:00:00Z,2.995,mg/m3
ZONE_G,CHLOROPHYLL_A,2026-08-26T00:00:00Z,2.905,mg/m3
ZONE_G,CHLOROPHYLL_A,2026-08-27T00:00:00Z,2.658,mg/m3
ZONE_G,CHLOROPHYLL_A,2026-08-28T00:00:00Z,,mg/m3
ZONE_G,CHLOROPHYLL_A,2026-08-29T00:00:00Z,1.639,mg/m3
ZONE_G,CHLOROPHYLL_A,2026-08-30T00:00:00Z,2.033,mg/m3
ZONE_G,CHLOROPHYLL_A,2026-08-31T00:00:00Z,1.771,mg/m3
ZONE_G,CHLOROPHYLL_A,2026-09-01T00:00:00Z,1.517,mg/m3
ZONE_G,CHLOROPHYLL_A,2026-09-02T00:00:00Z,,mg/m3
ZONE_G,CHLOROPHYLL_A,2026-09-03T00:00:00Z,1.934,mg/m3
ZONE_G,CHLOROPHYLL_A,2026-09-04T00:00:00Z,1.827,mg/m3
ZONE_G,CHLOROPHYLL_A,2026-09-05T00:00:00Z,1.591,mg/m3
ZONE_G,CHLOROPHYLL_A,2026-09-06T00:00:00Z,1.637,mg/m3
ZONE_G,CHLOROPHYLL_A,2026-09-07T00:00:00Z,,mg/m3
ZONE_G,CHLOROPHYLL_A,2026-09-08T00:00:00Z,,mg/m3
ZONE_G,CHLOROPHYLL_A,2026-09-09T00:00:00Z,1.557,mg/m3
ZONE_G,CHLOROPHYLL_A,2026-09-10T00:00:00Z,1.711,mg/m3
ZONE_G,WIND_SPEED,2026-06-13T00:00:00Z,25.9,kn
ZONE_G,WIND_SPEED,2026-06-14T00:00:00Z,27.0,kn
ZONE_G,WIND_SPEED,2026-06-15T00:00:00Z,24.1,kn
ZONE_G,WIND_SPEED,2026-06-16T00:00:00Z,25.1,kn
ZONE_G,WIND_SPEED,2026-06-17T00:00:00Z,26.1,kn
ZONE_G,WIND_SPEED,2026-06-18T00:00:00Z,27.6,kn
ZONE_G,WIND_SPEED,2026-06-19T00:00:00Z,28.0,kn
ZONE_G,WIND_SPEED,2026-06-20T00:00:00Z,28.2,kn
ZONE_G,WIND_SPEED,2026-06-21T00:00:00Z,28.5,kn
ZONE_G,WIND_SPEED,2026-06-22T00:00:00Z,26.4,kn
ZONE_G,WIND_SPEED,2026-06-23T00:00:00Z,26.2,kn
ZONE_G,WIND_SPEED,2026-06-24T00:00:00Z,28.1,kn
ZONE_G,WIND_SPEED,2026-06-25T00:00:00Z,26.0,kn
ZONE_G,WIND_SPEED,2026-06-26T00:00:00Z,26.6,kn
ZONE_G,WIND_SPEED,2026-06-27T00:00:00Z,28.7,kn
ZONE_G,WIND_SPEED,2026-06-28T00:00:00Z,26.5,kn
ZONE_G,WIND_SPEED,2026-06-29T00:00:00Z,26.2,kn
ZONE_G,WIND_SPEED,2026-06-30T00:00:00Z,26.5,kn
ZONE_G,WIND_SPEED,2026-07-01T00:00:00Z,23.5,kn
ZONE_G,WIND_SPEED,2026-07-02T00:00:00Z,21.1,kn
ZONE_G,WIND_SPEED,2026-07-03T00:00:00Z,21.5,kn
ZONE_G,WIND_SPEED,2026-07-04T00:00:00Z,20.1,kn
ZONE_G,WIND_SPEED,2026-07-05T00:00:00Z,23.4,kn
ZONE_G,WIND_SPEED,2026-07-06T00:00:00Z,25.1,kn
ZONE_G,WIND_SPEED,2026-07-07T00:00:00Z,24.5,kn
ZONE_G,WIND_SPEED,2026-07-08T00:00:00Z,24.7,kn
ZONE_G,WIND_SPEED,2026-07-09T00:00:00Z,23.2,kn
ZONE_G,WIND_SPEED,2026-07-10T00:00:00Z,23.2,kn
ZONE_G,WIND_SPEED,2026-07-11T00:00:00Z,23.4,kn
ZONE_G,WIND_SPEED,2026-07-12T00:00:00Z,26.3,kn
ZONE_G,WIND_SPEED,2026-07-13T00:00:00Z,26.6,kn
ZONE_G,WIND_SPEED,2026-07-14T00:00:00Z,24.3,kn
ZONE_G,WIND_SPEED,2026-07-15T00:00:00Z,24.6,kn
ZONE_G,WIND_SPEED,2026-07-16T00:00:00Z,24.2,kn
ZONE_G,WIND_SPEED,2026-07-17T00:00:00Z,23.7,kn
ZONE_G,WIND_SPEED,2026-07-18T00:00:00Z,20.2,kn
ZONE_G,WIND_SPEED,2026-07-19T00:00:00Z,21.9,kn
ZONE_G,WIND_SPEED,2026-07-20T00:00:00Z,25.0,kn
ZONE_G,WIND_SPEED,2026-07-21T00:00:00Z,26.4,kn
ZONE_G,WIND_SPEED,2026-07-22T00:00:00Z,25.0,kn
ZONE_G,WIND_SPEED,2026-07-23T00:00:00Z,25.6,kn
ZONE_G,WIND_SPEED,2026-07-24T00:00:00Z,25.9,kn
ZONE_G,WIND_SPEED,2026-07-25T00:00:00Z,27.4,kn
ZONE_G,WIND_SPEED,2026-07-26T00:00:00Z,27.3,kn
ZONE_G,WIND_SPEED,2026-07-27T00:00:00Z,30.5,kn
ZONE_G,WIND_SPEED,2026-07-28T00:00:00Z,30.3,kn
ZONE_G,WIND_SPEED,2026-07-29T00:00:00Z,30.5,kn
ZONE_G,WIND_SPEED,2026-07-30T00:00:00Z,28.7,kn
ZONE_G,WIND_SPEED,2026-07-31T00:00:00Z,27.9,kn
ZONE_G,WIND_SPEED,2026-08-01T00:00:00Z,25.9,kn
ZONE_G,WIND_SPEED,2026-08-02T00:00:00Z,26.6,kn
ZONE_G,WIND_SPEED,2026-08-03T00:00:00Z,28.0,kn
ZONE_G,WIND_SPEED,2026-08-04T00:00:00Z,27.7,kn
ZONE_G,WIND_SPEED,2026-08-05T00:00:00Z,27.0,kn
ZONE_G,WIND_SPEED,2026-08-06T00:00:00Z,28.2,kn
ZONE_G,WIND_SPEED,2026-08-07T00:00:00Z,26.1,kn
ZONE_G,WIND_SPEED,2026-08-08T00:00:00Z,26.5,kn
ZONE_G,WIND_SPEED,2026-08-09T00:00:00Z,25.9,kn
ZONE_G,WIND_SPEED,2026-08-10T00:00:00Z,27.8,kn
ZONE_G,WIND_SPEED,2026-08-11T00:00:00Z,27.5,kn
ZONE_G,WIND_SPEED,2026-08-12T00:00:00Z,24.0,kn
ZONE_G,WIND_SPEED,2026-08-13T00:00:00Z,23.5,kn
ZONE_G,WIND_SPEED,2026-08-14T00:00:00Z,21.5,kn
ZONE_G,WIND_SPEED,2026-08-15T00:00:00Z,22.2,kn
ZONE_G,WIND_SPEED,2026-08-16T00:00:00Z,19.9,kn
ZONE_G,WIND_SPEED,2026-08-17T00:00:00Z,21.1,kn
ZONE_G,WIND_SPEED,2026-08-18T00:00:00Z,21.8,kn
ZONE_G,WIND_SPEED,2026-08-19T00:00:00Z,22.2,kn
ZONE_G,WIND_SPEED,2026-08-20T00:00:00Z,17.4,kn
ZONE_G,WIND_SPEED,2026-08-21T00:00:00Z,19.2,kn
ZONE_G,WIND_SPEED,2026-08-22T00:00:00Z,18.1,kn
ZONE_G,WIND_SPEED,2026-08-23T00:00:00Z,18.9,kn
ZONE_G,WIND_SPEED,2026-08-24T00:00:00Z,19.7,kn
ZONE_G,WIND_SPEED,2026-08-25T00:00:00Z,21.6,kn
ZONE_G,WIND_SPEED,2026-08-26T00:00:00Z,22.8,kn
ZONE_G,WIND_SPEED,2026-08-27T00:00:00Z,21.1,kn
ZONE_G,WIND_SPEED,2026-08-28T00:00:00Z,21.1,kn
ZONE_G,WIND_SPEED,2026-08-29T00:00:00Z,20.0,kn
ZONE_G,WIND_SPEED,2026-08-30T00:00:00Z,19.7,kn
ZONE_G,WIND_SPEED,2026-08-31T00:00:00Z,20.4,kn
ZONE_G,WIND_SPEED,2026-09-01T00:00:00Z,22.5,kn
ZONE_G,WIND_SPEED,2026-09-02T00:00:00Z,20.1,kn
ZONE_G,WIND_SPEED,2026-09-03T00:00:00Z,19.7,kn
ZONE_G,WIND_SPEED,2026-09-04T00:00:00Z,20.6,kn
ZONE_G,WIND_SPEED,2026-09-05T00:00:00Z,20.0,kn
ZONE_G,WIND_SPEED,2026-09-06T00:00:00Z,22.2,kn
ZONE_G,WIND_SPEED,2026-09-07T00:00:00Z,20.0,kn
ZONE_G,WIND_SPEED,2026-09-08T00:00:00Z,17.9,kn
ZONE_G,WIND_SPEED,2026-09-09T00:00:00Z,20.7,kn
ZONE_G,WIND_SPEED,2026-09-10T00:00:00Z,21.0,kn
ZONE_G,SIGNIFICANT_WAVE_HEIGHT,2026-06-13T00:00:00Z,3.28,m
ZONE_G,SIGNIFICANT_WAVE_HEIGHT,2026-06-14T00:00:00Z,2.87,m
ZONE_G,SIGNIFICANT_WAVE_HEIGHT,2026-06-15T00:00:00Z,3.13,m
ZONE_G,SIGNIFICANT_WAVE_HEIGHT,2026-06-16T00:00:00Z,3.23,m
ZONE_G,SIGNIFICANT_WAVE_HEIGHT,2026-06-17T00:00:00Z,3.39,m
ZONE_G,SIGNIFICANT_WAVE_HEIGHT,2026-06-18T00:00:00Z,3.33,m
ZONE_G,SIGNIFICANT_WAVE_HEIGHT,2026-06-19T00:00:00Z,3.45,m
ZONE_G,SIGNIFICANT_WAVE_HEIGHT,2026-06-20T00:00:00Z,3.18,m
ZONE_G,SIGNIFICANT_WAVE_HEIGHT,2026-06-21T00:00:00Z,3.24,m
ZONE_G,SIGNIFICANT_WAVE_HEIGHT,2026-06-22T00:00:00Z,3.14,m
ZONE_G,SIGNIFICANT_WAVE_HEIGHT,2026-06-23T00:00:00Z,3.22,m
ZONE_G,SIGNIFICANT_WAVE_HEIGHT,2026-06-24T00:00:00Z,3.12,m
ZONE_G,SIGNIFICANT_WAVE_HEIGHT,2026-06-25T00:00:00Z,3.23,m
ZONE_G,SIGNIFICANT_WAVE_HEIGHT,2026-06-26T00:00:00Z,3.19,m
ZONE_G,SIGNIFICANT_WAVE_HEIGHT,2026-06-27T00:00:00Z,3.12,m
ZONE_G,SIGNIFICANT_WAVE_HEIGHT,2026-06-28T00:00:00Z,2.99,m
ZONE_G,SIGNIFICANT_WAVE_HEIGHT,2026-06-29T00:00:00Z,2.79,m
ZONE_G,SIGNIFICANT_WAVE_HEIGHT,2026-06-30T00:00:00Z,3.04,m
ZONE_G,SIGNIFICANT_WAVE_HEIGHT,2026-07-01T00:00:00Z,3.15,m
ZONE_G,SIGNIFICANT_WAVE_HEIGHT,2026-07-02T00:00:00Z,3.08,m
ZONE_G,SIGNIFICANT_WAVE_HEIGHT,2026-07-03T00:00:00Z,3.25,m
ZONE_G,SIGNIFICANT_WAVE_HEIGHT,2026-07-04T00:00:00Z,3.01,m
ZONE_G,SIGNIFICANT_WAVE_HEIGHT,2026-07-05T00:00:00Z,2.98,m
ZONE_G,SIGNIFICANT_WAVE_HEIGHT,2026-07-06T00:00:00Z,3.02,m
ZONE_G,SIGNIFICANT_WAVE_HEIGHT,2026-07-07T00:00:00Z,3.22,m
ZONE_G,SIGNIFICANT_WAVE_HEIGHT,2026-07-08T00:00:00Z,3.17,m
ZONE_G,SIGNIFICANT_WAVE_HEIGHT,2026-07-09T00:00:00Z,3.07,m
ZONE_G,SIGNIFICANT_WAVE_HEIGHT,2026-07-10T00:00:00Z,3.04,m
ZONE_G,SIGNIFICANT_WAVE_HEIGHT,2026-07-11T00:00:00Z,2.88,m
ZONE_G,SIGNIFICANT_WAVE_HEIGHT,2026-07-12T00:00:00Z,2.96,m
ZONE_G,SIGNIFICANT_WAVE_HEIGHT,2026-07-13T00:00:00Z,2.92,m
ZONE_G,SIGNIFICANT_WAVE_HEIGHT,2026-07-14T00:00:00Z,2.96,m
ZONE_G,SIGNIFICANT_WAVE_HEIGHT,2026-07-15T00:00:00Z,3.16,m
ZONE_G,SIGNIFICANT_WAVE_HEIGHT,2026-07-16T00:00:00Z,3.08,m
ZONE_G,SIGNIFICANT_WAVE_HEIGHT,2026-07-17T00:00:00Z,3.06,m
ZONE_G,SIGNIFICANT_WAVE_HEIGHT,2026-07-18T00:00:00Z,2.96,m
ZONE_G,SIGNIFICANT_WAVE_HEIGHT,2026-07-19T00:00:00Z,2.69,m
ZONE_G,SIGNIFICANT_WAVE_HEIGHT,2026-07-20T00:00:00Z,2.61,m
ZONE_G,SIGNIFICANT_WAVE_HEIGHT,2026-07-21T00:00:00Z,2.68,m
ZONE_G,SIGNIFICANT_WAVE_HEIGHT,2026-07-22T00:00:00Z,2.59,m
ZONE_G,SIGNIFICANT_WAVE_HEIGHT,2026-07-23T00:00:00Z,2.41,m
ZONE_G,SIGNIFICANT_WAVE_HEIGHT,2026-07-24T00:00:00Z,2.71,m
ZONE_G,SIGNIFICANT_WAVE_HEIGHT,2026-07-25T00:00:00Z,2.56,m
ZONE_G,SIGNIFICANT_WAVE_HEIGHT,2026-07-26T00:00:00Z,2.73,m
ZONE_G,SIGNIFICANT_WAVE_HEIGHT,2026-07-27T00:00:00Z,2.89,m
ZONE_G,SIGNIFICANT_WAVE_HEIGHT,2026-07-28T00:00:00Z,2.9,m
ZONE_G,SIGNIFICANT_WAVE_HEIGHT,2026-07-29T00:00:00Z,2.71,m
ZONE_G,SIGNIFICANT_WAVE_HEIGHT,2026-07-30T00:00:00Z,2.72,m
ZONE_G,SIGNIFICANT_WAVE_HEIGHT,2026-07-31T00:00:00Z,2.66,m
ZONE_G,SIGNIFICANT_WAVE_HEIGHT,2026-08-01T00:00:00Z,2.67,m
ZONE_G,SIGNIFICANT_WAVE_HEIGHT,2026-08-02T00:00:00Z,2.74,m
ZONE_G,SIGNIFICANT_WAVE_HEIGHT,2026-08-03T00:00:00Z,2.73,m
ZONE_G,SIGNIFICANT_WAVE_HEIGHT,2026-08-04T00:00:00Z,2.77,m
ZONE_G,SIGNIFICANT_WAVE_HEIGHT,2026-08-05T00:00:00Z,2.86,m
ZONE_G,SIGNIFICANT_WAVE_HEIGHT,2026-08-06T00:00:00Z,2.99,m
ZONE_G,SIGNIFICANT_WAVE_HEIGHT,2026-08-07T00:00:00Z,3.04,m
ZONE_G,SIGNIFICANT_WAVE_HEIGHT,2026-08-08T00:00:00Z,2.94,m
ZONE_G,SIGNIFICANT_WAVE_HEIGHT,2026-08-09T00:00:00Z,2.81,m
ZONE_G,SIGNIFICANT_WAVE_HEIGHT,2026-08-10T00:00:00Z,2.92,m
ZONE_G,SIGNIFICANT_WAVE_HEIGHT,2026-08-11T00:00:00Z,2.79,m
ZONE_G,SIGNIFICANT_WAVE_HEIGHT,2026-08-12T00:00:00Z,2.99,m
ZONE_G,SIGNIFICANT_WAVE_HEIGHT,2026-08-13T00:00:00Z,2.95,m
ZONE_G,SIGNIFICANT_WAVE_HEIGHT,2026-08-14T00:00:00Z,2.85,m
ZONE_G,SIGNIFICANT_WAVE_HEIGHT,2026-08-15T00:00:00Z,2.89,m
ZONE_G,SIGNIFICANT_WAVE_HEIGHT,2026-08-16T00:00:00Z,2.51,m
ZONE_G,SIGNIFICANT_WAVE_HEIGHT,2026-08-17T00:00:00Z,2.48,m
ZONE_G,SIGNIFICANT_WAVE_HEIGHT,2026-08-18T00:00:00Z,2.53,m
ZONE_G,SIGNIFICANT_WAVE_HEIGHT,2026-08-19T00:00:00Z,2.77,m
ZONE_G,SIGNIFICANT_WAVE_HEIGHT,2026-08-20T00:00:00Z,2.83,m
ZONE_G,SIGNIFICANT_WAVE_HEIGHT,2026-08-21T00:00:00Z,2.43,m
ZONE_G,SIGNIFICANT_WAVE_HEIGHT,2026-08-22T00:00:00Z,2.31,m
ZONE_G,SIGNIFICANT_WAVE_HEIGHT,2026-08-23T00:00:00Z,2.23,m
ZONE_G,SIGNIFICANT_WAVE_HEIGHT,2026-08-24T00:00:00Z,2.31,m
ZONE_G,SIGNIFICANT_WAVE_HEIGHT,2026-08-25T00:00:00Z,2.42,m
ZONE_G,SIGNIFICANT_WAVE_HEIGHT,2026-08-26T00:00:00Z,2.44,m
ZONE_G,SIGNIFICANT_WAVE_HEIGHT,2026-08-27T00:00:00Z,2.44,m
ZONE_G,SIGNIFICANT_WAVE_HEIGHT,2026-08-28T00:00:00Z,2.22,m
ZONE_G,SIGNIFICANT_WAVE_HEIGHT,2026-08-29T00:00:00Z,2.15,m
ZONE_G,SIGNIFICANT_WAVE_HEIGHT,2026-08-30T00:00:00Z,2.16,m
ZONE_G,SIGNIFICANT_WAVE_HEIGHT,2026-08-31T00:00:00Z,1.92,m
ZONE_G,SIGNIFICANT_WAVE_HEIGHT,2026-09-01T00:00:00Z,2.07,m
ZONE_G,SIGNIFICANT_WAVE_HEIGHT,2026-09-02T00:00:00Z,2.28,m
ZONE_G,SIGNIFICANT_WAVE_HEIGHT,2026-09-03T00:00:00Z,2.0,m
ZONE_G,SIGNIFICANT_WAVE_HEIGHT,2026-09-04T00:00:00Z,1.85,m
ZONE_G,SIGNIFICANT_WAVE_HEIGHT,2026-09-05T00:00:00Z,1.91,m
ZONE_G,SIGNIFICANT_WAVE_HEIGHT,2026-09-06T00:00:00Z,1.75,m
ZONE_G,SIGNIFICANT_WAVE_HEIGHT,2026-09-07T00:00:00Z,1.93,m
ZONE_G,SIGNIFICANT_WAVE_HEIGHT,2026-09-08T00:00:00Z,1.9,m
ZONE_G,SIGNIFICANT_WAVE_HEIGHT,2026-09-09T00:00:00Z,2.05,m
ZONE_G,SIGNIFICANT_WAVE_HEIGHT,2026-09-10T00:00:00Z,2.14,m
ZONE_H,SST,2026-06-13T00:00:00Z,28.41,degC
ZONE_H,SST,2026-06-14T00:00:00Z,28.29,degC
ZONE_H,SST,2026-06-15T00:00:00Z,28.41,degC
ZONE_H,SST,2026-06-16T00:00:00Z,28.62,degC
ZONE_H,SST,2026-06-17T00:00:00Z,28.52,degC
ZONE_H,SST,2026-06-18T00:00:00Z,28.73,degC
ZONE_H,SST,2026-06-19T00:00:00Z,28.72,degC
ZONE_H,SST,2026-06-20T00:00:00Z,28.53,degC
ZONE_H,SST,2026-06-21T00:00:00Z,28.6,degC
ZONE_H,SST,2026-06-22T00:00:00Z,28.63,degC
ZONE_H,SST,2026-06-23T00:00:00Z,28.53,degC
ZONE_H,SST,2026-06-24T00:00:00Z,28.5,degC
ZONE_H,SST,2026-06-25T00:00:00Z,28.47,degC
ZONE_H,SST,2026-06-26T00:00:00Z,28.37,degC
ZONE_H,SST,2026-06-27T00:00:00Z,28.29,degC
ZONE_H,SST,2026-06-28T00:00:00Z,28.5,degC
ZONE_H,SST,2026-06-29T00:00:00Z,28.22,degC
ZONE_H,SST,2026-06-30T00:00:00Z,28.12,degC
ZONE_H,SST,2026-07-01T00:00:00Z,28.12,degC
ZONE_H,SST,2026-07-02T00:00:00Z,28.07,degC
ZONE_H,SST,2026-07-03T00:00:00Z,28.22,degC
ZONE_H,SST,2026-07-04T00:00:00Z,28.39,degC
ZONE_H,SST,2026-07-05T00:00:00Z,28.14,degC
ZONE_H,SST,2026-07-06T00:00:00Z,28.19,degC
ZONE_H,SST,2026-07-07T00:00:00Z,28.19,degC
ZONE_H,SST,2026-07-08T00:00:00Z,28.23,degC
ZONE_H,SST,2026-07-09T00:00:00Z,28.17,degC
ZONE_H,SST,2026-07-10T00:00:00Z,28.43,degC
ZONE_H,SST,2026-07-11T00:00:00Z,28.45,degC
ZONE_H,SST,2026-07-12T00:00:00Z,28.29,degC
ZONE_H,SST,2026-07-13T00:00:00Z,27.95,degC
ZONE_H,SST,2026-07-14T00:00:00Z,27.96,degC
ZONE_H,SST,2026-07-15T00:00:00Z,27.94,degC
ZONE_H,SST,2026-07-16T00:00:00Z,27.94,degC
ZONE_H,SST,2026-07-17T00:00:00Z,27.94,degC
ZONE_H,SST,2026-07-18T00:00:00Z,27.85,degC
ZONE_H,SST,2026-07-19T00:00:00Z,27.8,degC
ZONE_H,SST,2026-07-20T00:00:00Z,27.86,degC
ZONE_H,SST,2026-07-21T00:00:00Z,27.8,degC
ZONE_H,SST,2026-07-22T00:00:00Z,28.08,degC
ZONE_H,SST,2026-07-23T00:00:00Z,28.15,degC
ZONE_H,SST,2026-07-24T00:00:00Z,28.07,degC
ZONE_H,SST,2026-07-25T00:00:00Z,27.94,degC
ZONE_H,SST,2026-07-26T00:00:00Z,27.89,degC
ZONE_H,SST,2026-07-27T00:00:00Z,27.89,degC
ZONE_H,SST,2026-07-28T00:00:00Z,27.97,degC
ZONE_H,SST,2026-07-29T00:00:00Z,28.21,degC
ZONE_H,SST,2026-07-30T00:00:00Z,28.05,degC
ZONE_H,SST,2026-07-31T00:00:00Z,28.17,degC
ZONE_H,SST,2026-08-01T00:00:00Z,28.02,degC
ZONE_H,SST,2026-08-02T00:00:00Z,28.1,degC
ZONE_H,SST,2026-08-03T00:00:00Z,28.02,degC
ZONE_H,SST,2026-08-04T00:00:00Z,28.04,degC
ZONE_H,SST,2026-08-05T00:00:00Z,27.95,degC
ZONE_H,SST,2026-08-06T00:00:00Z,28.05,degC
ZONE_H,SST,2026-08-07T00:00:00Z,28.04,degC
ZONE_H,SST,2026-08-08T00:00:00Z,28.04,degC
ZONE_H,SST,2026-08-09T00:00:00Z,28.07,degC
ZONE_H,SST,2026-08-10T00:00:00Z,27.98,degC
ZONE_H,SST,2026-08-11T00:00:00Z,28.05,degC
ZONE_H,SST,2026-08-12T00:00:00Z,28.26,degC
ZONE_H,SST,2026-08-13T00:00:00Z,28.29,degC
ZONE_H,SST,2026-08-14T00:00:00Z,28.45,degC
ZONE_H,SST,2026-08-15T00:00:00Z,28.39,degC
ZONE_H,SST,2026-08-16T00:00:00Z,28.34,degC
ZONE_H,SST,2026-08-17T00:00:00Z,28.42,degC
ZONE_H,SST,2026-08-18T00:00:00Z,28.53,degC
ZONE_H,SST,2026-08-19T00:00:00Z,28.62,degC
ZONE_H,SST,2026-08-20T00:00:00Z,28.48,degC
ZONE_H,SST,2026-08-21T00:00:00Z,28.45,degC
ZONE_H,SST,2026-08-22T00:00:00Z,28.46,degC
ZONE_H,SST,2026-08-23T00:00:00Z,28.57,degC
ZONE_H,SST,2026-08-24T00:00:00Z,28.36,degC
ZONE_H,SST,2026-08-25T00:00:00Z,28.29,degC
ZONE_H,SST,2026-08-26T00:00:00Z,28.19,degC
ZONE_H,SST,2026-08-27T00:00:00Z,28.13,degC
ZONE_H,SST,2026-08-28T00:00:00Z,28.24,degC
ZONE_H,SST,2026-08-29T00:00:00Z,28.55,degC
ZONE_H,SST,2026-08-30T00:00:00Z,28.44,degC
ZONE_H,SST,2026-08-31T00:00:00Z,28.53,degC
ZONE_H,SST,2026-09-01T00:00:00Z,28.43,degC
ZONE_H,SST,2026-09-02T00:00:00Z,28.43,degC
ZONE_H,SST,2026-09-03T00:00:00Z,28.72,degC
ZONE_H,SST,2026-09-04T00:00:00Z,28.69,degC
ZONE_H,SST,2026-09-05T00:00:00Z,28.84,degC
ZONE_H,SST,2026-09-06T00:00:00Z,28.81,degC
ZONE_H,SST,2026-09-07T00:00:00Z,28.9,degC
ZONE_H,SST,2026-09-08T00:00:00Z,28.98,degC
ZONE_H,SST,2026-09-09T00:00:00Z,29.13,degC
ZONE_H,SST,2026-09-10T00:00:00Z,29.02,degC
ZONE_H,CHLOROPHYLL_A,2026-06-13T00:00:00Z,2.143,mg/m3
ZONE_H,CHLOROPHYLL_A,2026-06-14T00:00:00Z,3.152,mg/m3
ZONE_H,CHLOROPHYLL_A,2026-06-15T00:00:00Z,2.685,mg/m3
ZONE_H,CHLOROPHYLL_A,2026-06-16T00:00:00Z,2.581,mg/m3
ZONE_H,CHLOROPHYLL_A,2026-06-17T00:00:00Z,2.261,mg/m3
ZONE_H,CHLOROPHYLL_A,2026-06-18T00:00:00Z,2.133,mg/m3
ZONE_H,CHLOROPHYLL_A,2026-06-19T00:00:00Z,2.644,mg/m3
ZONE_H,CHLOROPHYLL_A,2026-06-20T00:00:00Z,2.934,mg/m3
ZONE_H,CHLOROPHYLL_A,2026-06-21T00:00:00Z,3.845,mg/m3
ZONE_H,CHLOROPHYLL_A,2026-06-22T00:00:00Z,2.716,mg/m3
ZONE_H,CHLOROPHYLL_A,2026-06-23T00:00:00Z,2.64,mg/m3
ZONE_H,CHLOROPHYLL_A,2026-06-24T00:00:00Z,2.413,mg/m3
ZONE_H,CHLOROPHYLL_A,2026-06-25T00:00:00Z,2.285,mg/m3
ZONE_H,CHLOROPHYLL_A,2026-06-26T00:00:00Z,2.39,mg/m3
ZONE_H,CHLOROPHYLL_A,2026-06-27T00:00:00Z,2.573,mg/m3
ZONE_H,CHLOROPHYLL_A,2026-06-28T00:00:00Z,2.255,mg/m3
ZONE_H,CHLOROPHYLL_A,2026-06-29T00:00:00Z,3.001,mg/m3
ZONE_H,CHLOROPHYLL_A,2026-06-30T00:00:00Z,2.71,mg/m3
ZONE_H,CHLOROPHYLL_A,2026-07-01T00:00:00Z,2.775,mg/m3
ZONE_H,CHLOROPHYLL_A,2026-07-02T00:00:00Z,3.463,mg/m3
ZONE_H,CHLOROPHYLL_A,2026-07-03T00:00:00Z,2.101,mg/m3
ZONE_H,CHLOROPHYLL_A,2026-07-04T00:00:00Z,2.679,mg/m3
ZONE_H,CHLOROPHYLL_A,2026-07-05T00:00:00Z,3.376,mg/m3
ZONE_H,CHLOROPHYLL_A,2026-07-06T00:00:00Z,,mg/m3
ZONE_H,CHLOROPHYLL_A,2026-07-07T00:00:00Z,3.431,mg/m3
ZONE_H,CHLOROPHYLL_A,2026-07-08T00:00:00Z,3.331,mg/m3
ZONE_H,CHLOROPHYLL_A,2026-07-09T00:00:00Z,2.509,mg/m3
ZONE_H,CHLOROPHYLL_A,2026-07-10T00:00:00Z,2.741,mg/m3
ZONE_H,CHLOROPHYLL_A,2026-07-11T00:00:00Z,2.513,mg/m3
ZONE_H,CHLOROPHYLL_A,2026-07-12T00:00:00Z,2.933,mg/m3
ZONE_H,CHLOROPHYLL_A,2026-07-13T00:00:00Z,3.229,mg/m3
ZONE_H,CHLOROPHYLL_A,2026-07-14T00:00:00Z,,mg/m3
ZONE_H,CHLOROPHYLL_A,2026-07-15T00:00:00Z,2.443,mg/m3
ZONE_H,CHLOROPHYLL_A,2026-07-16T00:00:00Z,2.196,mg/m3
ZONE_H,CHLOROPHYLL_A,2026-07-17T00:00:00Z,1.65,mg/m3
ZONE_H,CHLOROPHYLL_A,2026-07-18T00:00:00Z,2.374,mg/m3
ZONE_H,CHLOROPHYLL_A,2026-07-19T00:00:00Z,2.273,mg/m3
ZONE_H,CHLOROPHYLL_A,2026-07-20T00:00:00Z,2.814,mg/m3
ZONE_H,CHLOROPHYLL_A,2026-07-21T00:00:00Z,1.621,mg/m3
ZONE_H,CHLOROPHYLL_A,2026-07-22T00:00:00Z,1.836,mg/m3
ZONE_H,CHLOROPHYLL_A,2026-07-23T00:00:00Z,1.673,mg/m3
ZONE_H,CHLOROPHYLL_A,2026-07-24T00:00:00Z,2.2,mg/m3
ZONE_H,CHLOROPHYLL_A,2026-07-25T00:00:00Z,2.38,mg/m3
ZONE_H,CHLOROPHYLL_A,2026-07-26T00:00:00Z,2.389,mg/m3
ZONE_H,CHLOROPHYLL_A,2026-07-27T00:00:00Z,2.281,mg/m3
ZONE_H,CHLOROPHYLL_A,2026-07-28T00:00:00Z,2.1,mg/m3
ZONE_H,CHLOROPHYLL_A,2026-07-29T00:00:00Z,2.261,mg/m3
ZONE_H,CHLOROPHYLL_A,2026-07-30T00:00:00Z,2.306,mg/m3
ZONE_H,CHLOROPHYLL_A,2026-07-31T00:00:00Z,2.17,mg/m3
ZONE_H,CHLOROPHYLL_A,2026-08-01T00:00:00Z,1.807,mg/m3
ZONE_H,CHLOROPHYLL_A,2026-08-02T00:00:00Z,1.627,mg/m3
ZONE_H,CHLOROPHYLL_A,2026-08-03T00:00:00Z,1.537,mg/m3
ZONE_H,CHLOROPHYLL_A,2026-08-04T00:00:00Z,,mg/m3
ZONE_H,CHLOROPHYLL_A,2026-08-05T00:00:00Z,2.029,mg/m3
ZONE_H,CHLOROPHYLL_A,2026-08-06T00:00:00Z,1.579,mg/m3
ZONE_H,CHLOROPHYLL_A,2026-08-07T00:00:00Z,1.932,mg/m3
ZONE_H,CHLOROPHYLL_A,2026-08-08T00:00:00Z,1.582,mg/m3
ZONE_H,CHLOROPHYLL_A,2026-08-09T00:00:00Z,,mg/m3
ZONE_H,CHLOROPHYLL_A,2026-08-10T00:00:00Z,1.606,mg/m3
ZONE_H,CHLOROPHYLL_A,2026-08-11T00:00:00Z,1.012,mg/m3
ZONE_H,CHLOROPHYLL_A,2026-08-12T00:00:00Z,1.213,mg/m3
ZONE_H,CHLOROPHYLL_A,2026-08-13T00:00:00Z,1.334,mg/m3
ZONE_H,CHLOROPHYLL_A,2026-08-14T00:00:00Z,1.301,mg/m3
ZONE_H,CHLOROPHYLL_A,2026-08-15T00:00:00Z,1.055,mg/m3
ZONE_H,CHLOROPHYLL_A,2026-08-16T00:00:00Z,1.568,mg/m3
ZONE_H,CHLOROPHYLL_A,2026-08-17T00:00:00Z,2.514,mg/m3
ZONE_H,CHLOROPHYLL_A,2026-08-18T00:00:00Z,2.359,mg/m3
ZONE_H,CHLOROPHYLL_A,2026-08-19T00:00:00Z,1.878,mg/m3
ZONE_H,CHLOROPHYLL_A,2026-08-20T00:00:00Z,1.809,mg/m3
ZONE_H,CHLOROPHYLL_A,2026-08-21T00:00:00Z,1.924,mg/m3
ZONE_H,CHLOROPHYLL_A,2026-08-22T00:00:00Z,1.527,mg/m3
ZONE_H,CHLOROPHYLL_A,2026-08-23T00:00:00Z,1.725,mg/m3
ZONE_H,CHLOROPHYLL_A,2026-08-24T00:00:00Z,1.561,mg/m3
ZONE_H,CHLOROPHYLL_A,2026-08-25T00:00:00Z,1.416,mg/m3
ZONE_H,CHLOROPHYLL_A,2026-08-26T00:00:00Z,1.032,mg/m3
ZONE_H,CHLOROPHYLL_A,2026-08-27T00:00:00Z,1.197,mg/m3
ZONE_H,CHLOROPHYLL_A,2026-08-28T00:00:00Z,1.132,mg/m3
ZONE_H,CHLOROPHYLL_A,2026-08-29T00:00:00Z,1.514,mg/m3
ZONE_H,CHLOROPHYLL_A,2026-08-30T00:00:00Z,1.267,mg/m3
ZONE_H,CHLOROPHYLL_A,2026-08-31T00:00:00Z,1.148,mg/m3
ZONE_H,CHLOROPHYLL_A,2026-09-01T00:00:00Z,1.11,mg/m3
ZONE_H,CHLOROPHYLL_A,2026-09-02T00:00:00Z,1.374,mg/m3
ZONE_H,CHLOROPHYLL_A,2026-09-03T00:00:00Z,0.971,mg/m3
ZONE_H,CHLOROPHYLL_A,2026-09-04T00:00:00Z,1.167,mg/m3
ZONE_H,CHLOROPHYLL_A,2026-09-05T00:00:00Z,,mg/m3
ZONE_H,CHLOROPHYLL_A,2026-09-06T00:00:00Z,1.398,mg/m3
ZONE_H,CHLOROPHYLL_A,2026-09-07T00:00:00Z,1.635,mg/m3
ZONE_H,CHLOROPHYLL_A,2026-09-08T00:00:00Z,2.233,mg/m3
ZONE_H,CHLOROPHYLL_A,2026-09-09T00:00:00Z,1.709,mg/m3
ZONE_H,CHLOROPHYLL_A,2026-09-10T00:00:00Z,1.138,mg/m3
ZONE_H,WIND_SPEED,2026-06-13T00:00:00Z,39.4,kn
ZONE_H,WIND_SPEED,2026-06-14T00:00:00Z,41.4,kn
ZONE_H,WIND_SPEED,2026-06-15T00:00:00Z,44.6,kn
ZONE_H,WIND_SPEED,2026-06-16T00:00:00Z,42.4,kn
ZONE_H,WIND_SPEED,2026-06-17T00:00:00Z,42.9,kn
ZONE_H,WIND_SPEED,2026-06-18T00:00:00Z,43.5,kn
ZONE_H,WIND_SPEED,2026-06-19T00:00:00Z,41.5,kn
ZONE_H,WIND_SPEED,2026-06-20T00:00:00Z,39.0,kn
ZONE_H,WIND_SPEED,2026-06-21T00:00:00Z,39.5,kn
ZONE_H,WIND_SPEED,2026-06-22T00:00:00Z,38.2,kn
ZONE_H,WIND_SPEED,2026-06-23T00:00:00Z,37.3,kn
ZONE_H,WIND_SPEED,2026-06-24T00:00:00Z,37.6,kn
ZONE_H,WIND_SPEED,2026-06-25T00:00:00Z,36.7,kn
ZONE_H,WIND_SPEED,2026-06-26T00:00:00Z,37.2,kn
ZONE_H,WIND_SPEED,2026-06-27T00:00:00Z,39.3,kn
ZONE_H,WIND_SPEED,2026-06-28T00:00:00Z,38.7,kn
ZONE_H,WIND_SPEED,2026-06-29T00:00:00Z,37.8,kn
ZONE_H,WIND_SPEED,2026-06-30T00:00:00Z,37.7,kn
ZONE_H,WIND_SPEED,2026-07-01T00:00:00Z,36.1,kn
ZONE_H,WIND_SPEED,2026-07-02T00:00:00Z,35.5,kn
ZONE_H,WIND_SPEED,2026-07-03T00:00:00Z,35.9,kn
ZONE_H,WIND_SPEED,2026-07-04T00:00:00Z,37.4,kn
ZONE_H,WIND_SPEED,2026-07-05T00:00:00Z,35.8,kn
ZONE_H,WIND_SPEED,2026-07-06T00:00:00Z,36.3,kn
ZONE_H,WIND_SPEED,2026-07-07T00:00:00Z,34.4,kn
ZONE_H,WIND_SPEED,2026-07-08T00:00:00Z,35.1,kn
ZONE_H,WIND_SPEED,2026-07-09T00:00:00Z,33.1,kn
ZONE_H,WIND_SPEED,2026-07-10T00:00:00Z,34.8,kn
ZONE_H,WIND_SPEED,2026-07-11T00:00:00Z,37.0,kn
ZONE_H,WIND_SPEED,2026-07-12T00:00:00Z,38.1,kn
ZONE_H,WIND_SPEED,2026-07-13T00:00:00Z,35.2,kn
ZONE_H,WIND_SPEED,2026-07-14T00:00:00Z,35.2,kn
ZONE_H,WIND_SPEED,2026-07-15T00:00:00Z,36.1,kn
ZONE_H,WIND_SPEED,2026-07-16T00:00:00Z,36.4,kn
ZONE_H,WIND_SPEED,2026-07-17T00:00:00Z,35.1,kn
ZONE_H,WIND_SPEED,2026-07-18T00:00:00Z,36.9,kn
ZONE_H,WIND_SPEED,2026-07-19T00:00:00Z,35.2,kn
ZONE_H,WIND_SPEED,2026-07-20T00:00:00Z,34.9,kn
ZONE_H,WIND_SPEED,2026-07-21T00:00:00Z,32.9,kn
ZONE_H,WIND_SPEED,2026-07-22T00:00:00Z,35.9,kn
ZONE_H,WIND_SPEED,2026-07-23T00:00:00Z,34.8,kn
ZONE_H,WIND_SPEED,2026-07-24T00:00:00Z,33.5,kn
ZONE_H,WIND_SPEED,2026-07-25T00:00:00Z,32.9,kn
ZONE_H,WIND_SPEED,2026-07-26T00:00:00Z,30.8,kn
ZONE_H,WIND_SPEED,2026-07-27T00:00:00Z,34.3,kn
ZONE_H,WIND_SPEED,2026-07-28T00:00:00Z,32.6,kn
ZONE_H,WIND_SPEED,2026-07-29T00:00:00Z,33.1,kn
ZONE_H,WIND_SPEED,2026-07-30T00:00:00Z,32.4,kn
ZONE_H,WIND_SPEED,2026-07-31T00:00:00Z,33.5,kn
ZONE_H,WIND_SPEED,2026-08-01T00:00:00Z,33.3,kn
ZONE_H,WIND_SPEED,2026-08-02T00:00:00Z,34.8,kn
ZONE_H,WIND_SPEED,2026-08-03T00:00:00Z,34.9,kn
ZONE_H,WIND_SPEED,2026-08-04T00:00:00Z,31.9,kn
ZONE_H,WIND_SPEED,2026-08-05T00:00:00Z,34.6,kn
ZONE_H,WIND_SPEED,2026-08-06T00:00:00Z,29.8,kn
ZONE_H,WIND_SPEED,2026-08-07T00:00:00Z,32.0,kn
ZONE_H,WIND_SPEED,2026-08-08T00:00:00Z,32.5,kn
ZONE_H,WIND_SPEED,2026-08-09T00:00:00Z,33.4,kn
ZONE_H,WIND_SPEED,2026-08-10T00:00:00Z,33.8,kn
ZONE_H,WIND_SPEED,2026-08-11T00:00:00Z,32.3,kn
ZONE_H,WIND_SPEED,2026-08-12T00:00:00Z,31.6,kn
ZONE_H,WIND_SPEED,2026-08-13T00:00:00Z,31.2,kn
ZONE_H,WIND_SPEED,2026-08-14T00:00:00Z,30.7,kn
ZONE_H,WIND_SPEED,2026-08-15T00:00:00Z,30.9,kn
ZONE_H,WIND_SPEED,2026-08-16T00:00:00Z,29.6,kn
ZONE_H,WIND_SPEED,2026-08-17T00:00:00Z,28.4,kn
ZONE_H,WIND_SPEED,2026-08-18T00:00:00Z,27.6,kn
ZONE_H,WIND_SPEED,2026-08-19T00:00:00Z,29.4,kn
ZONE_H,WIND_SPEED,2026-08-20T00:00:00Z,29.6,kn
ZONE_H,WIND_SPEED,2026-08-21T00:00:00Z,27.6,kn
ZONE_H,WIND_SPEED,2026-08-22T00:00:00Z,29.8,kn
ZONE_H,WIND_SPEED,2026-08-23T00:00:00Z,30.8,kn
ZONE_H,WIND_SPEED,2026-08-24T00:00:00Z,29.2,kn
ZONE_H,WIND_SPEED,2026-08-25T00:00:00Z,27.9,kn
ZONE_H,WIND_SPEED,2026-08-26T00:00:00Z,29.4,kn
ZONE_H,WIND_SPEED,2026-08-27T00:00:00Z,30.0,kn
ZONE_H,WIND_SPEED,2026-08-28T00:00:00Z,26.3,kn
ZONE_H,WIND_SPEED,2026-08-29T00:00:00Z,27.5,kn
ZONE_H,WIND_SPEED,2026-08-30T00:00:00Z,27.0,kn
ZONE_H,WIND_SPEED,2026-08-31T00:00:00Z,26.9,kn
ZONE_H,WIND_SPEED,2026-09-01T00:00:00Z,25.2,kn
ZONE_H,WIND_SPEED,2026-09-02T00:00:00Z,25.2,kn
ZONE_H,WIND_SPEED,2026-09-03T00:00:00Z,24.9,kn
ZONE_H,WIND_SPEED,2026-09-04T00:00:00Z,26.1,kn
ZONE_H,WIND_SPEED,2026-09-05T00:00:00Z,25.8,kn
ZONE_H,WIND_SPEED,2026-09-06T00:00:00Z,26.4,kn
ZONE_H,WIND_SPEED,2026-09-07T00:00:00Z,29.5,kn
ZONE_H,WIND_SPEED,2026-09-08T00:00:00Z,28.0,kn
ZONE_H,WIND_SPEED,2026-09-09T00:00:00Z,29.2,kn
ZONE_H,WIND_SPEED,2026-09-10T00:00:00Z,28.0,kn
ZONE_H,SIGNIFICANT_WAVE_HEIGHT,2026-06-13T00:00:00Z,5.1,m
ZONE_H,SIGNIFICANT_WAVE_HEIGHT,2026-06-14T00:00:00Z,5.11,m
ZONE_H,SIGNIFICANT_WAVE_HEIGHT,2026-06-15T00:00:00Z,5.25,m
ZONE_H,SIGNIFICANT_WAVE_HEIGHT,2026-06-16T00:00:00Z,5.08,m
ZONE_H,SIGNIFICANT_WAVE_HEIGHT,2026-06-17T00:00:00Z,5.04,m
ZONE_H,SIGNIFICANT_WAVE_HEIGHT,2026-06-18T00:00:00Z,5.0,m
ZONE_H,SIGNIFICANT_WAVE_HEIGHT,2026-06-19T00:00:00Z,5.36,m
ZONE_H,SIGNIFICANT_WAVE_HEIGHT,2026-06-20T00:00:00Z,5.16,m
ZONE_H,SIGNIFICANT_WAVE_HEIGHT,2026-06-21T00:00:00Z,5.05,m
ZONE_H,SIGNIFICANT_WAVE_HEIGHT,2026-06-22T00:00:00Z,5.03,m
ZONE_H,SIGNIFICANT_WAVE_HEIGHT,2026-06-23T00:00:00Z,5.07,m
ZONE_H,SIGNIFICANT_WAVE_HEIGHT,2026-06-24T00:00:00Z,5.14,m
ZONE_H,SIGNIFICANT_WAVE_HEIGHT,2026-06-25T00:00:00Z,4.82,m
ZONE_H,SIGNIFICANT_WAVE_HEIGHT,2026-06-26T00:00:00Z,4.88,m
ZONE_H,SIGNIFICANT_WAVE_HEIGHT,2026-06-27T00:00:00Z,4.87,m
ZONE_H,SIGNIFICANT_WAVE_HEIGHT,2026-06-28T00:00:00Z,5.13,m
ZONE_H,SIGNIFICANT_WAVE_HEIGHT,2026-06-29T00:00:00Z,4.88,m
ZONE_H,SIGNIFICANT_WAVE_HEIGHT,2026-06-30T00:00:00Z,4.85,m
ZONE_H,SIGNIFICANT_WAVE_HEIGHT,2026-07-01T00:00:00Z,4.83,m
ZONE_H,SIGNIFICANT_WAVE_HEIGHT,2026-07-02T00:00:00Z,4.6,m
ZONE_H,SIGNIFICANT_WAVE_HEIGHT,2026-07-03T00:00:00Z,4.85,m
ZONE_H,SIGNIFICANT_WAVE_HEIGHT,2026-07-04T00:00:00Z,4.73,m
ZONE_H,SIGNIFICANT_WAVE_HEIGHT,2026-07-05T00:00:00Z,4.63,m
ZONE_H,SIGNIFICANT_WAVE_HEIGHT,2026-07-06T00:00:00Z,4.54,m
ZONE_H,SIGNIFICANT_WAVE_HEIGHT,2026-07-07T00:00:00Z,4.46,m
ZONE_H,SIGNIFICANT_WAVE_HEIGHT,2026-07-08T00:00:00Z,4.77,m
ZONE_H,SIGNIFICANT_WAVE_HEIGHT,2026-07-09T00:00:00Z,4.71,m
ZONE_H,SIGNIFICANT_WAVE_HEIGHT,2026-07-10T00:00:00Z,4.45,m
ZONE_H,SIGNIFICANT_WAVE_HEIGHT,2026-07-11T00:00:00Z,4.47,m
ZONE_H,SIGNIFICANT_WAVE_HEIGHT,2026-07-12T00:00:00Z,4.35,m
ZONE_H,SIGNIFICANT_WAVE_HEIGHT,2026-07-13T00:00:00Z,4.09,m
ZONE_H,SIGNIFICANT_WAVE_HEIGHT,2026-07-14T00:00:00Z,4.16,m
ZONE_H,SIGNIFICANT_WAVE_HEIGHT,2026-07-15T00:00:00Z,4.37,m
ZONE_H,SIGNIFICANT_WAVE_HEIGHT,2026-07-16T00:00:00Z,4.26,m
ZONE_H,SIGNIFICANT_WAVE_HEIGHT,2026-07-17T00:00:00Z,4.47,m
ZONE_H,SIGNIFICANT_WAVE_HEIGHT,2026-07-18T00:00:00Z,4.37,m
ZONE_H,SIGNIFICANT_WAVE_HEIGHT,2026-07-19T00:00:00Z,4.56,m
ZONE_H,SIGNIFICANT_WAVE_HEIGHT,2026-07-20T00:00:00Z,4.68,m
ZONE_H,SIGNIFICANT_WAVE_HEIGHT,2026-07-21T00:00:00Z,4.61,m
ZONE_H,SIGNIFICANT_WAVE_HEIGHT,2026-07-22T00:00:00Z,4.48,m
ZONE_H,SIGNIFICANT_WAVE_HEIGHT,2026-07-23T00:00:00Z,4.66,m
ZONE_H,SIGNIFICANT_WAVE_HEIGHT,2026-07-24T00:00:00Z,4.54,m
ZONE_H,SIGNIFICANT_WAVE_HEIGHT,2026-07-25T00:00:00Z,4.42,m
ZONE_H,SIGNIFICANT_WAVE_HEIGHT,2026-07-26T00:00:00Z,4.41,m
ZONE_H,SIGNIFICANT_WAVE_HEIGHT,2026-07-27T00:00:00Z,4.55,m
ZONE_H,SIGNIFICANT_WAVE_HEIGHT,2026-07-28T00:00:00Z,4.45,m
ZONE_H,SIGNIFICANT_WAVE_HEIGHT,2026-07-29T00:00:00Z,4.73,m
ZONE_H,SIGNIFICANT_WAVE_HEIGHT,2026-07-30T00:00:00Z,4.53,m
ZONE_H,SIGNIFICANT_WAVE_HEIGHT,2026-07-31T00:00:00Z,4.63,m
ZONE_H,SIGNIFICANT_WAVE_HEIGHT,2026-08-01T00:00:00Z,4.46,m
ZONE_H,SIGNIFICANT_WAVE_HEIGHT,2026-08-02T00:00:00Z,4.38,m
ZONE_H,SIGNIFICANT_WAVE_HEIGHT,2026-08-03T00:00:00Z,4.12,m
ZONE_H,SIGNIFICANT_WAVE_HEIGHT,2026-08-04T00:00:00Z,4.1,m
ZONE_H,SIGNIFICANT_WAVE_HEIGHT,2026-08-05T00:00:00Z,4.22,m
ZONE_H,SIGNIFICANT_WAVE_HEIGHT,2026-08-06T00:00:00Z,4.23,m
ZONE_H,SIGNIFICANT_WAVE_HEIGHT,2026-08-07T00:00:00Z,4.08,m
ZONE_H,SIGNIFICANT_WAVE_HEIGHT,2026-08-08T00:00:00Z,3.92,m
ZONE_H,SIGNIFICANT_WAVE_HEIGHT,2026-08-09T00:00:00Z,4.0,m
ZONE_H,SIGNIFICANT_WAVE_HEIGHT,2026-08-10T00:00:00Z,3.78,m
ZONE_H,SIGNIFICANT_WAVE_HEIGHT,2026-08-11T00:00:00Z,3.62,m
ZONE_H,SIGNIFICANT_WAVE_HEIGHT,2026-08-12T00:00:00Z,3.68,m
ZONE_H,SIGNIFICANT_WAVE_HEIGHT,2026-08-13T00:00:00Z,3.86,m
ZONE_H,SIGNIFICANT_WAVE_HEIGHT,2026-08-14T00:00:00Z,3.68,m
ZONE_H,SIGNIFICANT_WAVE_HEIGHT,2026-08-15T00:00:00Z,3.59,m
ZONE_H,SIGNIFICANT_WAVE_HEIGHT,2026-08-16T00:00:00Z,3.45,m
ZONE_H,SIGNIFICANT_WAVE_HEIGHT,2026-08-17T00:00:00Z,3.33,m
ZONE_H,SIGNIFICANT_WAVE_HEIGHT,2026-08-18T00:00:00Z,3.57,m
ZONE_H,SIGNIFICANT_WAVE_HEIGHT,2026-08-19T00:00:00Z,3.59,m
ZONE_H,SIGNIFICANT_WAVE_HEIGHT,2026-08-20T00:00:00Z,3.6,m
ZONE_H,SIGNIFICANT_WAVE_HEIGHT,2026-08-21T00:00:00Z,3.69,m
ZONE_H,SIGNIFICANT_WAVE_HEIGHT,2026-08-22T00:00:00Z,3.46,m
ZONE_H,SIGNIFICANT_WAVE_HEIGHT,2026-08-23T00:00:00Z,3.38,m
ZONE_H,SIGNIFICANT_WAVE_HEIGHT,2026-08-24T00:00:00Z,3.2,m
ZONE_H,SIGNIFICANT_WAVE_HEIGHT,2026-08-25T00:00:00Z,3.29,m
ZONE_H,SIGNIFICANT_WAVE_HEIGHT,2026-08-26T00:00:00Z,3.51,m
ZONE_H,SIGNIFICANT_WAVE_HEIGHT,2026-08-27T00:00:00Z,3.49,m
ZONE_H,SIGNIFICANT_WAVE_HEIGHT,2026-08-28T00:00:00Z,3.23,m
ZONE_H,SIGNIFICANT_WAVE_HEIGHT,2026-08-29T00:00:00Z,3.4,m
ZONE_H,SIGNIFICANT_WAVE_HEIGHT,2026-08-30T00:00:00Z,3.55,m
ZONE_H,SIGNIFICANT_WAVE_HEIGHT,2026-08-31T00:00:00Z,3.69,m
ZONE_H,SIGNIFICANT_WAVE_HEIGHT,2026-09-01T00:00:00Z,3.72,m
ZONE_H,SIGNIFICANT_WAVE_HEIGHT,2026-09-02T00:00:00Z,3.32,m
ZONE_H,SIGNIFICANT_WAVE_HEIGHT,2026-09-03T00:00:00Z,3.44,m
ZONE_H,SIGNIFICANT_WAVE_HEIGHT,2026-09-04T00:00:00Z,3.57,m
ZONE_H,SIGNIFICANT_WAVE_HEIGHT,2026-09-05T00:00:00Z,3.51,m
ZONE_H,SIGNIFICANT_WAVE_HEIGHT,2026-09-06T00:00:00Z,3.57,m
ZONE_H,SIGNIFICANT_WAVE_HEIGHT,2026-09-07T00:00:00Z,3.31,m
ZONE_H,SIGNIFICANT_WAVE_HEIGHT,2026-09-08T00:00:00Z,3.55,m
ZONE_H,SIGNIFICANT_WAVE_HEIGHT,2026-09-09T00:00:00Z,3.34,m
ZONE_H,SIGNIFICANT_WAVE_HEIGHT,2026-09-10T00:00:00Z,3.1,m
ZONE_I,SST,2026-06-13T00:00:00Z,27.86,degC
ZONE_I,SST,2026-06-14T00:00:00Z,27.84,degC
ZONE_I,SST,2026-06-15T00:00:00Z,27.61,degC
ZONE_I,SST,2026-06-16T00:00:00Z,27.7,degC
ZONE_I,SST,2026-06-17T00:00:00Z,27.78,degC
ZONE_I,SST,2026-06-18T00:00:00Z,27.86,degC
ZONE_I,SST,2026-06-19T00:00:00Z,27.68,degC
ZONE_I,SST,2026-06-20T00:00:00Z,27.69,degC
ZONE_I,SST,2026-06-21T00:00:00Z,27.59,degC
ZONE_I,SST,2026-06-22T00:00:00Z,27.71,degC
ZONE_I,SST,2026-06-23T00:00:00Z,27.58,degC
ZONE_I,SST,2026-06-24T00:00:00Z,27.59,degC
ZONE_I,SST,2026-06-25T00:00:00Z,27.78,degC
ZONE_I,SST,2026-06-26T00:00:00Z,27.84,degC
ZONE_I,SST,2026-06-27T00:00:00Z,27.82,degC
ZONE_I,SST,2026-06-28T00:00:00Z,27.67,degC
ZONE_I,SST,2026-06-29T00:00:00Z,27.78,degC
ZONE_I,SST,2026-06-30T00:00:00Z,27.58,degC
ZONE_I,SST,2026-07-01T00:00:00Z,27.75,degC
ZONE_I,SST,2026-07-02T00:00:00Z,27.63,degC
ZONE_I,SST,2026-07-03T00:00:00Z,27.53,degC
ZONE_I,SST,2026-07-04T00:00:00Z,27.56,degC
ZONE_I,SST,2026-07-05T00:00:00Z,27.22,degC
ZONE_I,SST,2026-07-06T00:00:00Z,27.23,degC
ZONE_I,SST,2026-07-07T00:00:00Z,27.19,degC
ZONE_I,SST,2026-07-08T00:00:00Z,27.17,degC
ZONE_I,SST,2026-07-09T00:00:00Z,27.12,degC
ZONE_I,SST,2026-07-10T00:00:00Z,27.03,degC
ZONE_I,SST,2026-07-11T00:00:00Z,27.01,degC
ZONE_I,SST,2026-07-12T00:00:00Z,27.15,degC
ZONE_I,SST,2026-07-13T00:00:00Z,27.27,degC
ZONE_I,SST,2026-07-14T00:00:00Z,27.23,degC
ZONE_I,SST,2026-07-15T00:00:00Z,27.02,degC
ZONE_I,SST,2026-07-16T00:00:00Z,27.03,degC
ZONE_I,SST,2026-07-17T00:00:00Z,27.19,degC
ZONE_I,SST,2026-07-18T00:00:00Z,27.18,degC
ZONE_I,SST,2026-07-19T00:00:00Z,27.47,degC
ZONE_I,SST,2026-07-20T00:00:00Z,27.29,degC
ZONE_I,SST,2026-07-21T00:00:00Z,27.4,degC
ZONE_I,SST,2026-07-22T00:00:00Z,27.25,degC
ZONE_I,SST,2026-07-23T00:00:00Z,27.34,degC
ZONE_I,SST,2026-07-24T00:00:00Z,27.3,degC
ZONE_I,SST,2026-07-25T00:00:00Z,26.86,degC
ZONE_I,SST,2026-07-26T00:00:00Z,26.93,degC
ZONE_I,SST,2026-07-27T00:00:00Z,26.9,degC
ZONE_I,SST,2026-07-28T00:00:00Z,27.09,degC
ZONE_I,SST,2026-07-29T00:00:00Z,27.09,degC
ZONE_I,SST,2026-07-30T00:00:00Z,27.28,degC
ZONE_I,SST,2026-07-31T00:00:00Z,27.15,degC
ZONE_I,SST,2026-08-01T00:00:00Z,27.19,degC
ZONE_I,SST,2026-08-02T00:00:00Z,27.4,degC
ZONE_I,SST,2026-08-03T00:00:00Z,27.24,degC
ZONE_I,SST,2026-08-04T00:00:00Z,27.36,degC
ZONE_I,SST,2026-08-05T00:00:00Z,27.25,degC
ZONE_I,SST,2026-08-06T00:00:00Z,27.2,degC
ZONE_I,SST,2026-08-07T00:00:00Z,27.24,degC
ZONE_I,SST,2026-08-08T00:00:00Z,27.28,degC
ZONE_I,SST,2026-08-09T00:00:00Z,27.12,degC
ZONE_I,SST,2026-08-10T00:00:00Z,27.08,degC
ZONE_I,SST,2026-08-11T00:00:00Z,27.04,degC
ZONE_I,SST,2026-08-12T00:00:00Z,27.21,degC
ZONE_I,SST,2026-08-13T00:00:00Z,27.25,degC
ZONE_I,SST,2026-08-14T00:00:00Z,27.44,degC
ZONE_I,SST,2026-08-15T00:00:00Z,27.5,degC
ZONE_I,SST,2026-08-16T00:00:00Z,27.54,degC
ZONE_I,SST,2026-08-17T00:00:00Z,27.52,degC
ZONE_I,SST,2026-08-18T00:00:00Z,27.51,degC
ZONE_I,SST,2026-08-19T00:00:00Z,27.63,degC
ZONE_I,SST,2026-08-20T00:00:00Z,27.58,degC
ZONE_I,SST,2026-08-21T00:00:00Z,27.5,degC
ZONE_I,SST,2026-08-22T00:00:00Z,27.66,degC
ZONE_I,SST,2026-08-23T00:00:00Z,27.62,degC
ZONE_I,SST,2026-08-24T00:00:00Z,27.7,degC
ZONE_I,SST,2026-08-25T00:00:00Z,27.55,degC
ZONE_I,SST,2026-08-26T00:00:00Z,27.59,degC
ZONE_I,SST,2026-08-27T00:00:00Z,27.8,degC
ZONE_I,SST,2026-08-28T00:00:00Z,27.73,degC
ZONE_I,SST,2026-08-29T00:00:00Z,27.69,degC
ZONE_I,SST,2026-08-30T00:00:00Z,27.78,degC
ZONE_I,SST,2026-08-31T00:00:00Z,27.78,degC
ZONE_I,SST,2026-09-01T00:00:00Z,27.81,degC
ZONE_I,SST,2026-09-02T00:00:00Z,27.89,degC
ZONE_I,SST,2026-09-03T00:00:00Z,27.71,degC
ZONE_I,SST,2026-09-04T00:00:00Z,27.87,degC
ZONE_I,SST,2026-09-05T00:00:00Z,27.88,degC
ZONE_I,SST,2026-09-06T00:00:00Z,28.04,degC
ZONE_I,SST,2026-09-07T00:00:00Z,28.16,degC
ZONE_I,SST,2026-09-08T00:00:00Z,28.24,degC
ZONE_I,SST,2026-09-09T00:00:00Z,28.29,degC
ZONE_I,SST,2026-09-10T00:00:00Z,28.14,degC
ZONE_I,CHLOROPHYLL_A,2026-06-13T00:00:00Z,2.209,mg/m3
ZONE_I,CHLOROPHYLL_A,2026-06-14T00:00:00Z,1.804,mg/m3
ZONE_I,CHLOROPHYLL_A,2026-06-15T00:00:00Z,1.597,mg/m3
ZONE_I,CHLOROPHYLL_A,2026-06-16T00:00:00Z,1.786,mg/m3
ZONE_I,CHLOROPHYLL_A,2026-06-17T00:00:00Z,2.214,mg/m3
ZONE_I,CHLOROPHYLL_A,2026-06-18T00:00:00Z,2.017,mg/m3
ZONE_I,CHLOROPHYLL_A,2026-06-19T00:00:00Z,2.22,mg/m3
ZONE_I,CHLOROPHYLL_A,2026-06-20T00:00:00Z,1.873,mg/m3
ZONE_I,CHLOROPHYLL_A,2026-06-21T00:00:00Z,2.156,mg/m3
ZONE_I,CHLOROPHYLL_A,2026-06-22T00:00:00Z,2.352,mg/m3
ZONE_I,CHLOROPHYLL_A,2026-06-23T00:00:00Z,3.026,mg/m3
ZONE_I,CHLOROPHYLL_A,2026-06-24T00:00:00Z,2.455,mg/m3
ZONE_I,CHLOROPHYLL_A,2026-06-25T00:00:00Z,2.555,mg/m3
ZONE_I,CHLOROPHYLL_A,2026-06-26T00:00:00Z,2.448,mg/m3
ZONE_I,CHLOROPHYLL_A,2026-06-27T00:00:00Z,3.237,mg/m3
ZONE_I,CHLOROPHYLL_A,2026-06-28T00:00:00Z,2.772,mg/m3
ZONE_I,CHLOROPHYLL_A,2026-06-29T00:00:00Z,2.445,mg/m3
ZONE_I,CHLOROPHYLL_A,2026-06-30T00:00:00Z,2.587,mg/m3
ZONE_I,CHLOROPHYLL_A,2026-07-01T00:00:00Z,2.183,mg/m3
ZONE_I,CHLOROPHYLL_A,2026-07-02T00:00:00Z,2.203,mg/m3
ZONE_I,CHLOROPHYLL_A,2026-07-03T00:00:00Z,1.986,mg/m3
ZONE_I,CHLOROPHYLL_A,2026-07-04T00:00:00Z,,mg/m3
ZONE_I,CHLOROPHYLL_A,2026-07-05T00:00:00Z,2.402,mg/m3
ZONE_I,CHLOROPHYLL_A,2026-07-06T00:00:00Z,2.199,mg/m3
ZONE_I,CHLOROPHYLL_A,2026-07-07T00:00:00Z,2.31,mg/m3
ZONE_I,CHLOROPHYLL_A,2026-07-08T00:00:00Z,2.228,mg/m3
ZONE_I,CHLOROPHYLL_A,2026-07-09T00:00:00Z,2.135,mg/m3
ZONE_I,CHLOROPHYLL_A,2026-07-10T00:00:00Z,1.939,mg/m3
ZONE_I,CHLOROPHYLL_A,2026-07-11T00:00:00Z,1.227,mg/m3
ZONE_I,CHLOROPHYLL_A,2026-07-12T00:00:00Z,1.597,mg/m3
ZONE_I,CHLOROPHYLL_A,2026-07-13T00:00:00Z,2.198,mg/m3
ZONE_I,CHLOROPHYLL_A,2026-07-14T00:00:00Z,1.949,mg/m3
ZONE_I,CHLOROPHYLL_A,2026-07-15T00:00:00Z,1.628,mg/m3
ZONE_I,CHLOROPHYLL_A,2026-07-16T00:00:00Z,1.663,mg/m3
ZONE_I,CHLOROPHYLL_A,2026-07-17T00:00:00Z,2.115,mg/m3
ZONE_I,CHLOROPHYLL_A,2026-07-18T00:00:00Z,2.364,mg/m3
ZONE_I,CHLOROPHYLL_A,2026-07-19T00:00:00Z,1.879,mg/m3
ZONE_I,CHLOROPHYLL_A,2026-07-20T00:00:00Z,1.849,mg/m3
ZONE_I,CHLOROPHYLL_A,2026-07-21T00:00:00Z,1.626,mg/m3
ZONE_I,CHLOROPHYLL_A,2026-07-22T00:00:00Z,1.733,mg/m3
ZONE_I,CHLOROPHYLL_A,2026-07-23T00:00:00Z,1.976,mg/m3
ZONE_I,CHLOROPHYLL_A,2026-07-24T00:00:00Z,,mg/m3
ZONE_I,CHLOROPHYLL_A,2026-07-25T00:00:00Z,,mg/m3
ZONE_I,CHLOROPHYLL_A,2026-07-26T00:00:00Z,1.743,mg/m3
ZONE_I,CHLOROPHYLL_A,2026-07-27T00:00:00Z,,mg/m3
ZONE_I,CHLOROPHYLL_A,2026-07-28T00:00:00Z,1.486,mg/m3
ZONE_I,CHLOROPHYLL_A,2026-07-29T00:00:00Z,1.275,mg/m3
ZONE_I,CHLOROPHYLL_A,2026-07-30T00:00:00Z,1.165,mg/m3
ZONE_I,CHLOROPHYLL_A,2026-07-31T00:00:00Z,0.988,mg/m3
ZONE_I,CHLOROPHYLL_A,2026-08-01T00:00:00Z,0.893,mg/m3
ZONE_I,CHLOROPHYLL_A,2026-08-02T00:00:00Z,1.197,mg/m3
ZONE_I,CHLOROPHYLL_A,2026-08-03T00:00:00Z,1.068,mg/m3
ZONE_I,CHLOROPHYLL_A,2026-08-04T00:00:00Z,1.139,mg/m3
ZONE_I,CHLOROPHYLL_A,2026-08-05T00:00:00Z,1.571,mg/m3
ZONE_I,CHLOROPHYLL_A,2026-08-06T00:00:00Z,,mg/m3
ZONE_I,CHLOROPHYLL_A,2026-08-07T00:00:00Z,1.215,mg/m3
ZONE_I,CHLOROPHYLL_A,2026-08-08T00:00:00Z,1.059,mg/m3
ZONE_I,CHLOROPHYLL_A,2026-08-09T00:00:00Z,1.275,mg/m3
ZONE_I,CHLOROPHYLL_A,2026-08-10T00:00:00Z,1.349,mg/m3
ZONE_I,CHLOROPHYLL_A,2026-08-11T00:00:00Z,,mg/m3
ZONE_I,CHLOROPHYLL_A,2026-08-12T00:00:00Z,2.329,mg/m3
ZONE_I,CHLOROPHYLL_A,2026-08-13T00:00:00Z,1.839,mg/m3
ZONE_I,CHLOROPHYLL_A,2026-08-14T00:00:00Z,1.975,mg/m3
ZONE_I,CHLOROPHYLL_A,2026-08-15T00:00:00Z,1.907,mg/m3
ZONE_I,CHLOROPHYLL_A,2026-08-16T00:00:00Z,1.435,mg/m3
ZONE_I,CHLOROPHYLL_A,2026-08-17T00:00:00Z,2.092,mg/m3
ZONE_I,CHLOROPHYLL_A,2026-08-18T00:00:00Z,1.961,mg/m3
ZONE_I,CHLOROPHYLL_A,2026-08-19T00:00:00Z,,mg/m3
ZONE_I,CHLOROPHYLL_A,2026-08-20T00:00:00Z,1.182,mg/m3
ZONE_I,CHLOROPHYLL_A,2026-08-21T00:00:00Z,1.05,mg/m3
ZONE_I,CHLOROPHYLL_A,2026-08-22T00:00:00Z,1.101,mg/m3
ZONE_I,CHLOROPHYLL_A,2026-08-23T00:00:00Z,,mg/m3
ZONE_I,CHLOROPHYLL_A,2026-08-24T00:00:00Z,,mg/m3
ZONE_I,CHLOROPHYLL_A,2026-08-25T00:00:00Z,,mg/m3
ZONE_I,CHLOROPHYLL_A,2026-08-26T00:00:00Z,1.094,mg/m3
ZONE_I,CHLOROPHYLL_A,2026-08-27T00:00:00Z,1.06,mg/m3
ZONE_I,CHLOROPHYLL_A,2026-08-28T00:00:00Z,1.439,mg/m3
ZONE_I,CHLOROPHYLL_A,2026-08-29T00:00:00Z,1.678,mg/m3
ZONE_I,CHLOROPHYLL_A,2026-08-30T00:00:00Z,1.973,mg/m3
ZONE_I,CHLOROPHYLL_A,2026-08-31T00:00:00Z,1.955,mg/m3
ZONE_I,CHLOROPHYLL_A,2026-09-01T00:00:00Z,2.176,mg/m3
ZONE_I,CHLOROPHYLL_A,2026-09-02T00:00:00Z,1.81,mg/m3
ZONE_I,CHLOROPHYLL_A,2026-09-03T00:00:00Z,1.548,mg/m3
ZONE_I,CHLOROPHYLL_A,2026-09-04T00:00:00Z,0.996,mg/m3
ZONE_I,CHLOROPHYLL_A,2026-09-05T00:00:00Z,1.069,mg/m3
ZONE_I,CHLOROPHYLL_A,2026-09-06T00:00:00Z,0.933,mg/m3
ZONE_I,CHLOROPHYLL_A,2026-09-07T00:00:00Z,0.889,mg/m3
ZONE_I,CHLOROPHYLL_A,2026-09-08T00:00:00Z,0.99,mg/m3
ZONE_I,CHLOROPHYLL_A,2026-09-09T00:00:00Z,,mg/m3
ZONE_I,CHLOROPHYLL_A,2026-09-10T00:00:00Z,0.991,mg/m3
ZONE_I,WIND_SPEED,2026-06-13T00:00:00Z,25.8,kn
ZONE_I,WIND_SPEED,2026-06-14T00:00:00Z,28.8,kn
ZONE_I,WIND_SPEED,2026-06-15T00:00:00Z,26.4,kn
ZONE_I,WIND_SPEED,2026-06-16T00:00:00Z,26.2,kn
ZONE_I,WIND_SPEED,2026-06-17T00:00:00Z,26.4,kn
ZONE_I,WIND_SPEED,2026-06-18T00:00:00Z,24.8,kn
ZONE_I,WIND_SPEED,2026-06-19T00:00:00Z,25.8,kn
ZONE_I,WIND_SPEED,2026-06-20T00:00:00Z,24.4,kn
ZONE_I,WIND_SPEED,2026-06-21T00:00:00Z,23.3,kn
ZONE_I,WIND_SPEED,2026-06-22T00:00:00Z,25.6,kn
ZONE_I,WIND_SPEED,2026-06-23T00:00:00Z,25.6,kn
ZONE_I,WIND_SPEED,2026-06-24T00:00:00Z,28.1,kn
ZONE_I,WIND_SPEED,2026-06-25T00:00:00Z,30.2,kn
ZONE_I,WIND_SPEED,2026-06-26T00:00:00Z,26.0,kn
ZONE_I,WIND_SPEED,2026-06-27T00:00:00Z,25.5,kn
ZONE_I,WIND_SPEED,2026-06-28T00:00:00Z,25.3,kn
ZONE_I,WIND_SPEED,2026-06-29T00:00:00Z,25.6,kn
ZONE_I,WIND_SPEED,2026-06-30T00:00:00Z,27.5,kn
ZONE_I,WIND_SPEED,2026-07-01T00:00:00Z,27.6,kn
ZONE_I,WIND_SPEED,2026-07-02T00:00:00Z,31.3,kn
ZONE_I,WIND_SPEED,2026-07-03T00:00:00Z,31.5,kn
ZONE_I,WIND_SPEED,2026-07-04T00:00:00Z,28.9,kn
ZONE_I,WIND_SPEED,2026-07-05T00:00:00Z,26.0,kn
ZONE_I,WIND_SPEED,2026-07-06T00:00:00Z,26.3,kn
ZONE_I,WIND_SPEED,2026-07-07T00:00:00Z,26.3,kn
ZONE_I,WIND_SPEED,2026-07-08T00:00:00Z,26.5,kn
ZONE_I,WIND_SPEED,2026-07-09T00:00:00Z,26.4,kn
ZONE_I,WIND_SPEED,2026-07-10T00:00:00Z,24.7,kn
ZONE_I,WIND_SPEED,2026-07-11T00:00:00Z,23.9,kn
ZONE_I,WIND_SPEED,2026-07-12T00:00:00Z,22.8,kn
ZONE_I,WIND_SPEED,2026-07-13T00:00:00Z,22.0,kn
ZONE_I,WIND_SPEED,2026-07-14T00:00:00Z,22.8,kn
ZONE_I,WIND_SPEED,2026-07-15T00:00:00Z,24.6,kn
ZONE_I,WIND_SPEED,2026-07-16T00:00:00Z,25.5,kn
ZONE_I,WIND_SPEED,2026-07-17T00:00:00Z,25.6,kn
ZONE_I,WIND_SPEED,2026-07-18T00:00:00Z,26.2,kn
ZONE_I,WIND_SPEED,2026-07-19T00:00:00Z,23.5,kn
ZONE_I,WIND_SPEED,2026-07-20T00:00:00Z,22.8,kn
ZONE_I,WIND_SPEED,2026-07-21T00:00:00Z,22.4,kn
ZONE_I,WIND_SPEED,2026-07-22T00:00:00Z,23.4,kn
ZONE_I,WIND_SPEED,2026-07-23T00:00:00Z,24.2,kn
ZONE_I,WIND_SPEED,2026-07-24T00:00:00Z,23.3,kn
ZONE_I,WIND_SPEED,2026-07-25T00:00:00Z,23.5,kn
ZONE_I,WIND_SPEED,2026-07-26T00:00:00Z,24.8,kn
ZONE_I,WIND_SPEED,2026-07-27T00:00:00Z,23.4,kn
ZONE_I,WIND_SPEED,2026-07-28T00:00:00Z,23.7,kn
ZONE_I,WIND_SPEED,2026-07-29T00:00:00Z,23.8,kn
ZONE_I,WIND_SPEED,2026-07-30T00:00:00Z,24.3,kn
ZONE_I,WIND_SPEED,2026-07-31T00:00:00Z,24.4,kn
ZONE_I,WIND_SPEED,2026-08-01T00:00:00Z,23.9,kn
ZONE_I,WIND_SPEED,2026-08-02T00:00:00Z,22.0,kn
ZONE_I,WIND_SPEED,2026-08-03T00:00:00Z,23.7,kn
ZONE_I,WIND_SPEED,2026-08-04T00:00:00Z,24.4,kn
ZONE_I,WIND_SPEED,2026-08-05T00:00:00Z,24.3,kn
ZONE_I,WIND_SPEED,2026-08-06T00:00:00Z,22.7,kn
ZONE_I,WIND_SPEED,2026-08-07T00:00:00Z,23.5,kn
ZONE_I,WIND_SPEED,2026-08-08T00:00:00Z,25.8,kn
ZONE_I,WIND_SPEED,2026-08-09T00:00:00Z,23.9,kn
ZONE_I,WIND_SPEED,2026-08-10T00:00:00Z,22.0,kn
ZONE_I,WIND_SPEED,2026-08-11T00:00:00Z,22.5,kn
ZONE_I,WIND_SPEED,2026-08-12T00:00:00Z,20.9,kn
ZONE_I,WIND_SPEED,2026-08-13T00:00:00Z,23.4,kn
ZONE_I,WIND_SPEED,2026-08-14T00:00:00Z,21.2,kn
ZONE_I,WIND_SPEED,2026-08-15T00:00:00Z,19.4,kn
ZONE_I,WIND_SPEED,2026-08-16T00:00:00Z,19.5,kn
ZONE_I,WIND_SPEED,2026-08-17T00:00:00Z,21.6,kn
ZONE_I,WIND_SPEED,2026-08-18T00:00:00Z,23.5,kn
ZONE_I,WIND_SPEED,2026-08-19T00:00:00Z,24.1,kn
ZONE_I,WIND_SPEED,2026-08-20T00:00:00Z,24.8,kn
ZONE_I,WIND_SPEED,2026-08-21T00:00:00Z,21.2,kn
ZONE_I,WIND_SPEED,2026-08-22T00:00:00Z,19.7,kn
ZONE_I,WIND_SPEED,2026-08-23T00:00:00Z,19.7,kn
ZONE_I,WIND_SPEED,2026-08-24T00:00:00Z,20.4,kn
ZONE_I,WIND_SPEED,2026-08-25T00:00:00Z,20.7,kn
ZONE_I,WIND_SPEED,2026-08-26T00:00:00Z,20.2,kn
ZONE_I,WIND_SPEED,2026-08-27T00:00:00Z,18.8,kn
ZONE_I,WIND_SPEED,2026-08-28T00:00:00Z,21.1,kn
ZONE_I,WIND_SPEED,2026-08-29T00:00:00Z,18.6,kn
ZONE_I,WIND_SPEED,2026-08-30T00:00:00Z,21.6,kn
ZONE_I,WIND_SPEED,2026-08-31T00:00:00Z,21.1,kn
ZONE_I,WIND_SPEED,2026-09-01T00:00:00Z,21.3,kn
ZONE_I,WIND_SPEED,2026-09-02T00:00:00Z,22.9,kn
ZONE_I,WIND_SPEED,2026-09-03T00:00:00Z,22.8,kn
ZONE_I,WIND_SPEED,2026-09-04T00:00:00Z,23.6,kn
ZONE_I,WIND_SPEED,2026-09-05T00:00:00Z,23.5,kn
ZONE_I,WIND_SPEED,2026-09-06T00:00:00Z,20.1,kn
ZONE_I,WIND_SPEED,2026-09-07T00:00:00Z,22.7,kn
ZONE_I,WIND_SPEED,2026-09-08T00:00:00Z,19.8,kn
ZONE_I,WIND_SPEED,2026-09-09T00:00:00Z,19.8,kn
ZONE_I,WIND_SPEED,2026-09-10T00:00:00Z,23.4,kn
ZONE_I,SIGNIFICANT_WAVE_HEIGHT,2026-06-13T00:00:00Z,2.78,m
ZONE_I,SIGNIFICANT_WAVE_HEIGHT,2026-06-14T00:00:00Z,2.63,m
ZONE_I,SIGNIFICANT_WAVE_HEIGHT,2026-06-15T00:00:00Z,2.96,m
ZONE_I,SIGNIFICANT_WAVE_HEIGHT,2026-06-16T00:00:00Z,3.02,m
ZONE_I,SIGNIFICANT_WAVE_HEIGHT,2026-06-17T00:00:00Z,2.74,m
ZONE_I,SIGNIFICANT_WAVE_HEIGHT,2026-06-18T00:00:00Z,2.83,m
ZONE_I,SIGNIFICANT_WAVE_HEIGHT,2026-06-19T00:00:00Z,2.81,m
ZONE_I,SIGNIFICANT_WAVE_HEIGHT,2026-06-20T00:00:00Z,2.62,m
ZONE_I,SIGNIFICANT_WAVE_HEIGHT,2026-06-21T00:00:00Z,2.55,m
ZONE_I,SIGNIFICANT_WAVE_HEIGHT,2026-06-22T00:00:00Z,2.57,m
ZONE_I,SIGNIFICANT_WAVE_HEIGHT,2026-06-23T00:00:00Z,2.27,m
ZONE_I,SIGNIFICANT_WAVE_HEIGHT,2026-06-24T00:00:00Z,2.18,m
ZONE_I,SIGNIFICANT_WAVE_HEIGHT,2026-06-25T00:00:00Z,2.34,m
ZONE_I,SIGNIFICANT_WAVE_HEIGHT,2026-06-26T00:00:00Z,2.58,m
ZONE_I,SIGNIFICANT_WAVE_HEIGHT,2026-06-27T00:00:00Z,2.77,m
ZONE_I,SIGNIFICANT_WAVE_HEIGHT,2026-06-28T00:00:00Z,2.55,m
ZONE_I,SIGNIFICANT_WAVE_HEIGHT,2026-06-29T00:00:00Z,2.38,m
ZONE_I,SIGNIFICANT_WAVE_HEIGHT,2026-06-30T00:00:00Z,2.12,m
ZONE_I,SIGNIFICANT_WAVE_HEIGHT,2026-07-01T00:00:00Z,2.12,m
ZONE_I,SIGNIFICANT_WAVE_HEIGHT,2026-07-02T00:00:00Z,2.28,m
ZONE_I,SIGNIFICANT_WAVE_HEIGHT,2026-07-03T00:00:00Z,2.31,m
ZONE_I,SIGNIFICANT_WAVE_HEIGHT,2026-07-04T00:00:00Z,2.08,m
ZONE_I,SIGNIFICANT_WAVE_HEIGHT,2026-07-05T00:00:00Z,2.03,m
ZONE_I,SIGNIFICANT_WAVE_HEIGHT,2026-07-06T00:00:00Z,1.82,m
ZONE_I,SIGNIFICANT_WAVE_HEIGHT,2026-07-07T00:00:00Z,2.04,m
ZONE_I,SIGNIFICANT_WAVE_HEIGHT,2026-07-08T00:00:00Z,2.41,m
ZONE_I,SIGNIFICANT_WAVE_HEIGHT,2026-07-09T00:00:00Z,2.56,m
ZONE_I,SIGNIFICANT_WAVE_HEIGHT,2026-07-10T00:00:00Z,2.62,m
ZONE_I,SIGNIFICANT_WAVE_HEIGHT,2026-07-11T00:00:00Z,2.53,m
ZONE_I,SIGNIFICANT_WAVE_HEIGHT,2026-07-12T00:00:00Z,2.69,m
ZONE_I,SIGNIFICANT_WAVE_HEIGHT,2026-07-13T00:00:00Z,2.96,m
ZONE_I,SIGNIFICANT_WAVE_HEIGHT,2026-07-14T00:00:00Z,2.46,m
ZONE_I,SIGNIFICANT_WAVE_HEIGHT,2026-07-15T00:00:00Z,2.26,m
ZONE_I,SIGNIFICANT_WAVE_HEIGHT,2026-07-16T00:00:00Z,2.15,m
ZONE_I,SIGNIFICANT_WAVE_HEIGHT,2026-07-17T00:00:00Z,2.03,m
ZONE_I,SIGNIFICANT_WAVE_HEIGHT,2026-07-18T00:00:00Z,1.98,m
ZONE_I,SIGNIFICANT_WAVE_HEIGHT,2026-07-19T00:00:00Z,2.34,m
ZONE_I,SIGNIFICANT_WAVE_HEIGHT,2026-07-20T00:00:00Z,2.07,m
ZONE_I,SIGNIFICANT_WAVE_HEIGHT,2026-07-21T00:00:00Z,2.22,m
ZONE_I,SIGNIFICANT_WAVE_HEIGHT,2026-07-22T00:00:00Z,2.3,m
ZONE_I,SIGNIFICANT_WAVE_HEIGHT,2026-07-23T00:00:00Z,2.44,m
ZONE_I,SIGNIFICANT_WAVE_HEIGHT,2026-07-24T00:00:00Z,2.51,m
ZONE_I,SIGNIFICANT_WAVE_HEIGHT,2026-07-25T00:00:00Z,2.51,m
ZONE_I,SIGNIFICANT_WAVE_HEIGHT,2026-07-26T00:00:00Z,2.47,m
ZONE_I,SIGNIFICANT_WAVE_HEIGHT,2026-07-27T00:00:00Z,2.23,m
ZONE_I,SIGNIFICANT_WAVE_HEIGHT,2026-07-28T00:00:00Z,2.0,m
ZONE_I,SIGNIFICANT_WAVE_HEIGHT,2026-07-29T00:00:00Z,2.16,m
ZONE_I,SIGNIFICANT_WAVE_HEIGHT,2026-07-30T00:00:00Z,1.93,m
ZONE_I,SIGNIFICANT_WAVE_HEIGHT,2026-07-31T00:00:00Z,2.24,m
ZONE_I,SIGNIFICANT_WAVE_HEIGHT,2026-08-01T00:00:00Z,2.33,m
ZONE_I,SIGNIFICANT_WAVE_HEIGHT,2026-08-02T00:00:00Z,1.98,m
ZONE_I,SIGNIFICANT_WAVE_HEIGHT,2026-08-03T00:00:00Z,1.93,m
ZONE_I,SIGNIFICANT_WAVE_HEIGHT,2026-08-04T00:00:00Z,2.15,m
ZONE_I,SIGNIFICANT_WAVE_HEIGHT,2026-08-05T00:00:00Z,2.34,m
ZONE_I,SIGNIFICANT_WAVE_HEIGHT,2026-08-06T00:00:00Z,2.35,m
ZONE_I,SIGNIFICANT_WAVE_HEIGHT,2026-08-07T00:00:00Z,2.26,m
ZONE_I,SIGNIFICANT_WAVE_HEIGHT,2026-08-08T00:00:00Z,2.03,m
ZONE_I,SIGNIFICANT_WAVE_HEIGHT,2026-08-09T00:00:00Z,1.85,m
ZONE_I,SIGNIFICANT_WAVE_HEIGHT,2026-08-10T00:00:00Z,1.87,m
ZONE_I,SIGNIFICANT_WAVE_HEIGHT,2026-08-11T00:00:00Z,1.83,m
ZONE_I,SIGNIFICANT_WAVE_HEIGHT,2026-08-12T00:00:00Z,1.98,m
ZONE_I,SIGNIFICANT_WAVE_HEIGHT,2026-08-13T00:00:00Z,2.06,m
ZONE_I,SIGNIFICANT_WAVE_HEIGHT,2026-08-14T00:00:00Z,2.26,m
ZONE_I,SIGNIFICANT_WAVE_HEIGHT,2026-08-15T00:00:00Z,1.96,m
ZONE_I,SIGNIFICANT_WAVE_HEIGHT,2026-08-16T00:00:00Z,2.0,m
ZONE_I,SIGNIFICANT_WAVE_HEIGHT,2026-08-17T00:00:00Z,1.82,m
ZONE_I,SIGNIFICANT_WAVE_HEIGHT,2026-08-18T00:00:00Z,2.05,m
ZONE_I,SIGNIFICANT_WAVE_HEIGHT,2026-08-19T00:00:00Z,1.88,m
ZONE_I,SIGNIFICANT_WAVE_HEIGHT,2026-08-20T00:00:00Z,1.76,m
ZONE_I,SIGNIFICANT_WAVE_HEIGHT,2026-08-21T00:00:00Z,1.87,m
ZONE_I,SIGNIFICANT_WAVE_HEIGHT,2026-08-22T00:00:00Z,1.88,m
ZONE_I,SIGNIFICANT_WAVE_HEIGHT,2026-08-23T00:00:00Z,1.81,m
ZONE_I,SIGNIFICANT_WAVE_HEIGHT,2026-08-24T00:00:00Z,2.05,m
ZONE_I,SIGNIFICANT_WAVE_HEIGHT,2026-08-25T00:00:00Z,2.06,m
ZONE_I,SIGNIFICANT_WAVE_HEIGHT,2026-08-26T00:00:00Z,2.06,m
ZONE_I,SIGNIFICANT_WAVE_HEIGHT,2026-08-27T00:00:00Z,2.0,m
ZONE_I,SIGNIFICANT_WAVE_HEIGHT,2026-08-28T00:00:00Z,2.01,m
ZONE_I,SIGNIFICANT_WAVE_HEIGHT,2026-08-29T00:00:00Z,1.86,m
ZONE_I,SIGNIFICANT_WAVE_HEIGHT,2026-08-30T00:00:00Z,1.96,m
ZONE_I,SIGNIFICANT_WAVE_HEIGHT,2026-08-31T00:00:00Z,2.04,m
ZONE_I,SIGNIFICANT_WAVE_HEIGHT,2026-09-01T00:00:00Z,2.03,m
ZONE_I,SIGNIFICANT_WAVE_HEIGHT,2026-09-02T00:00:00Z,2.1,m
ZONE_I,SIGNIFICANT_WAVE_HEIGHT,2026-09-03T00:00:00Z,1.92,m
ZONE_I,SIGNIFICANT_WAVE_HEIGHT,2026-09-04T00:00:00Z,1.9,m
ZONE_I,SIGNIFICANT_WAVE_HEIGHT,2026-09-05T00:00:00Z,1.76,m
ZONE_I,SIGNIFICANT_WAVE_HEIGHT,2026-09-06T00:00:00Z,1.7,m
ZONE_I,SIGNIFICANT_WAVE_HEIGHT,2026-09-07T00:00:00Z,1.33,m
ZONE_I,SIGNIFICANT_WAVE_HEIGHT,2026-09-08T00:00:00Z,1.63,m
ZONE_I,SIGNIFICANT_WAVE_HEIGHT,2026-09-09T00:00:00Z,1.64,m
ZONE_I,SIGNIFICANT_WAVE_HEIGHT,2026-09-10T00:00:00Z,1.52,m
ZONE_J,SST,2026-06-13T00:00:00Z,28.89,degC
ZONE_J,SST,2026-06-14T00:00:00Z,28.75,degC
ZONE_J,SST,2026-06-15T00:00:00Z,28.75,degC
ZONE_J,SST,2026-06-16T00:00:00Z,28.66,degC
ZONE_J,SST,2026-06-17T00:00:00Z,28.45,degC
ZONE_J,SST,2026-06-18T00:00:00Z,28.72,degC
ZONE_J,SST,2026-06-19T00:00:00Z,28.54,degC
ZONE_J,SST,2026-06-20T00:00:00Z,28.56,degC
ZONE_J,SST,2026-06-21T00:00:00Z,28.69,degC
ZONE_J,SST,2026-06-22T00:00:00Z,28.48,degC
ZONE_J,SST,2026-06-23T00:00:00Z,28.62,degC
ZONE_J,SST,2026-06-24T00:00:00Z,28.53,degC
ZONE_J,SST,2026-06-25T00:00:00Z,28.56,degC
ZONE_J,SST,2026-06-26T00:00:00Z,28.35,degC
ZONE_J,SST,2026-06-27T00:00:00Z,28.13,degC
ZONE_J,SST,2026-06-28T00:00:00Z,28.2,degC
ZONE_J,SST,2026-06-29T00:00:00Z,28.15,degC
ZONE_J,SST,2026-06-30T00:00:00Z,28.25,degC
ZONE_J,SST,2026-07-01T00:00:00Z,28.23,degC
ZONE_J,SST,2026-07-02T00:00:00Z,28.16,degC
ZONE_J,SST,2026-07-03T00:00:00Z,28.26,degC
ZONE_J,SST,2026-07-04T00:00:00Z,28.48,degC
ZONE_J,SST,2026-07-05T00:00:00Z,28.41,degC
ZONE_J,SST,2026-07-06T00:00:00Z,28.44,degC
ZONE_J,SST,2026-07-07T00:00:00Z,28.47,degC
ZONE_J,SST,2026-07-08T00:00:00Z,28.27,degC
ZONE_J,SST,2026-07-09T00:00:00Z,28.22,degC
ZONE_J,SST,2026-07-10T00:00:00Z,28.15,degC
ZONE_J,SST,2026-07-11T00:00:00Z,28.07,degC
ZONE_J,SST,2026-07-12T00:00:00Z,28.01,degC
ZONE_J,SST,2026-07-13T00:00:00Z,28.2,degC
ZONE_J,SST,2026-07-14T00:00:00Z,28.17,degC
ZONE_J,SST,2026-07-15T00:00:00Z,28.05,degC
ZONE_J,SST,2026-07-16T00:00:00Z,27.94,degC
ZONE_J,SST,2026-07-17T00:00:00Z,28.03,degC
ZONE_J,SST,2026-07-18T00:00:00Z,28.06,degC
ZONE_J,SST,2026-07-19T00:00:00Z,27.95,degC
ZONE_J,SST,2026-07-20T00:00:00Z,28.0,degC
ZONE_J,SST,2026-07-21T00:00:00Z,28.1,degC
ZONE_J,SST,2026-07-22T00:00:00Z,27.91,degC
ZONE_J,SST,2026-07-23T00:00:00Z,28.11,degC
ZONE_J,SST,2026-07-24T00:00:00Z,27.9,degC
ZONE_J,SST,2026-07-25T00:00:00Z,27.67,degC
ZONE_J,SST,2026-07-26T00:00:00Z,27.75,degC
ZONE_J,SST,2026-07-27T00:00:00Z,27.82,degC
ZONE_J,SST,2026-07-28T00:00:00Z,27.87,degC
ZONE_J,SST,2026-07-29T00:00:00Z,28.05,degC
ZONE_J,SST,2026-07-30T00:00:00Z,28.12,degC
ZONE_J,SST,2026-07-31T00:00:00Z,27.98,degC
ZONE_J,SST,2026-08-01T00:00:00Z,28.13,degC
ZONE_J,SST,2026-08-02T00:00:00Z,28.06,degC
ZONE_J,SST,2026-08-03T00:00:00Z,27.95,degC
ZONE_J,SST,2026-08-04T00:00:00Z,28.04,degC
ZONE_J,SST,2026-08-05T00:00:00Z,27.93,degC
ZONE_J,SST,2026-08-06T00:00:00Z,28.14,degC
ZONE_J,SST,2026-08-07T00:00:00Z,28.03,degC
ZONE_J,SST,2026-08-08T00:00:00Z,27.98,degC
ZONE_J,SST,2026-08-09T00:00:00Z,28.13,degC
ZONE_J,SST,2026-08-10T00:00:00Z,28.37,degC
ZONE_J,SST,2026-08-11T00:00:00Z,28.28,degC
ZONE_J,SST,2026-08-12T00:00:00Z,28.43,degC
ZONE_J,SST,2026-08-13T00:00:00Z,28.38,degC
ZONE_J,SST,2026-08-14T00:00:00Z,28.32,degC
ZONE_J,SST,2026-08-15T00:00:00Z,28.33,degC
ZONE_J,SST,2026-08-16T00:00:00Z,28.2,degC
ZONE_J,SST,2026-08-17T00:00:00Z,28.14,degC
ZONE_J,SST,2026-08-18T00:00:00Z,28.2,degC
ZONE_J,SST,2026-08-19T00:00:00Z,28.02,degC
ZONE_J,SST,2026-08-20T00:00:00Z,28.09,degC
ZONE_J,SST,2026-08-21T00:00:00Z,28.19,degC
ZONE_J,SST,2026-08-22T00:00:00Z,28.3,degC
ZONE_J,SST,2026-08-23T00:00:00Z,28.07,degC
ZONE_J,SST,2026-08-24T00:00:00Z,28.24,degC
ZONE_J,SST,2026-08-25T00:00:00Z,28.23,degC
ZONE_J,SST,2026-08-26T00:00:00Z,28.09,degC
ZONE_J,SST,2026-08-27T00:00:00Z,28.13,degC
ZONE_J,SST,2026-08-28T00:00:00Z,28.3,degC
ZONE_J,SST,2026-08-29T00:00:00Z,28.39,degC
ZONE_J,SST,2026-08-30T00:00:00Z,28.42,degC
ZONE_J,SST,2026-08-31T00:00:00Z,28.36,degC
ZONE_J,SST,2026-09-01T00:00:00Z,28.41,degC
ZONE_J,SST,2026-09-02T00:00:00Z,28.44,degC
ZONE_J,SST,2026-09-03T00:00:00Z,28.57,degC
ZONE_J,SST,2026-09-04T00:00:00Z,28.56,degC
ZONE_J,SST,2026-09-05T00:00:00Z,28.85,degC
ZONE_J,SST,2026-09-06T00:00:00Z,28.91,degC
ZONE_J,SST,2026-09-07T00:00:00Z,28.9,degC
ZONE_J,SST,2026-09-08T00:00:00Z,28.9,degC
ZONE_J,SST,2026-09-09T00:00:00Z,28.91,degC
ZONE_J,SST,2026-09-10T00:00:00Z,29.1,degC
ZONE_J,CHLOROPHYLL_A,2026-06-13T00:00:00Z,2.872,mg/m3
ZONE_J,CHLOROPHYLL_A,2026-06-14T00:00:00Z,,mg/m3
ZONE_J,CHLOROPHYLL_A,2026-06-15T00:00:00Z,2.595,mg/m3
ZONE_J,CHLOROPHYLL_A,2026-06-16T00:00:00Z,3.543,mg/m3
ZONE_J,CHLOROPHYLL_A,2026-06-17T00:00:00Z,5.908,mg/m3
ZONE_J,CHLOROPHYLL_A,2026-06-18T00:00:00Z,4.702,mg/m3
ZONE_J,CHLOROPHYLL_A,2026-06-19T00:00:00Z,5.792,mg/m3
ZONE_J,CHLOROPHYLL_A,2026-06-20T00:00:00Z,5.71,mg/m3
ZONE_J,CHLOROPHYLL_A,2026-06-21T00:00:00Z,4.69,mg/m3
ZONE_J,CHLOROPHYLL_A,2026-06-22T00:00:00Z,5.603,mg/m3
ZONE_J,CHLOROPHYLL_A,2026-06-23T00:00:00Z,3.835,mg/m3
ZONE_J,CHLOROPHYLL_A,2026-06-24T00:00:00Z,5.533,mg/m3
ZONE_J,CHLOROPHYLL_A,2026-06-25T00:00:00Z,6.786,mg/m3
ZONE_J,CHLOROPHYLL_A,2026-06-26T00:00:00Z,,mg/m3
ZONE_J,CHLOROPHYLL_A,2026-06-27T00:00:00Z,3.247,mg/m3
ZONE_J,CHLOROPHYLL_A,2026-06-28T00:00:00Z,3.49,mg/m3
ZONE_J,CHLOROPHYLL_A,2026-06-29T00:00:00Z,,mg/m3
ZONE_J,CHLOROPHYLL_A,2026-06-30T00:00:00Z,2.298,mg/m3
ZONE_J,CHLOROPHYLL_A,2026-07-01T00:00:00Z,2.522,mg/m3
ZONE_J,CHLOROPHYLL_A,2026-07-02T00:00:00Z,2.55,mg/m3
ZONE_J,CHLOROPHYLL_A,2026-07-03T00:00:00Z,2.597,mg/m3
ZONE_J,CHLOROPHYLL_A,2026-07-04T00:00:00Z,2.891,mg/m3
ZONE_J,CHLOROPHYLL_A,2026-07-05T00:00:00Z,,mg/m3
ZONE_J,CHLOROPHYLL_A,2026-07-06T00:00:00Z,3.082,mg/m3
ZONE_J,CHLOROPHYLL_A,2026-07-07T00:00:00Z,3.204,mg/m3
ZONE_J,CHLOROPHYLL_A,2026-07-08T00:00:00Z,3.151,mg/m3
ZONE_J,CHLOROPHYLL_A,2026-07-09T00:00:00Z,3.079,mg/m3
ZONE_J,CHLOROPHYLL_A,2026-07-10T00:00:00Z,3.05,mg/m3
ZONE_J,CHLOROPHYLL_A,2026-07-11T00:00:00Z,2.141,mg/m3
ZONE_J,CHLOROPHYLL_A,2026-07-12T00:00:00Z,2.107,mg/m3
ZONE_J,CHLOROPHYLL_A,2026-07-13T00:00:00Z,3.403,mg/m3
ZONE_J,CHLOROPHYLL_A,2026-07-14T00:00:00Z,3.343,mg/m3
ZONE_J,CHLOROPHYLL_A,2026-07-15T00:00:00Z,2.387,mg/m3
ZONE_J,CHLOROPHYLL_A,2026-07-16T00:00:00Z,2.182,mg/m3
ZONE_J,CHLOROPHYLL_A,2026-07-17T00:00:00Z,,mg/m3
ZONE_J,CHLOROPHYLL_A,2026-07-18T00:00:00Z,2.369,mg/m3
ZONE_J,CHLOROPHYLL_A,2026-07-19T00:00:00Z,1.999,mg/m3
ZONE_J,CHLOROPHYLL_A,2026-07-20T00:00:00Z,2.43,mg/m3
ZONE_J,CHLOROPHYLL_A,2026-07-21T00:00:00Z,3.297,mg/m3
ZONE_J,CHLOROPHYLL_A,2026-07-22T00:00:00Z,3.483,mg/m3
ZONE_J,CHLOROPHYLL_A,2026-07-23T00:00:00Z,3.624,mg/m3
ZONE_J,CHLOROPHYLL_A,2026-07-24T00:00:00Z,3.952,mg/m3
ZONE_J,CHLOROPHYLL_A,2026-07-25T00:00:00Z,2.731,mg/m3
ZONE_J,CHLOROPHYLL_A,2026-07-26T00:00:00Z,3.254,mg/m3
ZONE_J,CHLOROPHYLL_A,2026-07-27T00:00:00Z,2.713,mg/m3
ZONE_J,CHLOROPHYLL_A,2026-07-28T00:00:00Z,3.425,mg/m3
ZONE_J,CHLOROPHYLL_A,2026-07-29T00:00:00Z,,mg/m3
ZONE_J,CHLOROPHYLL_A,2026-07-30T00:00:00Z,,mg/m3
ZONE_J,CHLOROPHYLL_A,2026-07-31T00:00:00Z,2.914,mg/m3
ZONE_J,CHLOROPHYLL_A,2026-08-01T00:00:00Z,2.29,mg/m3
ZONE_J,CHLOROPHYLL_A,2026-08-02T00:00:00Z,2.354,mg/m3
ZONE_J,CHLOROPHYLL_A,2026-08-03T00:00:00Z,2.397,mg/m3
ZONE_J,CHLOROPHYLL_A,2026-08-04T00:00:00Z,2.974,mg/m3
ZONE_J,CHLOROPHYLL_A,2026-08-05T00:00:00Z,2.995,mg/m3
ZONE_J,CHLOROPHYLL_A,2026-08-06T00:00:00Z,2.085,mg/m3
ZONE_J,CHLOROPHYLL_A,2026-08-07T00:00:00Z,2.144,mg/m3
ZONE_J,CHLOROPHYLL_A,2026-08-08T00:00:00Z,1.772,mg/m3
ZONE_J,CHLOROPHYLL_A,2026-08-09T00:00:00Z,2.077,mg/m3
ZONE_J,CHLOROPHYLL_A,2026-08-10T00:00:00Z,1.879,mg/m3
ZONE_J,CHLOROPHYLL_A,2026-08-11T00:00:00Z,,mg/m3
ZONE_J,CHLOROPHYLL_A,2026-08-12T00:00:00Z,,mg/m3
ZONE_J,CHLOROPHYLL_A,2026-08-13T00:00:00Z,2.327,mg/m3
ZONE_J,CHLOROPHYLL_A,2026-08-14T00:00:00Z,1.802,mg/m3
ZONE_J,CHLOROPHYLL_A,2026-08-15T00:00:00Z,1.957,mg/m3
ZONE_J,CHLOROPHYLL_A,2026-08-16T00:00:00Z,1.904,mg/m3
ZONE_J,CHLOROPHYLL_A,2026-08-17T00:00:00Z,1.745,mg/m3
ZONE_J,CHLOROPHYLL_A,2026-08-18T00:00:00Z,2.005,mg/m3
ZONE_J,CHLOROPHYLL_A,2026-08-19T00:00:00Z,,mg/m3
ZONE_J,CHLOROPHYLL_A,2026-08-20T00:00:00Z,2.317,mg/m3
ZONE_J,CHLOROPHYLL_A,2026-08-21T00:00:00Z,2.132,mg/m3
ZONE_J,CHLOROPHYLL_A,2026-08-22T00:00:00Z,2.357,mg/m3
ZONE_J,CHLOROPHYLL_A,2026-08-23T00:00:00Z,2.367,mg/m3
ZONE_J,CHLOROPHYLL_A,2026-08-24T00:00:00Z,2.508,mg/m3
ZONE_J,CHLOROPHYLL_A,2026-08-25T00:00:00Z,3.192,mg/m3
ZONE_J,CHLOROPHYLL_A,2026-08-26T00:00:00Z,3.453,mg/m3
ZONE_J,CHLOROPHYLL_A,2026-08-27T00:00:00Z,2.948,mg/m3
ZONE_J,CHLOROPHYLL_A,2026-08-28T00:00:00Z,2.627,mg/m3
ZONE_J,CHLOROPHYLL_A,2026-08-29T00:00:00Z,2.264,mg/m3
ZONE_J,CHLOROPHYLL_A,2026-08-30T00:00:00Z,1.914,mg/m3
ZONE_J,CHLOROPHYLL_A,2026-08-31T00:00:00Z,1.368,mg/m3
ZONE_J,CHLOROPHYLL_A,2026-09-01T00:00:00Z,1.618,mg/m3
ZONE_J,CHLOROPHYLL_A,2026-09-02T00:00:00Z,1.572,mg/m3
ZONE_J,CHLOROPHYLL_A,2026-09-03T00:00:00Z,1.703,mg/m3
ZONE_J,CHLOROPHYLL_A,2026-09-04T00:00:00Z,,mg/m3
ZONE_J,CHLOROPHYLL_A,2026-09-05T00:00:00Z,2.023,mg/m3
ZONE_J,CHLOROPHYLL_A,2026-09-06T00:00:00Z,2.112,mg/m3
ZONE_J,CHLOROPHYLL_A,2026-09-07T00:00:00Z,2.29,mg/m3
ZONE_J,CHLOROPHYLL_A,2026-09-08T00:00:00Z,2.072,mg/m3
ZONE_J,CHLOROPHYLL_A,2026-09-09T00:00:00Z,2.326,mg/m3
ZONE_J,CHLOROPHYLL_A,2026-09-10T00:00:00Z,2.671,mg/m3
ZONE_J,WIND_SPEED,2026-06-13T00:00:00Z,16.3,kn
ZONE_J,WIND_SPEED,2026-06-14T00:00:00Z,18.4,kn
ZONE_J,WIND_SPEED,2026-06-15T00:00:00Z,17.8,kn
ZONE_J,WIND_SPEED,2026-06-16T00:00:00Z,19.5,kn
ZONE_J,WIND_SPEED,2026-06-17T00:00:00Z,19.9,kn
ZONE_J,WIND_SPEED,2026-06-18T00:00:00Z,18.8,kn
ZONE_J,WIND_SPEED,2026-06-19T00:00:00Z,16.1,kn
ZONE_J,WIND_SPEED,2026-06-20T00:00:00Z,15.2,kn
ZONE_J,WIND_SPEED,2026-06-21T00:00:00Z,14.3,kn
ZONE_J,WIND_SPEED,2026-06-22T00:00:00Z,14.7,kn
ZONE_J,WIND_SPEED,2026-06-23T00:00:00Z,15.4,kn
ZONE_J,WIND_SPEED,2026-06-24T00:00:00Z,15.4,kn
ZONE_J,WIND_SPEED,2026-06-25T00:00:00Z,18.2,kn
ZONE_J,WIND_SPEED,2026-06-26T00:00:00Z,14.4,kn
ZONE_J,WIND_SPEED,2026-06-27T00:00:00Z,12.6,kn
ZONE_J,WIND_SPEED,2026-06-28T00:00:00Z,15.3,kn
ZONE_J,WIND_SPEED,2026-06-29T00:00:00Z,15.5,kn
ZONE_J,WIND_SPEED,2026-06-30T00:00:00Z,11.9,kn
ZONE_J,WIND_SPEED,2026-07-01T00:00:00Z,15.5,kn
ZONE_J,WIND_SPEED,2026-07-02T00:00:00Z,15.4,kn
ZONE_J,WIND_SPEED,2026-07-03T00:00:00Z,15.7,kn
ZONE_J,WIND_SPEED,2026-07-04T00:00:00Z,18.2,kn
ZONE_J,WIND_SPEED,2026-07-05T00:00:00Z,17.9,kn
ZONE_J,WIND_SPEED,2026-07-06T00:00:00Z,16.6,kn
ZONE_J,WIND_SPEED,2026-07-07T00:00:00Z,16.5,kn
ZONE_J,WIND_SPEED,2026-07-08T00:00:00Z,14.4,kn
ZONE_J,WIND_SPEED,2026-07-09T00:00:00Z,16.3,kn
ZONE_J,WIND_SPEED,2026-07-10T00:00:00Z,14.7,kn
ZONE_J,WIND_SPEED,2026-07-11T00:00:00Z,15.2,kn
ZONE_J,WIND_SPEED,2026-07-12T00:00:00Z,16.7,kn
ZONE_J,WIND_SPEED,2026-07-13T00:00:00Z,15.8,kn
ZONE_J,WIND_SPEED,2026-07-14T00:00:00Z,13.8,kn
ZONE_J,WIND_SPEED,2026-07-15T00:00:00Z,14.4,kn
ZONE_J,WIND_SPEED,2026-07-16T00:00:00Z,14.3,kn
ZONE_J,WIND_SPEED,2026-07-17T00:00:00Z,14.7,kn
ZONE_J,WIND_SPEED,2026-07-18T00:00:00Z,13.5,kn
ZONE_J,WIND_SPEED,2026-07-19T00:00:00Z,13.0,kn
ZONE_J,WIND_SPEED,2026-07-20T00:00:00Z,9.2,kn
ZONE_J,WIND_SPEED,2026-07-21T00:00:00Z,10.7,kn
ZONE_J,WIND_SPEED,2026-07-22T00:00:00Z,13.5,kn
ZONE_J,WIND_SPEED,2026-07-23T00:00:00Z,14.5,kn
ZONE_J,WIND_SPEED,2026-07-24T00:00:00Z,15.2,kn
ZONE_J,WIND_SPEED,2026-07-25T00:00:00Z,15.0,kn
ZONE_J,WIND_SPEED,2026-07-26T00:00:00Z,16.0,kn
ZONE_J,WIND_SPEED,2026-07-27T00:00:00Z,17.0,kn
ZONE_J,WIND_SPEED,2026-07-28T00:00:00Z,14.8,kn
ZONE_J,WIND_SPEED,2026-07-29T00:00:00Z,13.2,kn
ZONE_J,WIND_SPEED,2026-07-30T00:00:00Z,13.2,kn
ZONE_J,WIND_SPEED,2026-07-31T00:00:00Z,14.6,kn
ZONE_J,WIND_SPEED,2026-08-01T00:00:00Z,13.8,kn
ZONE_J,WIND_SPEED,2026-08-02T00:00:00Z,14.6,kn
ZONE_J,WIND_SPEED,2026-08-03T00:00:00Z,14.0,kn
ZONE_J,WIND_SPEED,2026-08-04T00:00:00Z,14.7,kn
ZONE_J,WIND_SPEED,2026-08-05T00:00:00Z,14.2,kn
ZONE_J,WIND_SPEED,2026-08-06T00:00:00Z,14.4,kn
ZONE_J,WIND_SPEED,2026-08-07T00:00:00Z,16.3,kn
ZONE_J,WIND_SPEED,2026-08-08T00:00:00Z,17.0,kn
ZONE_J,WIND_SPEED,2026-08-09T00:00:00Z,13.7,kn
ZONE_J,WIND_SPEED,2026-08-10T00:00:00Z,11.0,kn
ZONE_J,WIND_SPEED,2026-08-11T00:00:00Z,11.7,kn
ZONE_J,WIND_SPEED,2026-08-12T00:00:00Z,13.6,kn
ZONE_J,WIND_SPEED,2026-08-13T00:00:00Z,12.0,kn
ZONE_J,WIND_SPEED,2026-08-14T00:00:00Z,12.8,kn
ZONE_J,WIND_SPEED,2026-08-15T00:00:00Z,11.6,kn
ZONE_J,WIND_SPEED,2026-08-16T00:00:00Z,10.7,kn
ZONE_J,WIND_SPEED,2026-08-17T00:00:00Z,12.3,kn
ZONE_J,WIND_SPEED,2026-08-18T00:00:00Z,12.5,kn
ZONE_J,WIND_SPEED,2026-08-19T00:00:00Z,14.6,kn
ZONE_J,WIND_SPEED,2026-08-20T00:00:00Z,12.7,kn
ZONE_J,WIND_SPEED,2026-08-21T00:00:00Z,10.9,kn
ZONE_J,WIND_SPEED,2026-08-22T00:00:00Z,10.4,kn
ZONE_J,WIND_SPEED,2026-08-23T00:00:00Z,9.9,kn
ZONE_J,WIND_SPEED,2026-08-24T00:00:00Z,10.1,kn
ZONE_J,WIND_SPEED,2026-08-25T00:00:00Z,11.0,kn
ZONE_J,WIND_SPEED,2026-08-26T00:00:00Z,12.6,kn
ZONE_J,WIND_SPEED,2026-08-27T00:00:00Z,11.7,kn
ZONE_J,WIND_SPEED,2026-08-28T00:00:00Z,11.0,kn
ZONE_J,WIND_SPEED,2026-08-29T00:00:00Z,7.2,kn
ZONE_J,WIND_SPEED,2026-08-30T00:00:00Z,7.5,kn
ZONE_J,WIND_SPEED,2026-08-31T00:00:00Z,8.7,kn
ZONE_J,WIND_SPEED,2026-09-01T00:00:00Z,6.4,kn
ZONE_J,WIND_SPEED,2026-09-02T00:00:00Z,7.8,kn
ZONE_J,WIND_SPEED,2026-09-03T00:00:00Z,8.4,kn
ZONE_J,WIND_SPEED,2026-09-04T00:00:00Z,11.1,kn
ZONE_J,WIND_SPEED,2026-09-05T00:00:00Z,13.1,kn
ZONE_J,WIND_SPEED,2026-09-06T00:00:00Z,14.1,kn
ZONE_J,WIND_SPEED,2026-09-07T00:00:00Z,13.6,kn
ZONE_J,WIND_SPEED,2026-09-08T00:00:00Z,11.6,kn
ZONE_J,WIND_SPEED,2026-09-09T00:00:00Z,8.3,kn
ZONE_J,WIND_SPEED,2026-09-10T00:00:00Z,9.4,kn
ZONE_J,SIGNIFICANT_WAVE_HEIGHT,2026-06-13T00:00:00Z,1.95,m
ZONE_J,SIGNIFICANT_WAVE_HEIGHT,2026-06-14T00:00:00Z,2.23,m
ZONE_J,SIGNIFICANT_WAVE_HEIGHT,2026-06-15T00:00:00Z,2.21,m
ZONE_J,SIGNIFICANT_WAVE_HEIGHT,2026-06-16T00:00:00Z,2.1,m
ZONE_J,SIGNIFICANT_WAVE_HEIGHT,2026-06-17T00:00:00Z,1.83,m
ZONE_J,SIGNIFICANT_WAVE_HEIGHT,2026-06-18T00:00:00Z,1.87,m
ZONE_J,SIGNIFICANT_WAVE_HEIGHT,2026-06-19T00:00:00Z,1.84,m
ZONE_J,SIGNIFICANT_WAVE_HEIGHT,2026-06-20T00:00:00Z,1.76,m
ZONE_J,SIGNIFICANT_WAVE_HEIGHT,2026-06-21T00:00:00Z,1.98,m
ZONE_J,SIGNIFICANT_WAVE_HEIGHT,2026-06-22T00:00:00Z,1.75,m
ZONE_J,SIGNIFICANT_WAVE_HEIGHT,2026-06-23T00:00:00Z,1.76,m
ZONE_J,SIGNIFICANT_WAVE_HEIGHT,2026-06-24T00:00:00Z,1.81,m
ZONE_J,SIGNIFICANT_WAVE_HEIGHT,2026-06-25T00:00:00Z,1.72,m
ZONE_J,SIGNIFICANT_WAVE_HEIGHT,2026-06-26T00:00:00Z,1.86,m
ZONE_J,SIGNIFICANT_WAVE_HEIGHT,2026-06-27T00:00:00Z,1.85,m
ZONE_J,SIGNIFICANT_WAVE_HEIGHT,2026-06-28T00:00:00Z,1.89,m
ZONE_J,SIGNIFICANT_WAVE_HEIGHT,2026-06-29T00:00:00Z,2.21,m
ZONE_J,SIGNIFICANT_WAVE_HEIGHT,2026-06-30T00:00:00Z,2.15,m
ZONE_J,SIGNIFICANT_WAVE_HEIGHT,2026-07-01T00:00:00Z,2.03,m
ZONE_J,SIGNIFICANT_WAVE_HEIGHT,2026-07-02T00:00:00Z,2.17,m
ZONE_J,SIGNIFICANT_WAVE_HEIGHT,2026-07-03T00:00:00Z,2.05,m
ZONE_J,SIGNIFICANT_WAVE_HEIGHT,2026-07-04T00:00:00Z,1.99,m
ZONE_J,SIGNIFICANT_WAVE_HEIGHT,2026-07-05T00:00:00Z,1.7,m
ZONE_J,SIGNIFICANT_WAVE_HEIGHT,2026-07-06T00:00:00Z,2.0,m
ZONE_J,SIGNIFICANT_WAVE_HEIGHT,2026-07-07T00:00:00Z,1.7,m
ZONE_J,SIGNIFICANT_WAVE_HEIGHT,2026-07-08T00:00:00Z,1.8,m
ZONE_J,SIGNIFICANT_WAVE_HEIGHT,2026-07-09T00:00:00Z,2.06,m
ZONE_J,SIGNIFICANT_WAVE_HEIGHT,2026-07-10T00:00:00Z,1.97,m
ZONE_J,SIGNIFICANT_WAVE_HEIGHT,2026-07-11T00:00:00Z,1.89,m
ZONE_J,SIGNIFICANT_WAVE_HEIGHT,2026-07-12T00:00:00Z,2.12,m
ZONE_J,SIGNIFICANT_WAVE_HEIGHT,2026-07-13T00:00:00Z,1.96,m
ZONE_J,SIGNIFICANT_WAVE_HEIGHT,2026-07-14T00:00:00Z,1.92,m
ZONE_J,SIGNIFICANT_WAVE_HEIGHT,2026-07-15T00:00:00Z,1.79,m
ZONE_J,SIGNIFICANT_WAVE_HEIGHT,2026-07-16T00:00:00Z,1.78,m
ZONE_J,SIGNIFICANT_WAVE_HEIGHT,2026-07-17T00:00:00Z,1.87,m
ZONE_J,SIGNIFICANT_WAVE_HEIGHT,2026-07-18T00:00:00Z,1.77,m
ZONE_J,SIGNIFICANT_WAVE_HEIGHT,2026-07-19T00:00:00Z,1.86,m
ZONE_J,SIGNIFICANT_WAVE_HEIGHT,2026-07-20T00:00:00Z,2.04,m
ZONE_J,SIGNIFICANT_WAVE_HEIGHT,2026-07-21T00:00:00Z,2.37,m
ZONE_J,SIGNIFICANT_WAVE_HEIGHT,2026-07-22T00:00:00Z,1.99,m
ZONE_J,SIGNIFICANT_WAVE_HEIGHT,2026-07-23T00:00:00Z,2.06,m
ZONE_J,SIGNIFICANT_WAVE_HEIGHT,2026-07-24T00:00:00Z,1.9,m
ZONE_J,SIGNIFICANT_WAVE_HEIGHT,2026-07-25T00:00:00Z,1.93,m
ZONE_J,SIGNIFICANT_WAVE_HEIGHT,2026-07-26T00:00:00Z,1.88,m
ZONE_J,SIGNIFICANT_WAVE_HEIGHT,2026-07-27T00:00:00Z,1.91,m
ZONE_J,SIGNIFICANT_WAVE_HEIGHT,2026-07-28T00:00:00Z,2.1,m
ZONE_J,SIGNIFICANT_WAVE_HEIGHT,2026-07-29T00:00:00Z,1.93,m
ZONE_J,SIGNIFICANT_WAVE_HEIGHT,2026-07-30T00:00:00Z,1.8,m
ZONE_J,SIGNIFICANT_WAVE_HEIGHT,2026-07-31T00:00:00Z,1.65,m
ZONE_J,SIGNIFICANT_WAVE_HEIGHT,2026-08-01T00:00:00Z,1.75,m
ZONE_J,SIGNIFICANT_WAVE_HEIGHT,2026-08-02T00:00:00Z,1.58,m
ZONE_J,SIGNIFICANT_WAVE_HEIGHT,2026-08-03T00:00:00Z,1.93,m
ZONE_J,SIGNIFICANT_WAVE_HEIGHT,2026-08-04T00:00:00Z,1.92,m
ZONE_J,SIGNIFICANT_WAVE_HEIGHT,2026-08-05T00:00:00Z,2.16,m
ZONE_J,SIGNIFICANT_WAVE_HEIGHT,2026-08-06T00:00:00Z,2.15,m
ZONE_J,SIGNIFICANT_WAVE_HEIGHT,2026-08-07T00:00:00Z,2.19,m
ZONE_J,SIGNIFICANT_WAVE_HEIGHT,2026-08-08T00:00:00Z,2.13,m
ZONE_J,SIGNIFICANT_WAVE_HEIGHT,2026-08-09T00:00:00Z,2.15,m
ZONE_J,SIGNIFICANT_WAVE_HEIGHT,2026-08-10T00:00:00Z,2.21,m
ZONE_J,SIGNIFICANT_WAVE_HEIGHT,2026-08-11T00:00:00Z,2.09,m
ZONE_J,SIGNIFICANT_WAVE_HEIGHT,2026-08-12T00:00:00Z,1.76,m
ZONE_J,SIGNIFICANT_WAVE_HEIGHT,2026-08-13T00:00:00Z,1.73,m
ZONE_J,SIGNIFICANT_WAVE_HEIGHT,2026-08-14T00:00:00Z,1.9,m
ZONE_J,SIGNIFICANT_WAVE_HEIGHT,2026-08-15T00:00:00Z,1.73,m
ZONE_J,SIGNIFICANT_WAVE_HEIGHT,2026-08-16T00:00:00Z,1.77,m
ZONE_J,SIGNIFICANT_WAVE_HEIGHT,2026-08-17T00:00:00Z,1.42,m
ZONE_J,SIGNIFICANT_WAVE_HEIGHT,2026-08-18T00:00:00Z,1.65,m
ZONE_J,SIGNIFICANT_WAVE_HEIGHT,2026-08-19T00:00:00Z,1.65,m
ZONE_J,SIGNIFICANT_WAVE_HEIGHT,2026-08-20T00:00:00Z,1.62,m
ZONE_J,SIGNIFICANT_WAVE_HEIGHT,2026-08-21T00:00:00Z,1.94,m
ZONE_J,SIGNIFICANT_WAVE_HEIGHT,2026-08-22T00:00:00Z,1.83,m
ZONE_J,SIGNIFICANT_WAVE_HEIGHT,2026-08-23T00:00:00Z,1.85,m
ZONE_J,SIGNIFICANT_WAVE_HEIGHT,2026-08-24T00:00:00Z,1.96,m
ZONE_J,SIGNIFICANT_WAVE_HEIGHT,2026-08-25T00:00:00Z,1.64,m
ZONE_J,SIGNIFICANT_WAVE_HEIGHT,2026-08-26T00:00:00Z,1.78,m
ZONE_J,SIGNIFICANT_WAVE_HEIGHT,2026-08-27T00:00:00Z,1.63,m
ZONE_J,SIGNIFICANT_WAVE_HEIGHT,2026-08-28T00:00:00Z,1.6,m
ZONE_J,SIGNIFICANT_WAVE_HEIGHT,2026-08-29T00:00:00Z,1.69,m
ZONE_J,SIGNIFICANT_WAVE_HEIGHT,2026-08-30T00:00:00Z,1.39,m
ZONE_J,SIGNIFICANT_WAVE_HEIGHT,2026-08-31T00:00:00Z,1.52,m
ZONE_J,SIGNIFICANT_WAVE_HEIGHT,2026-09-01T00:00:00Z,1.71,m
ZONE_J,SIGNIFICANT_WAVE_HEIGHT,2026-09-02T00:00:00Z,1.63,m
ZONE_J,SIGNIFICANT_WAVE_HEIGHT,2026-09-03T00:00:00Z,1.57,m
ZONE_J,SIGNIFICANT_WAVE_HEIGHT,2026-09-04T00:00:00Z,1.69,m
ZONE_J,SIGNIFICANT_WAVE_HEIGHT,2026-09-05T00:00:00Z,1.54,m
ZONE_J,SIGNIFICANT_WAVE_HEIGHT,2026-09-06T00:00:00Z,1.56,m
ZONE_J,SIGNIFICANT_WAVE_HEIGHT,2026-09-07T00:00:00Z,1.5,m
ZONE_J,SIGNIFICANT_WAVE_HEIGHT,2026-09-08T00:00:00Z,1.5,m
ZONE_J,SIGNIFICANT_WAVE_HEIGHT,2026-09-09T00:00:00Z,1.26,m
ZONE_J,SIGNIFICANT_WAVE_HEIGHT,2026-09-10T00:00:00Z,1.25,m
ZONE_K,SST,2026-06-13T00:00:00Z,28.62,degC
ZONE_K,SST,2026-06-14T00:00:00Z,28.66,degC
ZONE_K,SST,2026-06-15T00:00:00Z,28.57,degC
ZONE_K,SST,2026-06-16T00:00:00Z,28.57,degC
ZONE_K,SST,2026-06-17T00:00:00Z,28.66,degC
ZONE_K,SST,2026-06-18T00:00:00Z,28.62,degC
ZONE_K,SST,2026-06-19T00:00:00Z,28.59,degC
ZONE_K,SST,2026-06-20T00:00:00Z,28.66,degC
ZONE_K,SST,2026-06-21T00:00:00Z,28.48,degC
ZONE_K,SST,2026-06-22T00:00:00Z,28.53,degC
ZONE_K,SST,2026-06-23T00:00:00Z,28.49,degC
ZONE_K,SST,2026-06-24T00:00:00Z,28.47,degC
ZONE_K,SST,2026-06-25T00:00:00Z,28.52,degC
ZONE_K,SST,2026-06-26T00:00:00Z,28.63,degC
ZONE_K,SST,2026-06-27T00:00:00Z,28.44,degC
ZONE_K,SST,2026-06-28T00:00:00Z,28.37,degC
ZONE_K,SST,2026-06-29T00:00:00Z,28.34,degC
ZONE_K,SST,2026-06-30T00:00:00Z,28.25,degC
ZONE_K,SST,2026-07-01T00:00:00Z,28.34,degC
ZONE_K,SST,2026-07-02T00:00:00Z,28.28,degC
ZONE_K,SST,2026-07-03T00:00:00Z,28.2,degC
ZONE_K,SST,2026-07-04T00:00:00Z,28.1,degC
ZONE_K,SST,2026-07-05T00:00:00Z,28.03,degC
ZONE_K,SST,2026-07-06T00:00:00Z,28.06,degC
ZONE_K,SST,2026-07-07T00:00:00Z,28.1,degC
ZONE_K,SST,2026-07-08T00:00:00Z,28.11,degC
ZONE_K,SST,2026-07-09T00:00:00Z,28.13,degC
ZONE_K,SST,2026-07-10T00:00:00Z,28.21,degC
ZONE_K,SST,2026-07-11T00:00:00Z,28.28,degC
ZONE_K,SST,2026-07-12T00:00:00Z,28.33,degC
ZONE_K,SST,2026-07-13T00:00:00Z,28.12,degC
ZONE_K,SST,2026-07-14T00:00:00Z,27.91,degC
ZONE_K,SST,2026-07-15T00:00:00Z,28.02,degC
ZONE_K,SST,2026-07-16T00:00:00Z,28.15,degC
ZONE_K,SST,2026-07-17T00:00:00Z,27.96,degC
ZONE_K,SST,2026-07-18T00:00:00Z,28.2,degC
ZONE_K,SST,2026-07-19T00:00:00Z,28.18,degC
ZONE_K,SST,2026-07-20T00:00:00Z,28.13,degC
ZONE_K,SST,2026-07-21T00:00:00Z,28.17,degC
ZONE_K,SST,2026-07-22T00:00:00Z,28.16,degC
ZONE_K,SST,2026-07-23T00:00:00Z,28.06,degC
ZONE_K,SST,2026-07-24T00:00:00Z,28.05,degC
ZONE_K,SST,2026-07-25T00:00:00Z,28.14,degC
ZONE_K,SST,2026-07-26T00:00:00Z,28.04,degC
ZONE_K,SST,2026-07-27T00:00:00Z,27.97,degC
ZONE_K,SST,2026-07-28T00:00:00Z,27.91,degC
ZONE_K,SST,2026-07-29T00:00:00Z,28.01,degC
ZONE_K,SST,2026-07-30T00:00:00Z,28.12,degC
ZONE_K,SST,2026-07-31T00:00:00Z,28.09,degC
ZONE_K,SST,2026-08-01T00:00:00Z,27.97,degC
ZONE_K,SST,2026-08-02T00:00:00Z,28.07,degC
ZONE_K,SST,2026-08-03T00:00:00Z,27.98,degC
ZONE_K,SST,2026-08-04T00:00:00Z,28.15,degC
ZONE_K,SST,2026-08-05T00:00:00Z,28.08,degC
ZONE_K,SST,2026-08-06T00:00:00Z,28.14,degC
ZONE_K,SST,2026-08-07T00:00:00Z,28.01,degC
ZONE_K,SST,2026-08-08T00:00:00Z,28.11,degC
ZONE_K,SST,2026-08-09T00:00:00Z,28.22,degC
ZONE_K,SST,2026-08-10T00:00:00Z,27.96,degC
ZONE_K,SST,2026-08-11T00:00:00Z,27.86,degC
ZONE_K,SST,2026-08-12T00:00:00Z,27.91,degC
ZONE_K,SST,2026-08-13T00:00:00Z,27.8,degC
ZONE_K,SST,2026-08-14T00:00:00Z,27.81,degC
ZONE_K,SST,2026-08-15T00:00:00Z,27.78,degC
ZONE_K,SST,2026-08-16T00:00:00Z,28.15,degC
ZONE_K,SST,2026-08-17T00:00:00Z,28.06,degC
ZONE_K,SST,2026-08-18T00:00:00Z,28.34,degC
ZONE_K,SST,2026-08-19T00:00:00Z,28.2,degC
ZONE_K,SST,2026-08-20T00:00:00Z,28.31,degC
ZONE_K,SST,2026-08-21T00:00:00Z,28.53,degC
ZONE_K,SST,2026-08-22T00:00:00Z,28.5,degC
ZONE_K,SST,2026-08-23T00:00:00Z,28.48,degC
ZONE_K,SST,2026-08-24T00:00:00Z,28.47,degC
ZONE_K,SST,2026-08-25T00:00:00Z,28.5,degC
ZONE_K,SST,2026-08-26T00:00:00Z,28.56,degC
ZONE_K,SST,2026-08-27T00:00:00Z,28.46,degC
ZONE_K,SST,2026-08-28T00:00:00Z,28.37,degC
ZONE_K,SST,2026-08-29T00:00:00Z,28.46,degC
ZONE_K,SST,2026-08-30T00:00:00Z,28.52,degC
ZONE_K,SST,2026-08-31T00:00:00Z,28.68,degC
ZONE_K,SST,2026-09-01T00:00:00Z,28.77,degC
ZONE_K,SST,2026-09-02T00:00:00Z,28.83,degC
ZONE_K,SST,2026-09-03T00:00:00Z,28.66,degC
ZONE_K,SST,2026-09-04T00:00:00Z,28.66,degC
ZONE_K,SST,2026-09-05T00:00:00Z,28.95,degC
ZONE_K,SST,2026-09-06T00:00:00Z,28.93,degC
ZONE_K,SST,2026-09-07T00:00:00Z,28.76,degC
ZONE_K,SST,2026-09-08T00:00:00Z,28.7,degC
ZONE_K,SST,2026-09-09T00:00:00Z,28.64,degC
ZONE_K,SST,2026-09-10T00:00:00Z,28.72,degC
ZONE_K,CHLOROPHYLL_A,2026-06-13T00:00:00Z,1.977,mg/m3
ZONE_K,CHLOROPHYLL_A,2026-06-14T00:00:00Z,1.816,mg/m3
ZONE_K,CHLOROPHYLL_A,2026-06-15T00:00:00Z,1.358,mg/m3
ZONE_K,CHLOROPHYLL_A,2026-06-16T00:00:00Z,1.32,mg/m3
ZONE_K,CHLOROPHYLL_A,2026-06-17T00:00:00Z,1.469,mg/m3
ZONE_K,CHLOROPHYLL_A,2026-06-18T00:00:00Z,1.452,mg/m3
ZONE_K,CHLOROPHYLL_A,2026-06-19T00:00:00Z,1.132,mg/m3
ZONE_K,CHLOROPHYLL_A,2026-06-20T00:00:00Z,,mg/m3
ZONE_K,CHLOROPHYLL_A,2026-06-21T00:00:00Z,0.931,mg/m3
ZONE_K,CHLOROPHYLL_A,2026-06-22T00:00:00Z,0.995,mg/m3
ZONE_K,CHLOROPHYLL_A,2026-06-23T00:00:00Z,0.984,mg/m3
ZONE_K,CHLOROPHYLL_A,2026-06-24T00:00:00Z,1.629,mg/m3
ZONE_K,CHLOROPHYLL_A,2026-06-25T00:00:00Z,1.729,mg/m3
ZONE_K,CHLOROPHYLL_A,2026-06-26T00:00:00Z,,mg/m3
ZONE_K,CHLOROPHYLL_A,2026-06-27T00:00:00Z,1.331,mg/m3
ZONE_K,CHLOROPHYLL_A,2026-06-28T00:00:00Z,1.546,mg/m3
ZONE_K,CHLOROPHYLL_A,2026-06-29T00:00:00Z,,mg/m3
ZONE_K,CHLOROPHYLL_A,2026-06-30T00:00:00Z,1.399,mg/m3
ZONE_K,CHLOROPHYLL_A,2026-07-01T00:00:00Z,1.142,mg/m3
ZONE_K,CHLOROPHYLL_A,2026-07-02T00:00:00Z,1.784,mg/m3
ZONE_K,CHLOROPHYLL_A,2026-07-03T00:00:00Z,1.793,mg/m3
ZONE_K,CHLOROPHYLL_A,2026-07-04T00:00:00Z,1.481,mg/m3
ZONE_K,CHLOROPHYLL_A,2026-07-05T00:00:00Z,2.035,mg/m3
ZONE_K,CHLOROPHYLL_A,2026-07-06T00:00:00Z,2.049,mg/m3
ZONE_K,CHLOROPHYLL_A,2026-07-07T00:00:00Z,1.524,mg/m3
ZONE_K,CHLOROPHYLL_A,2026-07-08T00:00:00Z,1.484,mg/m3
ZONE_K,CHLOROPHYLL_A,2026-07-09T00:00:00Z,1.325,mg/m3
ZONE_K,CHLOROPHYLL_A,2026-07-10T00:00:00Z,1.184,mg/m3
ZONE_K,CHLOROPHYLL_A,2026-07-11T00:00:00Z,1.218,mg/m3
ZONE_K,CHLOROPHYLL_A,2026-07-12T00:00:00Z,,mg/m3
ZONE_K,CHLOROPHYLL_A,2026-07-13T00:00:00Z,1.222,mg/m3
ZONE_K,CHLOROPHYLL_A,2026-07-14T00:00:00Z,1.138,mg/m3
ZONE_K,CHLOROPHYLL_A,2026-07-15T00:00:00Z,1.299,mg/m3
ZONE_K,CHLOROPHYLL_A,2026-07-16T00:00:00Z,,mg/m3
ZONE_K,CHLOROPHYLL_A,2026-07-17T00:00:00Z,,mg/m3
ZONE_K,CHLOROPHYLL_A,2026-07-18T00:00:00Z,1.782,mg/m3
ZONE_K,CHLOROPHYLL_A,2026-07-19T00:00:00Z,1.591,mg/m3
ZONE_K,CHLOROPHYLL_A,2026-07-20T00:00:00Z,1.589,mg/m3
ZONE_K,CHLOROPHYLL_A,2026-07-21T00:00:00Z,1.453,mg/m3
ZONE_K,CHLOROPHYLL_A,2026-07-22T00:00:00Z,,mg/m3
ZONE_K,CHLOROPHYLL_A,2026-07-23T00:00:00Z,1.666,mg/m3
ZONE_K,CHLOROPHYLL_A,2026-07-24T00:00:00Z,2.012,mg/m3
ZONE_K,CHLOROPHYLL_A,2026-07-25T00:00:00Z,1.464,mg/m3
ZONE_K,CHLOROPHYLL_A,2026-07-26T00:00:00Z,1.289,mg/m3
ZONE_K,CHLOROPHYLL_A,2026-07-27T00:00:00Z,1.127,mg/m3
ZONE_K,CHLOROPHYLL_A,2026-07-28T00:00:00Z,1.248,mg/m3
ZONE_K,CHLOROPHYLL_A,2026-07-29T00:00:00Z,1.115,mg/m3
ZONE_K,CHLOROPHYLL_A,2026-07-30T00:00:00Z,1.026,mg/m3
ZONE_K,CHLOROPHYLL_A,2026-07-31T00:00:00Z,0.972,mg/m3
ZONE_K,CHLOROPHYLL_A,2026-08-01T00:00:00Z,1.658,mg/m3
ZONE_K,CHLOROPHYLL_A,2026-08-02T00:00:00Z,1.369,mg/m3
ZONE_K,CHLOROPHYLL_A,2026-08-03T00:00:00Z,1.948,mg/m3
ZONE_K,CHLOROPHYLL_A,2026-08-04T00:00:00Z,,mg/m3
ZONE_K,CHLOROPHYLL_A,2026-08-05T00:00:00Z,3.411,mg/m3
ZONE_K,CHLOROPHYLL_A,2026-08-06T00:00:00Z,2.395,mg/m3
ZONE_K,CHLOROPHYLL_A,2026-08-07T00:00:00Z,2.259,mg/m3
ZONE_K,CHLOROPHYLL_A,2026-08-08T00:00:00Z,1.996,mg/m3
ZONE_K,CHLOROPHYLL_A,2026-08-09T00:00:00Z,1.682,mg/m3
ZONE_K,CHLOROPHYLL_A,2026-08-10T00:00:00Z,1.229,mg/m3
ZONE_K,CHLOROPHYLL_A,2026-08-11T00:00:00Z,2.127,mg/m3
ZONE_K,CHLOROPHYLL_A,2026-08-12T00:00:00Z,2.255,mg/m3
ZONE_K,CHLOROPHYLL_A,2026-08-13T00:00:00Z,1.548,mg/m3
ZONE_K,CHLOROPHYLL_A,2026-08-14T00:00:00Z,,mg/m3
ZONE_K,CHLOROPHYLL_A,2026-08-15T00:00:00Z,1.531,mg/m3
ZONE_K,CHLOROPHYLL_A,2026-08-16T00:00:00Z,,mg/m3
ZONE_K,CHLOROPHYLL_A,2026-08-17T00:00:00Z,2.098,mg/m3
ZONE_K,CHLOROPHYLL_A,2026-08-18T00:00:00Z,1.915,mg/m3
ZONE_K,CHLOROPHYLL_A,2026-08-19T00:00:00Z,1.704,mg/m3
ZONE_K,CHLOROPHYLL_A,2026-08-20T00:00:00Z,1.692,mg/m3
ZONE_K,CHLOROPHYLL_A,2026-08-21T00:00:00Z,,mg/m3
ZONE_K,CHLOROPHYLL_A,2026-08-22T00:00:00Z,1.601,mg/m3
ZONE_K,CHLOROPHYLL_A,2026-08-23T00:00:00Z,1.264,mg/m3
ZONE_K,CHLOROPHYLL_A,2026-08-24T00:00:00Z,,mg/m3
ZONE_K,CHLOROPHYLL_A,2026-08-25T00:00:00Z,,mg/m3
ZONE_K,CHLOROPHYLL_A,2026-08-26T00:00:00Z,1.065,mg/m3
ZONE_K,CHLOROPHYLL_A,2026-08-27T00:00:00Z,,mg/m3
ZONE_K,CHLOROPHYLL_A,2026-08-28T00:00:00Z,0.988,mg/m3
ZONE_K,CHLOROPHYLL_A,2026-08-29T00:00:00Z,0.848,mg/m3
ZONE_K,CHLOROPHYLL_A,2026-08-30T00:00:00Z,0.687,mg/m3
ZONE_K,CHLOROPHYLL_A,2026-08-31T00:00:00Z,0.996,mg/m3
ZONE_K,CHLOROPHYLL_A,2026-09-01T00:00:00Z,,mg/m3
ZONE_K,CHLOROPHYLL_A,2026-09-02T00:00:00Z,1.104,mg/m3
ZONE_K,CHLOROPHYLL_A,2026-09-03T00:00:00Z,0.919,mg/m3
ZONE_K,CHLOROPHYLL_A,2026-09-04T00:00:00Z,0.843,mg/m3
ZONE_K,CHLOROPHYLL_A,2026-09-05T00:00:00Z,1.323,mg/m3
ZONE_K,CHLOROPHYLL_A,2026-09-06T00:00:00Z,0.91,mg/m3
ZONE_K,CHLOROPHYLL_A,2026-09-07T00:00:00Z,0.949,mg/m3
ZONE_K,CHLOROPHYLL_A,2026-09-08T00:00:00Z,0.816,mg/m3
ZONE_K,CHLOROPHYLL_A,2026-09-09T00:00:00Z,1.063,mg/m3
ZONE_K,CHLOROPHYLL_A,2026-09-10T00:00:00Z,1.162,mg/m3
ZONE_K,WIND_SPEED,2026-06-13T00:00:00Z,29.8,kn
ZONE_K,WIND_SPEED,2026-06-14T00:00:00Z,28.1,kn
ZONE_K,WIND_SPEED,2026-06-15T00:00:00Z,27.4,kn
ZONE_K,WIND_SPEED,2026-06-16T00:00:00Z,28.4,kn
ZONE_K,WIND_SPEED,2026-06-17T00:00:00Z,30.7,kn
ZONE_K,WIND_SPEED,2026-06-18T00:00:00Z,30.0,kn
ZONE_K,WIND_SPEED,2026-06-19T00:00:00Z,28.2,kn
ZONE_K,WIND_SPEED,2026-06-20T00:00:00Z,30.5,kn
ZONE_K,WIND_SPEED,2026-06-21T00:00:00Z,32.0,kn
ZONE_K,WIND_SPEED,2026-06-22T00:00:00Z,30.9,kn
ZONE_K,WIND_SPEED,2026-06-23T00:00:00Z,28.7,kn
ZONE_K,WIND_SPEED,2026-06-24T00:00:00Z,27.9,kn
ZONE_K,WIND_SPEED,2026-06-25T00:00:00Z,29.5,kn
ZONE_K,WIND_SPEED,2026-06-26T00:00:00Z,30.4,kn
ZONE_K,WIND_SPEED,2026-06-27T00:00:00Z,29.2,kn
ZONE_K,WIND_SPEED,2026-06-28T00:00:00Z,31.0,kn
ZONE_K,WIND_SPEED,2026-06-29T00:00:00Z,30.1,kn
ZONE_K,WIND_SPEED,2026-06-30T00:00:00Z,32.0,kn
ZONE_K,WIND_SPEED,2026-07-01T00:00:00Z,31.5,kn
ZONE_K,WIND_SPEED,2026-07-02T00:00:00Z,30.5,kn
ZONE_K,WIND_SPEED,2026-07-03T00:00:00Z,29.5,kn
ZONE_K,WIND_SPEED,2026-07-04T00:00:00Z,28.3,kn
ZONE_K,WIND_SPEED,2026-07-05T00:00:00Z,29.2,kn
ZONE_K,WIND_SPEED,2026-07-06T00:00:00Z,29.4,kn
ZONE_K,WIND_SPEED,2026-07-07T00:00:00Z,26.2,kn
ZONE_K,WIND_SPEED,2026-07-08T00:00:00Z,24.9,kn
ZONE_K,WIND_SPEED,2026-07-09T00:00:00Z,25.7,kn
ZONE_K,WIND_SPEED,2026-07-10T00:00:00Z,28.3,kn
ZONE_K,WIND_SPEED,2026-07-11T00:00:00Z,27.0,kn
ZONE_K,WIND_SPEED,2026-07-12T00:00:00Z,25.3,kn
ZONE_K,WIND_SPEED,2026-07-13T00:00:00Z,26.4,kn
ZONE_K,WIND_SPEED,2026-07-14T00:00:00Z,25.6,kn
ZONE_K,WIND_SPEED,2026-07-15T00:00:00Z,23.9,kn
ZONE_K,WIND_SPEED,2026-07-16T00:00:00Z,25.0,kn
ZONE_K,WIND_SPEED,2026-07-17T00:00:00Z,26.5,kn
ZONE_K,WIND_SPEED,2026-07-18T00:00:00Z,26.6,kn
ZONE_K,WIND_SPEED,2026-07-19T00:00:00Z,27.0,kn
ZONE_K,WIND_SPEED,2026-07-20T00:00:00Z,26.6,kn
ZONE_K,WIND_SPEED,2026-07-21T00:00:00Z,27.0,kn
ZONE_K,WIND_SPEED,2026-07-22T00:00:00Z,25.8,kn
ZONE_K,WIND_SPEED,2026-07-23T00:00:00Z,22.8,kn
ZONE_K,WIND_SPEED,2026-07-24T00:00:00Z,24.0,kn
ZONE_K,WIND_SPEED,2026-07-25T00:00:00Z,24.4,kn
ZONE_K,WIND_SPEED,2026-07-26T00:00:00Z,24.9,kn
ZONE_K,WIND_SPEED,2026-07-27T00:00:00Z,23.5,kn
ZONE_K,WIND_SPEED,2026-07-28T00:00:00Z,22.1,kn
ZONE_K,WIND_SPEED,2026-07-29T00:00:00Z,22.4,kn
ZONE_K,WIND_SPEED,2026-07-30T00:00:00Z,21.3,kn
ZONE_K,WIND_SPEED,2026-07-31T00:00:00Z,22.7,kn
ZONE_K,WIND_SPEED,2026-08-01T00:00:00Z,21.9,kn
ZONE_K,WIND_SPEED,2026-08-02T00:00:00Z,22.6,kn
ZONE_K,WIND_SPEED,2026-08-03T00:00:00Z,21.2,kn
ZONE_K,WIND_SPEED,2026-08-04T00:00:00Z,23.9,kn
ZONE_K,WIND_SPEED,2026-08-05T00:00:00Z,24.6,kn
ZONE_K,WIND_SPEED,2026-08-06T00:00:00Z,23.4,kn
ZONE_K,WIND_SPEED,2026-08-07T00:00:00Z,23.7,kn
ZONE_K,WIND_SPEED,2026-08-08T00:00:00Z,25.0,kn
ZONE_K,WIND_SPEED,2026-08-09T00:00:00Z,26.5,kn
ZONE_K,WIND_SPEED,2026-08-10T00:00:00Z,24.9,kn
ZONE_K,WIND_SPEED,2026-08-11T00:00:00Z,27.7,kn
ZONE_K,WIND_SPEED,2026-08-12T00:00:00Z,27.4,kn
ZONE_K,WIND_SPEED,2026-08-13T00:00:00Z,26.2,kn
ZONE_K,WIND_SPEED,2026-08-14T00:00:00Z,25.4,kn
ZONE_K,WIND_SPEED,2026-08-15T00:00:00Z,23.4,kn
ZONE_K,WIND_SPEED,2026-08-16T00:00:00Z,24.1,kn
ZONE_K,WIND_SPEED,2026-08-17T00:00:00Z,24.5,kn
ZONE_K,WIND_SPEED,2026-08-18T00:00:00Z,24.4,kn
ZONE_K,WIND_SPEED,2026-08-19T00:00:00Z,22.7,kn
ZONE_K,WIND_SPEED,2026-08-20T00:00:00Z,20.7,kn
ZONE_K,WIND_SPEED,2026-08-21T00:00:00Z,19.6,kn
ZONE_K,WIND_SPEED,2026-08-22T00:00:00Z,22.0,kn
ZONE_K,WIND_SPEED,2026-08-23T00:00:00Z,22.4,kn
ZONE_K,WIND_SPEED,2026-08-24T00:00:00Z,23.0,kn
ZONE_K,WIND_SPEED,2026-08-25T00:00:00Z,24.4,kn
ZONE_K,WIND_SPEED,2026-08-26T00:00:00Z,24.0,kn
ZONE_K,WIND_SPEED,2026-08-27T00:00:00Z,21.8,kn
ZONE_K,WIND_SPEED,2026-08-28T00:00:00Z,21.1,kn
ZONE_K,WIND_SPEED,2026-08-29T00:00:00Z,20.7,kn
ZONE_K,WIND_SPEED,2026-08-30T00:00:00Z,20.6,kn
ZONE_K,WIND_SPEED,2026-08-31T00:00:00Z,21.2,kn
ZONE_K,WIND_SPEED,2026-09-01T00:00:00Z,21.6,kn
ZONE_K,WIND_SPEED,2026-09-02T00:00:00Z,20.6,kn
ZONE_K,WIND_SPEED,2026-09-03T00:00:00Z,18.3,kn
ZONE_K,WIND_SPEED,2026-09-04T00:00:00Z,17.9,kn
ZONE_K,WIND_SPEED,2026-09-05T00:00:00Z,19.0,kn
ZONE_K,WIND_SPEED,2026-09-06T00:00:00Z,19.2,kn
ZONE_K,WIND_SPEED,2026-09-07T00:00:00Z,20.8,kn
ZONE_K,WIND_SPEED,2026-09-08T00:00:00Z,21.4,kn
ZONE_K,WIND_SPEED,2026-09-09T00:00:00Z,21.3,kn
ZONE_K,WIND_SPEED,2026-09-10T00:00:00Z,20.8,kn
ZONE_K,SIGNIFICANT_WAVE_HEIGHT,2026-06-13T00:00:00Z,2.52,m
ZONE_K,SIGNIFICANT_WAVE_HEIGHT,2026-06-14T00:00:00Z,2.79,m
ZONE_K,SIGNIFICANT_WAVE_HEIGHT,2026-06-15T00:00:00Z,2.66,m
ZONE_K,SIGNIFICANT_WAVE_HEIGHT,2026-06-16T00:00:00Z,2.82,m
ZONE_K,SIGNIFICANT_WAVE_HEIGHT,2026-06-17T00:00:00Z,2.73,m
ZONE_K,SIGNIFICANT_WAVE_HEIGHT,2026-06-18T00:00:00Z,2.8,m
ZONE_K,SIGNIFICANT_WAVE_HEIGHT,2026-06-19T00:00:00Z,2.65,m
ZONE_K,SIGNIFICANT_WAVE_HEIGHT,2026-06-20T00:00:00Z,2.54,m
ZONE_K,SIGNIFICANT_WAVE_HEIGHT,2026-06-21T00:00:00Z,2.41,m
ZONE_K,SIGNIFICANT_WAVE_HEIGHT,2026-06-22T00:00:00Z,2.34,m
ZONE_K,SIGNIFICANT_WAVE_HEIGHT,2026-06-23T00:00:00Z,2.46,m
ZONE_K,SIGNIFICANT_WAVE_HEIGHT,2026-06-24T00:00:00Z,2.71,m
ZONE_K,SIGNIFICANT_WAVE_HEIGHT,2026-06-25T00:00:00Z,2.21,m
ZONE_K,SIGNIFICANT_WAVE_HEIGHT,2026-06-26T00:00:00Z,2.52,m
ZONE_K,SIGNIFICANT_WAVE_HEIGHT,2026-06-27T00:00:00Z,2.61,m
ZONE_K,SIGNIFICANT_WAVE_HEIGHT,2026-06-28T00:00:00Z,2.59,m
ZONE_K,SIGNIFICANT_WAVE_HEIGHT,2026-06-29T00:00:00Z,2.36,m
ZONE_K,SIGNIFICANT_WAVE_HEIGHT,2026-06-30T00:00:00Z,2.72,m
ZONE_K,SIGNIFICANT_WAVE_HEIGHT,2026-07-01T00:00:00Z,2.66,m
ZONE_K,SIGNIFICANT_WAVE_HEIGHT,2026-07-02T00:00:00Z,2.67,m
ZONE_K,SIGNIFICANT_WAVE_HEIGHT,2026-07-03T00:00:00Z,2.42,m
ZONE_K,SIGNIFICANT_WAVE_HEIGHT,2026-07-04T00:00:00Z,2.37,m
ZONE_K,SIGNIFICANT_WAVE_HEIGHT,2026-07-05T00:00:00Z,2.28,m
ZONE_K,SIGNIFICANT_WAVE_HEIGHT,2026-07-06T00:00:00Z,2.41,m
ZONE_K,SIGNIFICANT_WAVE_HEIGHT,2026-07-07T00:00:00Z,2.42,m
ZONE_K,SIGNIFICANT_WAVE_HEIGHT,2026-07-08T00:00:00Z,2.32,m
ZONE_K,SIGNIFICANT_WAVE_HEIGHT,2026-07-09T00:00:00Z,2.4,m
ZONE_K,SIGNIFICANT_WAVE_HEIGHT,2026-07-10T00:00:00Z,2.66,m
ZONE_K,SIGNIFICANT_WAVE_HEIGHT,2026-07-11T00:00:00Z,2.73,m
ZONE_K,SIGNIFICANT_WAVE_HEIGHT,2026-07-12T00:00:00Z,2.81,m
ZONE_K,SIGNIFICANT_WAVE_HEIGHT,2026-07-13T00:00:00Z,2.54,m
ZONE_K,SIGNIFICANT_WAVE_HEIGHT,2026-07-14T00:00:00Z,2.43,m
ZONE_K,SIGNIFICANT_WAVE_HEIGHT,2026-07-15T00:00:00Z,2.3,m
ZONE_K,SIGNIFICANT_WAVE_HEIGHT,2026-07-16T00:00:00Z,2.12,m
ZONE_K,SIGNIFICANT_WAVE_HEIGHT,2026-07-17T00:00:00Z,2.31,m
ZONE_K,SIGNIFICANT_WAVE_HEIGHT,2026-07-18T00:00:00Z,2.31,m
ZONE_K,SIGNIFICANT_WAVE_HEIGHT,2026-07-19T00:00:00Z,2.13,m
ZONE_K,SIGNIFICANT_WAVE_HEIGHT,2026-07-20T00:00:00Z,2.05,m
ZONE_K,SIGNIFICANT_WAVE_HEIGHT,2026-07-21T00:00:00Z,2.18,m
ZONE_K,SIGNIFICANT_WAVE_HEIGHT,2026-07-22T00:00:00Z,2.27,m
ZONE_K,SIGNIFICANT_WAVE_HEIGHT,2026-07-23T00:00:00Z,2.17,m
ZONE_K,SIGNIFICANT_WAVE_HEIGHT,2026-07-24T00:00:00Z,2.0,m
ZONE_K,SIGNIFICANT_WAVE_HEIGHT,2026-07-25T00:00:00Z,2.43,m
ZONE_K,SIGNIFICANT_WAVE_HEIGHT,2026-07-26T00:00:00Z,2.41,m
ZONE_K,SIGNIFICANT_WAVE_HEIGHT,2026-07-27T00:00:00Z,2.16,m
ZONE_K,SIGNIFICANT_WAVE_HEIGHT,2026-07-28T00:00:00Z,2.18,m
ZONE_K,SIGNIFICANT_WAVE_HEIGHT,2026-07-29T00:00:00Z,2.25,m
ZONE_K,SIGNIFICANT_WAVE_HEIGHT,2026-07-30T00:00:00Z,2.15,m
ZONE_K,SIGNIFICANT_WAVE_HEIGHT,2026-07-31T00:00:00Z,2.15,m
ZONE_K,SIGNIFICANT_WAVE_HEIGHT,2026-08-01T00:00:00Z,2.27,m
ZONE_K,SIGNIFICANT_WAVE_HEIGHT,2026-08-02T00:00:00Z,2.07,m
ZONE_K,SIGNIFICANT_WAVE_HEIGHT,2026-08-03T00:00:00Z,2.16,m
ZONE_K,SIGNIFICANT_WAVE_HEIGHT,2026-08-04T00:00:00Z,2.51,m
ZONE_K,SIGNIFICANT_WAVE_HEIGHT,2026-08-05T00:00:00Z,2.25,m
ZONE_K,SIGNIFICANT_WAVE_HEIGHT,2026-08-06T00:00:00Z,2.15,m
ZONE_K,SIGNIFICANT_WAVE_HEIGHT,2026-08-07T00:00:00Z,2.4,m
ZONE_K,SIGNIFICANT_WAVE_HEIGHT,2026-08-08T00:00:00Z,2.21,m
ZONE_K,SIGNIFICANT_WAVE_HEIGHT,2026-08-09T00:00:00Z,2.27,m
ZONE_K,SIGNIFICANT_WAVE_HEIGHT,2026-08-10T00:00:00Z,2.3,m
ZONE_K,SIGNIFICANT_WAVE_HEIGHT,2026-08-11T00:00:00Z,2.28,m
ZONE_K,SIGNIFICANT_WAVE_HEIGHT,2026-08-12T00:00:00Z,2.04,m
ZONE_K,SIGNIFICANT_WAVE_HEIGHT,2026-08-13T00:00:00Z,1.86,m
ZONE_K,SIGNIFICANT_WAVE_HEIGHT,2026-08-14T00:00:00Z,1.74,m
ZONE_K,SIGNIFICANT_WAVE_HEIGHT,2026-08-15T00:00:00Z,1.65,m
ZONE_K,SIGNIFICANT_WAVE_HEIGHT,2026-08-16T00:00:00Z,1.82,m
ZONE_K,SIGNIFICANT_WAVE_HEIGHT,2026-08-17T00:00:00Z,2.14,m
ZONE_K,SIGNIFICANT_WAVE_HEIGHT,2026-08-18T00:00:00Z,2.07,m
ZONE_K,SIGNIFICANT_WAVE_HEIGHT,2026-08-19T00:00:00Z,1.87,m
ZONE_K,SIGNIFICANT_WAVE_HEIGHT,2026-08-20T00:00:00Z,2.01,m
ZONE_K,SIGNIFICANT_WAVE_HEIGHT,2026-08-21T00:00:00Z,1.89,m
ZONE_K,SIGNIFICANT_WAVE_HEIGHT,2026-08-22T00:00:00Z,1.64,m
ZONE_K,SIGNIFICANT_WAVE_HEIGHT,2026-08-23T00:00:00Z,1.89,m
ZONE_K,SIGNIFICANT_WAVE_HEIGHT,2026-08-24T00:00:00Z,1.82,m
ZONE_K,SIGNIFICANT_WAVE_HEIGHT,2026-08-25T00:00:00Z,1.55,m
ZONE_K,SIGNIFICANT_WAVE_HEIGHT,2026-08-26T00:00:00Z,1.49,m
ZONE_K,SIGNIFICANT_WAVE_HEIGHT,2026-08-27T00:00:00Z,1.63,m
ZONE_K,SIGNIFICANT_WAVE_HEIGHT,2026-08-28T00:00:00Z,1.98,m
ZONE_K,SIGNIFICANT_WAVE_HEIGHT,2026-08-29T00:00:00Z,2.01,m
ZONE_K,SIGNIFICANT_WAVE_HEIGHT,2026-08-30T00:00:00Z,1.94,m
ZONE_K,SIGNIFICANT_WAVE_HEIGHT,2026-08-31T00:00:00Z,1.62,m
ZONE_K,SIGNIFICANT_WAVE_HEIGHT,2026-09-01T00:00:00Z,1.58,m
ZONE_K,SIGNIFICANT_WAVE_HEIGHT,2026-09-02T00:00:00Z,1.62,m
ZONE_K,SIGNIFICANT_WAVE_HEIGHT,2026-09-03T00:00:00Z,1.44,m
ZONE_K,SIGNIFICANT_WAVE_HEIGHT,2026-09-04T00:00:00Z,1.72,m
ZONE_K,SIGNIFICANT_WAVE_HEIGHT,2026-09-05T00:00:00Z,1.51,m
ZONE_K,SIGNIFICANT_WAVE_HEIGHT,2026-09-06T00:00:00Z,1.57,m
ZONE_K,SIGNIFICANT_WAVE_HEIGHT,2026-09-07T00:00:00Z,1.54,m
ZONE_K,SIGNIFICANT_WAVE_HEIGHT,2026-09-08T00:00:00Z,1.6,m
ZONE_K,SIGNIFICANT_WAVE_HEIGHT,2026-09-09T00:00:00Z,1.66,m
ZONE_K,SIGNIFICANT_WAVE_HEIGHT,2026-09-10T00:00:00Z,1.57,m
ZONE_L,SST,2026-06-13T00:00:00Z,28.5,degC
ZONE_L,SST,2026-06-14T00:00:00Z,28.65,degC
ZONE_L,SST,2026-06-15T00:00:00Z,28.69,degC
ZONE_L,SST,2026-06-16T00:00:00Z,28.69,degC
ZONE_L,SST,2026-06-17T00:00:00Z,28.6,degC
ZONE_L,SST,2026-06-18T00:00:00Z,28.51,degC
ZONE_L,SST,2026-06-19T00:00:00Z,28.52,degC
ZONE_L,SST,2026-06-20T00:00:00Z,28.37,degC
ZONE_L,SST,2026-06-21T00:00:00Z,28.36,degC
ZONE_L,SST,2026-06-22T00:00:00Z,28.46,degC
ZONE_L,SST,2026-06-23T00:00:00Z,28.47,degC
ZONE_L,SST,2026-06-24T00:00:00Z,28.48,degC
ZONE_L,SST,2026-06-25T00:00:00Z,28.47,degC
ZONE_L,SST,2026-06-26T00:00:00Z,28.49,degC
ZONE_L,SST,2026-06-27T00:00:00Z,28.36,degC
ZONE_L,SST,2026-06-28T00:00:00Z,28.23,degC
ZONE_L,SST,2026-06-29T00:00:00Z,28.34,degC
ZONE_L,SST,2026-06-30T00:00:00Z,28.37,degC
ZONE_L,SST,2026-07-01T00:00:00Z,28.39,degC
ZONE_L,SST,2026-07-02T00:00:00Z,28.32,degC
ZONE_L,SST,2026-07-03T00:00:00Z,28.28,degC
ZONE_L,SST,2026-07-04T00:00:00Z,28.4,degC
ZONE_L,SST,2026-07-05T00:00:00Z,28.29,degC
ZONE_L,SST,2026-07-06T00:00:00Z,28.02,degC
ZONE_L,SST,2026-07-07T00:00:00Z,28.01,degC
ZONE_L,SST,2026-07-08T00:00:00Z,27.97,degC
ZONE_L,SST,2026-07-09T00:00:00Z,27.95,degC
ZONE_L,SST,2026-07-10T00:00:00Z,27.94,degC
ZONE_L,SST,2026-07-11T00:00:00Z,28.22,degC
ZONE_L,SST,2026-07-12T00:00:00Z,28.04,degC
ZONE_L,SST,2026-07-13T00:00:00Z,27.9,degC
ZONE_L,SST,2026-07-14T00:00:00Z,27.94,degC
ZONE_L,SST,2026-07-15T00:00:00Z,28.21,degC
ZONE_L,SST,2026-07-16T00:00:00Z,28.18,degC
ZONE_L,SST,2026-07-17T00:00:00Z,28.15,degC
ZONE_L,SST,2026-07-18T00:00:00Z,28.13,degC
ZONE_L,SST,2026-07-19T00:00:00Z,28.18,degC
ZONE_L,SST,2026-07-20T00:00:00Z,28.21,degC
ZONE_L,SST,2026-07-21T00:00:00Z,28.11,degC
ZONE_L,SST,2026-07-22T00:00:00Z,27.97,degC
ZONE_L,SST,2026-07-23T00:00:00Z,28.12,degC
ZONE_L,SST,2026-07-24T00:00:00Z,28.1,degC
ZONE_L,SST,2026-07-25T00:00:00Z,28.03,degC
ZONE_L,SST,2026-07-26T00:00:00Z,27.96,degC
ZONE_L,SST,2026-07-27T00:00:00Z,27.94,degC
ZONE_L,SST,2026-07-28T00:00:00Z,27.89,degC
ZONE_L,SST,2026-07-29T00:00:00Z,28.03,degC
ZONE_L,SST,2026-07-30T00:00:00Z,27.84,degC
ZONE_L,SST,2026-07-31T00:00:00Z,28.08,degC
ZONE_L,SST,2026-08-01T00:00:00Z,27.97,degC
ZONE_L,SST,2026-08-02T00:00:00Z,27.99,degC
ZONE_L,SST,2026-08-03T00:00:00Z,28.02,degC
ZONE_L,SST,2026-08-04T00:00:00Z,28.05,degC
ZONE_L,SST,2026-08-05T00:00:00Z,28.35,degC
ZONE_L,SST,2026-08-06T00:00:00Z,28.3,degC
ZONE_L,SST,2026-08-07T00:00:00Z,28.44,degC
ZONE_L,SST,2026-08-08T00:00:00Z,28.29,degC
ZONE_L,SST,2026-08-09T00:00:00Z,28.15,degC
ZONE_L,SST,2026-08-10T00:00:00Z,28.03,degC
ZONE_L,SST,2026-08-11T00:00:00Z,27.96,degC
ZONE_L,SST,2026-08-12T00:00:00Z,28.02,degC
ZONE_L,SST,2026-08-13T00:00:00Z,28.22,degC
ZONE_L,SST,2026-08-14T00:00:00Z,28.29,degC
ZONE_L,SST,2026-08-15T00:00:00Z,28.42,degC
ZONE_L,SST,2026-08-16T00:00:00Z,28.44,degC
ZONE_L,SST,2026-08-17T00:00:00Z,28.49,degC
ZONE_L,SST,2026-08-18T00:00:00Z,28.35,degC
ZONE_L,SST,2026-08-19T00:00:00Z,28.31,degC
ZONE_L,SST,2026-08-20T00:00:00Z,28.19,degC
ZONE_L,SST,2026-08-21T00:00:00Z,28.18,degC
ZONE_L,SST,2026-08-22T00:00:00Z,28.55,degC
ZONE_L,SST,2026-08-23T00:00:00Z,28.56,degC
ZONE_L,SST,2026-08-24T00:00:00Z,28.39,degC
ZONE_L,SST,2026-08-25T00:00:00Z,28.52,degC
ZONE_L,SST,2026-08-26T00:00:00Z,28.58,degC
ZONE_L,SST,2026-08-27T00:00:00Z,28.51,degC
ZONE_L,SST,2026-08-28T00:00:00Z,28.55,degC
ZONE_L,SST,2026-08-29T00:00:00Z,28.37,degC
ZONE_L,SST,2026-08-30T00:00:00Z,28.52,degC
ZONE_L,SST,2026-08-31T00:00:00Z,28.48,degC
ZONE_L,SST,2026-09-01T00:00:00Z,28.83,degC
ZONE_L,SST,2026-09-02T00:00:00Z,28.61,degC
ZONE_L,SST,2026-09-03T00:00:00Z,28.61,degC
ZONE_L,SST,2026-09-04T00:00:00Z,28.52,degC
ZONE_L,SST,2026-09-05T00:00:00Z,28.73,degC
ZONE_L,SST,2026-09-06T00:00:00Z,28.88,degC
ZONE_L,SST,2026-09-07T00:00:00Z,28.85,degC
ZONE_L,SST,2026-09-08T00:00:00Z,28.89,degC
ZONE_L,SST,2026-09-09T00:00:00Z,28.87,degC
ZONE_L,SST,2026-09-10T00:00:00Z,28.89,degC
ZONE_L,CHLOROPHYLL_A,2026-06-13T00:00:00Z,2.336,mg/m3
ZONE_L,CHLOROPHYLL_A,2026-06-14T00:00:00Z,3.037,mg/m3
ZONE_L,CHLOROPHYLL_A,2026-06-15T00:00:00Z,3.089,mg/m3
ZONE_L,CHLOROPHYLL_A,2026-06-16T00:00:00Z,,mg/m3
ZONE_L,CHLOROPHYLL_A,2026-06-17T00:00:00Z,2.241,mg/m3
ZONE_L,CHLOROPHYLL_A,2026-06-18T00:00:00Z,2.743,mg/m3
ZONE_L,CHLOROPHYLL_A,2026-06-19T00:00:00Z,1.942,mg/m3
ZONE_L,CHLOROPHYLL_A,2026-06-20T00:00:00Z,1.914,mg/m3
ZONE_L,CHLOROPHYLL_A,2026-06-21T00:00:00Z,1.927,mg/m3
ZONE_L,CHLOROPHYLL_A,2026-06-22T00:00:00Z,1.717,mg/m3
ZONE_L,CHLOROPHYLL_A,2026-06-23T00:00:00Z,1.847,mg/m3
ZONE_L,CHLOROPHYLL_A,2026-06-24T00:00:00Z,2.157,mg/m3
ZONE_L,CHLOROPHYLL_A,2026-06-25T00:00:00Z,1.91,mg/m3
ZONE_L,CHLOROPHYLL_A,2026-06-26T00:00:00Z,,mg/m3
ZONE_L,CHLOROPHYLL_A,2026-06-27T00:00:00Z,1.816,mg/m3
ZONE_L,CHLOROPHYLL_A,2026-06-28T00:00:00Z,1.957,mg/m3
ZONE_L,CHLOROPHYLL_A,2026-06-29T00:00:00Z,2.47,mg/m3
ZONE_L,CHLOROPHYLL_A,2026-06-30T00:00:00Z,1.936,mg/m3
ZONE_L,CHLOROPHYLL_A,2026-07-01T00:00:00Z,,mg/m3
ZONE_L,CHLOROPHYLL_A,2026-07-02T00:00:00Z,1.866,mg/m3
ZONE_L,CHLOROPHYLL_A,2026-07-03T00:00:00Z,1.819,mg/m3
ZONE_L,CHLOROPHYLL_A,2026-07-04T00:00:00Z,2.011,mg/m3
ZONE_L,CHLOROPHYLL_A,2026-07-05T00:00:00Z,1.979,mg/m3
ZONE_L,CHLOROPHYLL_A,2026-07-06T00:00:00Z,1.624,mg/m3
ZONE_L,CHLOROPHYLL_A,2026-07-07T00:00:00Z,1.874,mg/m3
ZONE_L,CHLOROPHYLL_A,2026-07-08T00:00:00Z,1.995,mg/m3
ZONE_L,CHLOROPHYLL_A,2026-07-09T00:00:00Z,1.617,mg/m3
ZONE_L,CHLOROPHYLL_A,2026-07-10T00:00:00Z,1.295,mg/m3
ZONE_L,CHLOROPHYLL_A,2026-07-11T00:00:00Z,1.452,mg/m3
ZONE_L,CHLOROPHYLL_A,2026-07-12T00:00:00Z,1.847,mg/m3
ZONE_L,CHLOROPHYLL_A,2026-07-13T00:00:00Z,1.706,mg/m3
ZONE_L,CHLOROPHYLL_A,2026-07-14T00:00:00Z,1.657,mg/m3
ZONE_L,CHLOROPHYLL_A,2026-07-15T00:00:00Z,1.677,mg/m3
ZONE_L,CHLOROPHYLL_A,2026-07-16T00:00:00Z,1.701,mg/m3
ZONE_L,CHLOROPHYLL_A,2026-07-17T00:00:00Z,,mg/m3
ZONE_L,CHLOROPHYLL_A,2026-07-18T00:00:00Z,2.283,mg/m3
ZONE_L,CHLOROPHYLL_A,2026-07-19T00:00:00Z,1.313,mg/m3
ZONE_L,CHLOROPHYLL_A,2026-07-20T00:00:00Z,1.431,mg/m3
ZONE_L,CHLOROPHYLL_A,2026-07-21T00:00:00Z,1.213,mg/m3
ZONE_L,CHLOROPHYLL_A,2026-07-22T00:00:00Z,1.088,mg/m3
ZONE_L,CHLOROPHYLL_A,2026-07-23T00:00:00Z,1.292,mg/m3
ZONE_L,CHLOROPHYLL_A,2026-07-24T00:00:00Z,1.633,mg/m3
ZONE_L,CHLOROPHYLL_A,2026-07-25T00:00:00Z,1.949,mg/m3
ZONE_L,CHLOROPHYLL_A,2026-07-26T00:00:00Z,,mg/m3
ZONE_L,CHLOROPHYLL_A,2026-07-27T00:00:00Z,1.955,mg/m3
ZONE_L,CHLOROPHYLL_A,2026-07-28T00:00:00Z,1.48,mg/m3
ZONE_L,CHLOROPHYLL_A,2026-07-29T00:00:00Z,1.708,mg/m3
ZONE_L,CHLOROPHYLL_A,2026-07-30T00:00:00Z,1.394,mg/m3
ZONE_L,CHLOROPHYLL_A,2026-07-31T00:00:00Z,1.585,mg/m3
ZONE_L,CHLOROPHYLL_A,2026-08-01T00:00:00Z,1.835,mg/m3
ZONE_L,CHLOROPHYLL_A,2026-08-02T00:00:00Z,,mg/m3
ZONE_L,CHLOROPHYLL_A,2026-08-03T00:00:00Z,1.774,mg/m3
ZONE_L,CHLOROPHYLL_A,2026-08-04T00:00:00Z,1.485,mg/m3
ZONE_L,CHLOROPHYLL_A,2026-08-05T00:00:00Z,1.176,mg/m3
ZONE_L,CHLOROPHYLL_A,2026-08-06T00:00:00Z,1.451,mg/m3
ZONE_L,CHLOROPHYLL_A,2026-08-07T00:00:00Z,1.138,mg/m3
ZONE_L,CHLOROPHYLL_A,2026-08-08T00:00:00Z,1.34,mg/m3
ZONE_L,CHLOROPHYLL_A,2026-08-09T00:00:00Z,,mg/m3
ZONE_L,CHLOROPHYLL_A,2026-08-10T00:00:00Z,0.88,mg/m3
ZONE_L,CHLOROPHYLL_A,2026-08-11T00:00:00Z,1.614,mg/m3
ZONE_L,CHLOROPHYLL_A,2026-08-12T00:00:00Z,1.306,mg/m3
ZONE_L,CHLOROPHYLL_A,2026-08-13T00:00:00Z,1.587,mg/m3
ZONE_L,CHLOROPHYLL_A,2026-08-14T00:00:00Z,1.445,mg/m3
ZONE_L,CHLOROPHYLL_A,2026-08-15T00:00:00Z,1.398,mg/m3
ZONE_L,CHLOROPHYLL_A,2026-08-16T00:00:00Z,1.555,mg/m3
ZONE_L,CHLOROPHYLL_A,2026-08-17T00:00:00Z,,mg/m3
ZONE_L,CHLOROPHYLL_A,2026-08-18T00:00:00Z,1.523,mg/m3
ZONE_L,CHLOROPHYLL_A,2026-08-19T00:00:00Z,1.071,mg/m3
ZONE_L,CHLOROPHYLL_A,2026-08-20T00:00:00Z,0.903,mg/m3
ZONE_L,CHLOROPHYLL_A,2026-08-21T00:00:00Z,1.31,mg/m3
ZONE_L,CHLOROPHYLL_A,2026-08-22T00:00:00Z,,mg/m3
ZONE_L,CHLOROPHYLL_A,2026-08-23T00:00:00Z,,mg/m3
ZONE_L,CHLOROPHYLL_A,2026-08-24T00:00:00Z,1.887,mg/m3
ZONE_L,CHLOROPHYLL_A,2026-08-25T00:00:00Z,,mg/m3
ZONE_L,CHLOROPHYLL_A,2026-08-26T00:00:00Z,1.553,mg/m3
ZONE_L,CHLOROPHYLL_A,2026-08-27T00:00:00Z,1.838,mg/m3
ZONE_L,CHLOROPHYLL_A,2026-08-28T00:00:00Z,1.861,mg/m3
ZONE_L,CHLOROPHYLL_A,2026-08-29T00:00:00Z,1.335,mg/m3
ZONE_L,CHLOROPHYLL_A,2026-08-30T00:00:00Z,1.053,mg/m3
ZONE_L,CHLOROPHYLL_A,2026-08-31T00:00:00Z,1.029,mg/m3
ZONE_L,CHLOROPHYLL_A,2026-09-01T00:00:00Z,1.125,mg/m3
ZONE_L,CHLOROPHYLL_A,2026-09-02T00:00:00Z,,mg/m3
ZONE_L,CHLOROPHYLL_A,2026-09-03T00:00:00Z,1.202,mg/m3
ZONE_L,CHLOROPHYLL_A,2026-09-04T00:00:00Z,,mg/m3
ZONE_L,CHLOROPHYLL_A,2026-09-05T00:00:00Z,,mg/m3
ZONE_L,CHLOROPHYLL_A,2026-09-06T00:00:00Z,1.078,mg/m3
ZONE_L,CHLOROPHYLL_A,2026-09-07T00:00:00Z,,mg/m3
ZONE_L,CHLOROPHYLL_A,2026-09-08T00:00:00Z,1.038,mg/m3
ZONE_L,CHLOROPHYLL_A,2026-09-09T00:00:00Z,0.956,mg/m3
ZONE_L,CHLOROPHYLL_A,2026-09-10T00:00:00Z,,mg/m3
ZONE_L,WIND_SPEED,2026-06-13T00:00:00Z,20.4,kn
ZONE_L,WIND_SPEED,2026-06-14T00:00:00Z,20.3,kn
ZONE_L,WIND_SPEED,2026-06-15T00:00:00Z,18.9,kn
ZONE_L,WIND_SPEED,2026-06-16T00:00:00Z,17.2,kn
ZONE_L,WIND_SPEED,2026-06-17T00:00:00Z,17.8,kn
ZONE_L,WIND_SPEED,2026-06-18T00:00:00Z,20.6,kn
ZONE_L,WIND_SPEED,2026-06-19T00:00:00Z,18.0,kn
ZONE_L,WIND_SPEED,2026-06-20T00:00:00Z,17.4,kn
ZONE_L,WIND_SPEED,2026-06-21T00:00:00Z,20.0,kn
ZONE_L,WIND_SPEED,2026-06-22T00:00:00Z,21.1,kn
ZONE_L,WIND_SPEED,2026-06-23T00:00:00Z,18.7,kn
ZONE_L,WIND_SPEED,2026-06-24T00:00:00Z,16.9,kn
ZONE_L,WIND_SPEED,2026-06-25T00:00:00Z,16.2,kn
ZONE_L,WIND_SPEED,2026-06-26T00:00:00Z,16.3,kn
ZONE_L,WIND_SPEED,2026-06-27T00:00:00Z,17.4,kn
ZONE_L,WIND_SPEED,2026-06-28T00:00:00Z,21.7,kn
ZONE_L,WIND_SPEED,2026-06-29T00:00:00Z,20.2,kn
ZONE_L,WIND_SPEED,2026-06-30T00:00:00Z,18.8,kn
ZONE_L,WIND_SPEED,2026-07-01T00:00:00Z,19.3,kn
ZONE_L,WIND_SPEED,2026-07-02T00:00:00Z,17.6,kn
ZONE_L,WIND_SPEED,2026-07-03T00:00:00Z,14.8,kn
ZONE_L,WIND_SPEED,2026-07-04T00:00:00Z,16.9,kn
ZONE_L,WIND_SPEED,2026-07-05T00:00:00Z,14.8,kn
ZONE_L,WIND_SPEED,2026-07-06T00:00:00Z,16.7,kn
ZONE_L,WIND_SPEED,2026-07-07T00:00:00Z,19.2,kn
ZONE_L,WIND_SPEED,2026-07-08T00:00:00Z,18.8,kn
ZONE_L,WIND_SPEED,2026-07-09T00:00:00Z,17.2,kn
ZONE_L,WIND_SPEED,2026-07-10T00:00:00Z,16.6,kn
ZONE_L,WIND_SPEED,2026-07-11T00:00:00Z,18.2,kn
ZONE_L,WIND_SPEED,2026-07-12T00:00:00Z,17.3,kn
ZONE_L,WIND_SPEED,2026-07-13T00:00:00Z,17.7,kn
ZONE_L,WIND_SPEED,2026-07-14T00:00:00Z,19.4,kn
ZONE_L,WIND_SPEED,2026-07-15T00:00:00Z,19.2,kn
ZONE_L,WIND_SPEED,2026-07-16T00:00:00Z,18.6,kn
ZONE_L,WIND_SPEED,2026-07-17T00:00:00Z,18.3,kn
ZONE_L,WIND_SPEED,2026-07-18T00:00:00Z,19.5,kn
ZONE_L,WIND_SPEED,2026-07-19T00:00:00Z,17.8,kn
ZONE_L,WIND_SPEED,2026-07-20T00:00:00Z,16.1,kn
ZONE_L,WIND_SPEED,2026-07-21T00:00:00Z,16.8,kn
ZONE_L,WIND_SPEED,2026-07-22T00:00:00Z,16.2,kn
ZONE_L,WIND_SPEED,2026-07-23T00:00:00Z,16.4,kn
ZONE_L,WIND_SPEED,2026-07-24T00:00:00Z,15.4,kn
ZONE_L,WIND_SPEED,2026-07-25T00:00:00Z,16.5,kn
ZONE_L,WIND_SPEED,2026-07-26T00:00:00Z,14.8,kn
ZONE_L,WIND_SPEED,2026-07-27T00:00:00Z,14.5,kn
ZONE_L,WIND_SPEED,2026-07-28T00:00:00Z,14.0,kn
ZONE_L,WIND_SPEED,2026-07-29T00:00:00Z,15.5,kn
ZONE_L,WIND_SPEED,2026-07-30T00:00:00Z,14.3,kn
ZONE_L,WIND_SPEED,2026-07-31T00:00:00Z,15.3,kn
ZONE_L,WIND_SPEED,2026-08-01T00:00:00Z,14.0,kn
ZONE_L,WIND_SPEED,2026-08-02T00:00:00Z,12.8,kn
ZONE_L,WIND_SPEED,2026-08-03T00:00:00Z,13.6,kn
ZONE_L,WIND_SPEED,2026-08-04T00:00:00Z,12.6,kn
ZONE_L,WIND_SPEED,2026-08-05T00:00:00Z,14.4,kn
ZONE_L,WIND_SPEED,2026-08-06T00:00:00Z,11.5,kn
ZONE_L,WIND_SPEED,2026-08-07T00:00:00Z,12.3,kn
ZONE_L,WIND_SPEED,2026-08-08T00:00:00Z,13.0,kn
ZONE_L,WIND_SPEED,2026-08-09T00:00:00Z,13.3,kn
ZONE_L,WIND_SPEED,2026-08-10T00:00:00Z,13.8,kn
ZONE_L,WIND_SPEED,2026-08-11T00:00:00Z,15.5,kn
ZONE_L,WIND_SPEED,2026-08-12T00:00:00Z,15.1,kn
ZONE_L,WIND_SPEED,2026-08-13T00:00:00Z,14.3,kn
ZONE_L,WIND_SPEED,2026-08-14T00:00:00Z,11.8,kn
ZONE_L,WIND_SPEED,2026-08-15T00:00:00Z,14.8,kn
ZONE_L,WIND_SPEED,2026-08-16T00:00:00Z,17.2,kn
ZONE_L,WIND_SPEED,2026-08-17T00:00:00Z,15.4,kn
ZONE_L,WIND_SPEED,2026-08-18T00:00:00Z,13.8,kn
ZONE_L,WIND_SPEED,2026-08-19T00:00:00Z,12.6,kn
ZONE_L,WIND_SPEED,2026-08-20T00:00:00Z,11.0,kn
ZONE_L,WIND_SPEED,2026-08-21T00:00:00Z,13.1,kn
ZONE_L,WIND_SPEED,2026-08-22T00:00:00Z,11.7,kn
ZONE_L,WIND_SPEED,2026-08-23T00:00:00Z,13.4,kn
ZONE_L,WIND_SPEED,2026-08-24T00:00:00Z,15.4,kn
ZONE_L,WIND_SPEED,2026-08-25T00:00:00Z,14.4,kn
ZONE_L,WIND_SPEED,2026-08-26T00:00:00Z,15.9,kn
ZONE_L,WIND_SPEED,2026-08-27T00:00:00Z,15.3,kn
ZONE_L,WIND_SPEED,2026-08-28T00:00:00Z,10.7,kn
ZONE_L,WIND_SPEED,2026-08-29T00:00:00Z,12.8,kn
ZONE_L,WIND_SPEED,2026-08-30T00:00:00Z,11.9,kn
ZONE_L,WIND_SPEED,2026-08-31T00:00:00Z,11.9,kn
ZONE_L,WIND_SPEED,2026-09-01T00:00:00Z,12.0,kn
ZONE_L,WIND_SPEED,2026-09-02T00:00:00Z,10.8,kn
ZONE_L,WIND_SPEED,2026-09-03T00:00:00Z,12.3,kn
ZONE_L,WIND_SPEED,2026-09-04T00:00:00Z,13.0,kn
ZONE_L,WIND_SPEED,2026-09-05T00:00:00Z,11.9,kn
ZONE_L,WIND_SPEED,2026-09-06T00:00:00Z,9.5,kn
ZONE_L,WIND_SPEED,2026-09-07T00:00:00Z,10.2,kn
ZONE_L,WIND_SPEED,2026-09-08T00:00:00Z,9.9,kn
ZONE_L,WIND_SPEED,2026-09-09T00:00:00Z,10.2,kn
ZONE_L,WIND_SPEED,2026-09-10T00:00:00Z,9.0,kn
ZONE_L,SIGNIFICANT_WAVE_HEIGHT,2026-06-13T00:00:00Z,1.48,m
ZONE_L,SIGNIFICANT_WAVE_HEIGHT,2026-06-14T00:00:00Z,1.51,m
ZONE_L,SIGNIFICANT_WAVE_HEIGHT,2026-06-15T00:00:00Z,1.27,m
ZONE_L,SIGNIFICANT_WAVE_HEIGHT,2026-06-16T00:00:00Z,1.38,m
ZONE_L,SIGNIFICANT_WAVE_HEIGHT,2026-06-17T00:00:00Z,1.51,m
ZONE_L,SIGNIFICANT_WAVE_HEIGHT,2026-06-18T00:00:00Z,1.28,m
ZONE_L,SIGNIFICANT_WAVE_HEIGHT,2026-06-19T00:00:00Z,1.39,m
ZONE_L,SIGNIFICANT_WAVE_HEIGHT,2026-06-20T00:00:00Z,1.1,m
ZONE_L,SIGNIFICANT_WAVE_HEIGHT,2026-06-21T00:00:00Z,1.25,m
ZONE_L,SIGNIFICANT_WAVE_HEIGHT,2026-06-22T00:00:00Z,1.64,m
ZONE_L,SIGNIFICANT_WAVE_HEIGHT,2026-06-23T00:00:00Z,1.55,m
ZONE_L,SIGNIFICANT_WAVE_HEIGHT,2026-06-24T00:00:00Z,1.34,m
ZONE_L,SIGNIFICANT_WAVE_HEIGHT,2026-06-25T00:00:00Z,1.29,m
ZONE_L,SIGNIFICANT_WAVE_HEIGHT,2026-06-26T00:00:00Z,1.45,m
ZONE_L,SIGNIFICANT_WAVE_HEIGHT,2026-06-27T00:00:00Z,1.39,m
ZONE_L,SIGNIFICANT_WAVE_HEIGHT,2026-06-28T00:00:00Z,1.61,m
ZONE_L,SIGNIFICANT_WAVE_HEIGHT,2026-06-29T00:00:00Z,1.42,m
ZONE_L,SIGNIFICANT_WAVE_HEIGHT,2026-06-30T00:00:00Z,1.4,m
ZONE_L,SIGNIFICANT_WAVE_HEIGHT,2026-07-01T00:00:00Z,1.43,m
ZONE_L,SIGNIFICANT_WAVE_HEIGHT,2026-07-02T00:00:00Z,1.45,m
ZONE_L,SIGNIFICANT_WAVE_HEIGHT,2026-07-03T00:00:00Z,1.76,m
ZONE_L,SIGNIFICANT_WAVE_HEIGHT,2026-07-04T00:00:00Z,1.97,m
ZONE_L,SIGNIFICANT_WAVE_HEIGHT,2026-07-05T00:00:00Z,2.04,m
ZONE_L,SIGNIFICANT_WAVE_HEIGHT,2026-07-06T00:00:00Z,1.67,m
ZONE_L,SIGNIFICANT_WAVE_HEIGHT,2026-07-07T00:00:00Z,1.72,m
ZONE_L,SIGNIFICANT_WAVE_HEIGHT,2026-07-08T00:00:00Z,1.57,m
ZONE_L,SIGNIFICANT_WAVE_HEIGHT,2026-07-09T00:00:00Z,1.35,m
ZONE_L,SIGNIFICANT_WAVE_HEIGHT,2026-07-10T00:00:00Z,1.61,m
ZONE_L,SIGNIFICANT_WAVE_HEIGHT,2026-07-11T00:00:00Z,1.8,m
ZONE_L,SIGNIFICANT_WAVE_HEIGHT,2026-07-12T00:00:00Z,2.0,m
ZONE_L,SIGNIFICANT_WAVE_HEIGHT,2026-07-13T00:00:00Z,1.71,m
ZONE_L,SIGNIFICANT_WAVE_HEIGHT,2026-07-14T00:00:00Z,1.66,m
ZONE_L,SIGNIFICANT_WAVE_HEIGHT,2026-07-15T00:00:00Z,1.68,m
ZONE_L,SIGNIFICANT_WAVE_HEIGHT,2026-07-16T00:00:00Z,1.43,m
ZONE_L,SIGNIFICANT_WAVE_HEIGHT,2026-07-17T00:00:00Z,1.46,m
ZONE_L,SIGNIFICANT_WAVE_HEIGHT,2026-07-18T00:00:00Z,1.61,m
ZONE_L,SIGNIFICANT_WAVE_HEIGHT,2026-07-19T00:00:00Z,1.61,m
ZONE_L,SIGNIFICANT_WAVE_HEIGHT,2026-07-20T00:00:00Z,1.42,m
ZONE_L,SIGNIFICANT_WAVE_HEIGHT,2026-07-21T00:00:00Z,1.41,m
ZONE_L,SIGNIFICANT_WAVE_HEIGHT,2026-07-22T00:00:00Z,1.41,m
ZONE_L,SIGNIFICANT_WAVE_HEIGHT,2026-07-23T00:00:00Z,1.33,m
ZONE_L,SIGNIFICANT_WAVE_HEIGHT,2026-07-24T00:00:00Z,1.33,m
ZONE_L,SIGNIFICANT_WAVE_HEIGHT,2026-07-25T00:00:00Z,1.46,m
ZONE_L,SIGNIFICANT_WAVE_HEIGHT,2026-07-26T00:00:00Z,1.28,m
ZONE_L,SIGNIFICANT_WAVE_HEIGHT,2026-07-27T00:00:00Z,1.39,m
ZONE_L,SIGNIFICANT_WAVE_HEIGHT,2026-07-28T00:00:00Z,1.34,m
ZONE_L,SIGNIFICANT_WAVE_HEIGHT,2026-07-29T00:00:00Z,1.4,m
ZONE_L,SIGNIFICANT_WAVE_HEIGHT,2026-07-30T00:00:00Z,1.24,m
ZONE_L,SIGNIFICANT_WAVE_HEIGHT,2026-07-31T00:00:00Z,1.24,m
ZONE_L,SIGNIFICANT_WAVE_HEIGHT,2026-08-01T00:00:00Z,1.59,m
ZONE_L,SIGNIFICANT_WAVE_HEIGHT,2026-08-02T00:00:00Z,1.46,m
ZONE_L,SIGNIFICANT_WAVE_HEIGHT,2026-08-03T00:00:00Z,1.39,m
ZONE_L,SIGNIFICANT_WAVE_HEIGHT,2026-08-04T00:00:00Z,1.31,m
ZONE_L,SIGNIFICANT_WAVE_HEIGHT,2026-08-05T00:00:00Z,1.37,m
ZONE_L,SIGNIFICANT_WAVE_HEIGHT,2026-08-06T00:00:00Z,1.5,m
ZONE_L,SIGNIFICANT_WAVE_HEIGHT,2026-08-07T00:00:00Z,1.48,m
ZONE_L,SIGNIFICANT_WAVE_HEIGHT,2026-08-08T00:00:00Z,1.69,m
ZONE_L,SIGNIFICANT_WAVE_HEIGHT,2026-08-09T00:00:00Z,1.21,m
ZONE_L,SIGNIFICANT_WAVE_HEIGHT,2026-08-10T00:00:00Z,1.4,m
ZONE_L,SIGNIFICANT_WAVE_HEIGHT,2026-08-11T00:00:00Z,1.27,m
ZONE_L,SIGNIFICANT_WAVE_HEIGHT,2026-08-12T00:00:00Z,1.27,m
ZONE_L,SIGNIFICANT_WAVE_HEIGHT,2026-08-13T00:00:00Z,1.22,m
ZONE_L,SIGNIFICANT_WAVE_HEIGHT,2026-08-14T00:00:00Z,1.2,m
ZONE_L,SIGNIFICANT_WAVE_HEIGHT,2026-08-15T00:00:00Z,1.07,m
ZONE_L,SIGNIFICANT_WAVE_HEIGHT,2026-08-16T00:00:00Z,1.27,m
ZONE_L,SIGNIFICANT_WAVE_HEIGHT,2026-08-17T00:00:00Z,1.26,m
ZONE_L,SIGNIFICANT_WAVE_HEIGHT,2026-08-18T00:00:00Z,1.01,m
ZONE_L,SIGNIFICANT_WAVE_HEIGHT,2026-08-19T00:00:00Z,0.81,m
ZONE_L,SIGNIFICANT_WAVE_HEIGHT,2026-08-20T00:00:00Z,0.69,m
ZONE_L,SIGNIFICANT_WAVE_HEIGHT,2026-08-21T00:00:00Z,0.76,m
ZONE_L,SIGNIFICANT_WAVE_HEIGHT,2026-08-22T00:00:00Z,1.03,m
ZONE_L,SIGNIFICANT_WAVE_HEIGHT,2026-08-23T00:00:00Z,1.35,m
ZONE_L,SIGNIFICANT_WAVE_HEIGHT,2026-08-24T00:00:00Z,1.21,m
ZONE_L,SIGNIFICANT_WAVE_HEIGHT,2026-08-25T00:00:00Z,1.33,m
ZONE_L,SIGNIFICANT_WAVE_HEIGHT,2026-08-26T00:00:00Z,1.25,m
ZONE_L,SIGNIFICANT_WAVE_HEIGHT,2026-08-27T00:00:00Z,1.19,m
ZONE_L,SIGNIFICANT_WAVE_HEIGHT,2026-08-28T00:00:00Z,1.23,m
ZONE_L,SIGNIFICANT_WAVE_HEIGHT,2026-08-29T00:00:00Z,1.09,m
ZONE_L,SIGNIFICANT_WAVE_HEIGHT,2026-08-30T00:00:00Z,1.02,m
ZONE_L,SIGNIFICANT_WAVE_HEIGHT,2026-08-31T00:00:00Z,0.74,m
ZONE_L,SIGNIFICANT_WAVE_HEIGHT,2026-09-01T00:00:00Z,0.99,m
ZONE_L,SIGNIFICANT_WAVE_HEIGHT,2026-09-02T00:00:00Z,1.28,m
ZONE_L,SIGNIFICANT_WAVE_HEIGHT,2026-09-03T00:00:00Z,1.17,m
ZONE_L,SIGNIFICANT_WAVE_HEIGHT,2026-09-04T00:00:00Z,1.25,m
ZONE_L,SIGNIFICANT_WAVE_HEIGHT,2026-09-05T00:00:00Z,1.18,m
ZONE_L,SIGNIFICANT_WAVE_HEIGHT,2026-09-06T00:00:00Z,1.08,m
ZONE_L,SIGNIFICANT_WAVE_HEIGHT,2026-09-07T00:00:00Z,1.27,m
ZONE_L,SIGNIFICANT_WAVE_HEIGHT,2026-09-08T00:00:00Z,1.23,m
ZONE_L,SIGNIFICANT_WAVE_HEIGHT,2026-09-09T00:00:00Z,0.98,m
ZONE_L,SIGNIFICANT_WAVE_HEIGHT,2026-09-10T00:00:00Z,1.16,m
