record_id,record_type,zone_id,location_name,latitude,longitude,observation_time,valid_time,temporal_mode,source,quality,missing_fields,bearing_deg,chlorophyll_a_mg_m3,current_direction_deg,current_speed_knots,depth_m,distance_nm,gradient_celsius_per_km,gust_knots,next_high_tide,next_low_tide,pfz_confidence,regulatory_status,restricted,restriction_reason,significant_wave_height_m,species,sst_celsius,swell_direction_deg,swell_height_m,swell_period_s,thermal_front_delta_celsius,tide_phase,valid_from,valid_until,water_level_m,wave_direction_deg,wave_period_s,wind_direction,wind_direction_deg,wind_speed_knots,wind_speed_ms
pfz:ZONE_A:2026-09-10T11:30:00Z,pfz,ZONE_A,ZONE_A off Mangalore,12.95,74.8,2026-09-10T11:30:00Z,,latest_available,synthetic,high,,292.5,,,,45,14.5,,,,,0.88,,,,,Pelagic Tuna;Kingfish,,,,,,,,,,,,,,,
pfz:ZONE_A:2026-09-08T11:30:00Z,pfz,ZONE_A,ZONE_A off Mangalore,12.95,74.8,2026-09-08T11:30:00Z,,latest_available,synthetic,high,,292.5,,,,45,14.5,,,,,0.84,,,,,Pelagic Tuna;Kingfish,,,,,,,,,,,,,,,
pfz:ZONE_A:2026-09-06T11:30:00Z,pfz,ZONE_A,ZONE_A off Mangalore,12.95,74.8,2026-09-06T11:30:00Z,,latest_available,synthetic,high,,292.5,,,,45,14.5,,,,,0.89,,,,,Pelagic Tuna;Kingfish,,,,,,,,,,,,,,,
pfz:ZONE_B:2026-09-10T11:30:00Z,pfz,ZONE_B,ZONE_B off Mangalore,12.9,74.95,2026-09-10T11:30:00Z,,latest_available,synthetic,high,,202.5,,,,35,8.2,,,,,0.82,,,,,Mackerel;Sardines,,,,,,,,,,,,,,,
pfz:ZONE_B:2026-09-08T11:30:00Z,pfz,ZONE_B,ZONE_B off Mangalore,12.9,74.95,2026-09-08T11:30:00Z,,latest_available,synthetic,high,,202.5,,,,35,8.2,,,,,0.8,,,,,Mackerel;Sardines,,,,,,,,,,,,,,,
pfz:ZONE_B:2026-09-06T11:30:00Z,pfz,ZONE_B,ZONE_B off Mangalore,12.9,74.95,2026-09-06T11:30:00Z,,latest_available,synthetic,high,,202.5,,,,35,8.2,,,,,0.86,,,,,Mackerel;Sardines,,,,,,,,,,,,,,,
pfz:ZONE_C:2026-09-10T11:30:00Z,pfz,ZONE_C,ZONE_C off Mangalore,12.82,75.05,2026-09-10T11:30:00Z,,latest_available,synthetic,high,,157.5,,,,60,18.0,,,,,0.94,,,,,Yellowfin Tuna;Barracuda,,,,,,,,,,,,,,,
pfz:ZONE_C:2026-09-08T11:30:00Z,pfz,ZONE_C,ZONE_C off Mangalore,12.82,75.05,2026-09-08T11:30:00Z,,latest_available,synthetic,high,,157.5,,,,60,18.0,,,,,0.97,,,,,Yellowfin Tuna;Barracuda,,,,,,,,,,,,,,,
pfz:ZONE_C:2026-09-06T11:30:00Z,pfz,ZONE_C,ZONE_C off Mangalore,12.82,75.05,2026-09-06T11:30:00Z,,latest_available,synthetic,high,,157.5,,,,60,18.0,,,,,0.89,,,,,Yellowfin Tuna;Barracuda,,,,,,,,,,,,,,,
pfz:ZONE_D:2026-09-10T11:30:00Z,pfz,ZONE_D,ZONE_D off Mangalore,13.05,74.55,2026-09-10T11:30:00Z,,latest_available,synthetic,high,,302.6,,,,53,20.3,,,,,0.88,,,,,Oil Sardine;Yellowfin Tuna,,,,,,,,,,,,,,,
pfz:ZONE_D:2026-09-08T11:30:00Z,pfz,ZONE_D,ZONE_D off Mangalore,13.05,74.55,2026-09-08T11:30:00Z,,latest_available,synthetic,high,,302.6,,,,53,20.3,,,,,0.86,,,,,Oil Sardine;Yellowfin Tuna,,,,,,,,,,,,,,,
pfz:ZONE_E:2026-09-10T11:30:00Z,pfz,ZONE_E,ZONE_E off Mangalore,13.2,74.45,2026-09-10T11:30:00Z,,latest_available,synthetic,high,,311.0,,,,58,30.4,,,,,0.69,,,,,Squid;Yellowfin Tuna,,,,,,,,,,,,,,,
pfz:ZONE_E:2026-09-08T11:30:00Z,pfz,ZONE_E,ZONE_E off Mangalore,13.2,74.45,2026-09-08T11:30:00Z,,latest_available,synthetic,high,,311.0,,,,58,30.4,,,,,0.69,,,,,Squid;Yellowfin Tuna,,,,,,,,,,,,,,,
pfz:ZONE_E:2026-09-06T11:30:00Z,pfz,ZONE_E,ZONE_E off Mangalore,13.2,74.45,2026-09-06T11:30:00Z,,latest_available,synthetic,high,,311.0,,,,58,30.4,,,,,0.65,,,,,Squid;Yellowfin Tuna,,,,,,,,,,,,,,,
pfz:ZONE_F:2026-09-10T11:30:00Z,pfz,ZONE_F,ZONE_F off Mangalore,12.7,74.6,2026-09-10T11:30:00Z,,latest_available,synthetic,high,,234.6,,,,67,17.4,,,,,0.8,,,,,Anchovy;Kingfish,,,,,,,,,,,,,,,
pfz:ZONE_F:2026-09-08T11:30:00Z,pfz,ZONE_F,ZONE_F off Mangalore,12.7,74.6,2026-09-08T11:30:00Z,,latest_available,synthetic,high,,234.6,,,,67,17.4,,,,,0.82,,,,,Anchovy;Kingfish,,,,,,,,,,,,,,,
pfz:ZONE_F:2026-09-06T11:30:00Z,pfz,ZONE_F,ZONE_F off Mangalore,12.7,74.6,2026-09-06T11:30:00Z,,latest_available,synthetic,high,,234.6,,,,67,17.4,,,,,0.77,,,,,Anchovy;Kingfish,,,,,,,,,,,,,,,
pfz:ZONE_G:2026-09-10T11:30:00Z,pfz,ZONE_G,ZONE_G off Mangalore,12.6,74.75,2026-09-10T11:30:00Z,,latest_available,synthetic,high,,198.6,,,,43,17.0,,,,,0.46,,,,,Seer Fish;Silver Pomfret,,,,,,,,,,,,,,,
pfz:ZONE_G:2026-09-08T11:30:00Z,pfz,ZONE_G,ZONE_G off Mangalore,12.6,74.75,2026-09-08T11:30:00Z,,latest_available,synthetic,high,,198.6,,,,43,17.0,,,,,0.48,,,,,Seer Fish;Silver Pomfret,,,,,,,,,,,,,,,
pfz:ZONE_H:2026-09-10T11:30:00Z,pfz,ZONE_H,ZONE_H off Mangalore,13.35,74.35,2026-09-10T11:30:00Z,,latest_available,synthetic,high,,315.2,,,,74,40.8,,,,,0.79,,,,,Anchovy;Yellowfin Tuna,,,,,,,,,,,,,,,
pfz:ZONE_H:2026-09-08T11:30:00Z,pfz,ZONE_H,ZONE_H off Mangalore,13.35,74.35,2026-09-08T11:30:00Z,,latest_available,synthetic,high,,315.2,,,,74,40.8,,,,,0.78,,,,,Anchovy;Yellowfin Tuna,,,,,,,,,,,,,,,
pfz:ZONE_H:2026-09-06T11:30:00Z,pfz,ZONE_H,ZONE_H off Mangalore,13.35,74.35,2026-09-06T11:30:00Z,,latest_available,synthetic,high,,315.2,,,,74,40.8,,,,,0.79,,,,,Anchovy;Yellowfin Tuna,,,,,,,,,,,,,,,
pfz:ZONE_I:2026-09-10T11:30:00Z,pfz,ZONE_I,ZONE_I off Mangalore,12.85,74.4,2026-09-10T11:30:00Z,,latest_available,synthetic,high,,267.6,,,,90,25.9,,,,,0.85,,,,,Anchovy;Yellowfin Tuna,,,,,,,,,,,,,,,
pfz:ZONE_I:2026-09-08T11:30:00Z,pfz,ZONE_I,ZONE_I off Mangalore,12.85,74.4,2026-09-08T11:30:00Z,,latest_available,synthetic,high,,267.6,,,,90,25.9,,,,,0.74,,,,,Anchovy;Yellowfin Tuna,,,,,,,,,,,,,,,
pfz:ZONE_I:2026-09-06T11:30:00Z,pfz,ZONE_I,ZONE_I off Mangalore,12.85,74.4,2026-09-06T11:30:00Z,,latest_available,synthetic,high,,267.6,,,,90,25.9,,,,,0.86,,,,,Anchovy;Yellowfin Tuna,,,,,,,,,,,,,,,
pfz:ZONE_J:2026-09-10T11:30:00Z,pfz,ZONE_J,ZONE_J off Mangalore,12.95,74.62,2026-09-10T11:30:00Z,,latest_available,synthetic,high,,290.7,,,,51,13.9,,,,,0.48,,,,,Indian Mackerel;Seer Fish,,,,,,,,,,,,,,,
pfz:ZONE_J:2026-09-08T11:30:00Z,pfz,ZONE_J,ZONE_J off Mangalore,12.95,74.62,2026-09-08T11:30:00Z,,latest_available,synthetic,high,,290.7,,,,51,13.9,,,,,0.43,,,,,Indian Mackerel;Seer Fish,,,,,,,,,,,,,,,
pfz:ZONE_J:2026-09-06T11:30:00Z,pfz,ZONE_J,ZONE_J off Mangalore,12.95,74.62,2026-09-06T11:30:00Z,,latest_available,synthetic,high,,290.7,,,,51,13.9,,,,,0.52,,,,,Indian Mackerel;Seer Fish,,,,,,,,,,,,,,,
pfz:ZONE_K:2026-09-10T11:30:00Z,pfz,ZONE_K,ZONE_K off Mangalore,13.1,74.25,2026-09-10T11:30:00Z,,latest_available,synthetic,high,,291.9,,,,100,37.4,,,,,0.45,,,,,Anchovy;Yellowfin Tuna,,,,,,,,,,,,,,,
pfz:ZONE_K:2026-09-08T11:30:00Z,pfz,ZONE_K,ZONE_K off Mangalore,13.1,74.25,2026-09-08T11:30:00Z,,latest_available,synthetic,high,,291.9,,,,100,37.4,,,,,0.42,,,,,Anchovy;Yellowfin Tuna,,,,,,,,,,,,,,,
pfz:ZONE_K:2026-09-06T11:30:00Z,pfz,ZONE_K,ZONE_K off Mangalore,13.1,74.25,2026-09-06T11:30:00Z,,latest_available,synthetic,high,,291.9,,,,100,37.4,,,,,0.43,,,,,Anchovy;Yellowfin Tuna,,,,,,,,,,,,,,,
pfz:ZONE_L:2026-09-10T11:30:00Z,pfz,ZONE_L,ZONE_L off Mangalore,12.55,74.45,2026-09-10T11:30:00Z,,latest_available,synthetic,high,,230.3,,,,99,29.9,,,,,0.58,,,,,Barracuda;Ribbon Fish,,,,,,,,,,,,,,,
sst:ZONE_A:2026-09-10T09:00:00Z,sst,ZONE_A,ZONE_A off Mangalore,12.95,74.8,2026-09-10T09:00:00Z,,latest_available,synthetic,high,,,,,,,,0.18,,,,,,,,,,28.4,,,,0.9,,,,,,,,,,
sst:ZONE_A:2026-09-09T09:00:00Z,sst,ZONE_A,ZONE_A off Mangalore,12.95,74.8,2026-09-09T09:00:00Z,,latest_available,synthetic,high,,,,,,,,0.17,,,,,,,,,,28.33,,,,0.85,,,,,,,,,,
sst:ZONE_A:2026-09-08T09:00:00Z,sst,ZONE_A,ZONE_A off Mangalore,12.95,74.8,2026-09-08T09:00:00Z,,latest_available,synthetic,high,,,,,,,,0.188,,,,,,,,,,28.52,,,,0.94,,,,,,,,,,
sst:ZONE_A:2026-09-07T09:00:00Z,sst,ZONE_A,ZONE_A off Mangalore,12.95,74.8,2026-09-07T09:00:00Z,,latest_available,synthetic,degraded,gradient_celsius_per_km;thermal_front_delta_celsius,,,,,,,,,,,,,,,,,28.28,,,,,,,,,,,,,,
sst:ZONE_A:2026-09-06T09:00:00Z,sst,ZONE_A,ZONE_A off Mangalore,12.95,74.8,2026-09-06T09:00:00Z,,latest_available,synthetic,high,,,,,,,,0.196,,,,,,,,,,28.29,,,,0.98,,,,,,,,,,
sst:ZONE_A:2026-09-05T09:00:00Z,sst,ZONE_A,ZONE_A off Mangalore,12.95,74.8,2026-09-05T09:00:00Z,,latest_available,synthetic,high,,,,,,,,0.146,,,,,,,,,,28.13,,,,0.73,,,,,,,,,,
sst:ZONE_A:2026-09-04T09:00:00Z,sst,ZONE_A,ZONE_A off Mangalore,12.95,74.8,2026-09-04T09:00:00Z,,latest_available,synthetic,high,,,,,,,,0.224,,,,,,,,,,28.01,,,,1.12,,,,,,,,,,
sst:ZONE_B:2026-09-10T09:00:00Z,sst,ZONE_B,ZONE_B off Mangalore,12.9,74.95,2026-09-10T09:00:00Z,,latest_available,synthetic,high,,,,,,,,0.12,,,,,,,,,,28.7,,,,0.6,,,,,,,,,,
sst:ZONE_B:2026-09-09T09:00:00Z,sst,ZONE_B,ZONE_B off Mangalore,12.9,74.95,2026-09-09T09:00:00Z,,latest_available,synthetic,high,,,,,,,,0.144,,,,,,,,,,28.68,,,,0.72,,,,,,,,,,
sst:ZONE_B:2026-09-08T09:00:00Z,sst,ZONE_B,ZONE_B off Mangalore,12.9,74.95,2026-09-08T09:00:00Z,,latest_available,synthetic,high,,,,,,,,0.102,,,,,,,,,,28.53,,,,0.51,,,,,,,,,,
sst:ZONE_B:2026-09-07T09:00:00Z,sst,ZONE_B,ZONE_B off Mangalore,12.9,74.95,2026-09-07T09:00:00Z,,latest_available,synthetic,high,,,,,,,,0.128,,,,,,,,,,28.61,,,,0.64,,,,,,,,,,
sst:ZONE_B:2026-09-06T09:00:00Z,sst,ZONE_B,ZONE_B off Mangalore,12.9,74.95,2026-09-06T09:00:00Z,,latest_available,synthetic,high,,,,,,,,0.116,,,,,,,,,,28.78,,,,0.58,,,,,,,,,,
sst:ZONE_B:2026-09-05T09:00:00Z,sst,ZONE_B,ZONE_B off Mangalore,12.9,74.95,2026-09-05T09:00:00Z,,latest_available,synthetic,high,,,,,,,,0.128,,,,,,,,,,28.65,,,,0.64,,,,,,,,,,
sst:ZONE_B:2026-09-04T09:00:00Z,sst,ZONE_B,ZONE_B off Mangalore,12.9,74.95,2026-09-04T09:00:00Z,,latest_available,synthetic,high,,,,,,,,0.11,,,,,,,,,,28.81,,,,0.55,,,,,,,,,,
sst:ZONE_C:2026-09-10T09:00:00Z,sst,ZONE_C,ZONE_C off Mangalore,12.82,75.05,2026-09-10T09:00:00Z,,latest_available,synthetic,high,,,,,,,,0.22,,,,,,,,,,28.2,,,,1.1,,,,,,,,,,
sst:ZONE_C:2026-09-09T09:00:00Z,sst,ZONE_C,ZONE_C off Mangalore,12.82,75.05,2026-09-09T09:00:00Z,,latest_available,synthetic,high,,,,,,,,0.23,,,,,,,,,,28.17,,,,1.15,,,,,,,,,,
sst:ZONE_C:2026-09-08T09:00:00Z,sst,ZONE_C,ZONE_C off Mangalore,12.82,75.05,2026-09-08T09:00:00Z,,latest_available,synthetic,high,,,,,,,,0.128,,,,,,,,,,28.2,,,,0.64,,,,,,,,,,
sst:ZONE_C:2026-09-07T09:00:00Z,sst,ZONE_C,ZONE_C off Mangalore,12.82,75.05,2026-09-07T09:00:00Z,,latest_available,synthetic,degraded,gradient_celsius_per_km;thermal_front_delta_celsius,,,,,,,,,,,,,,,,,28.23,,,,,,,,,,,,,,
sst:ZONE_C:2026-09-06T09:00:00Z,sst,ZONE_C,ZONE_C off Mangalore,12.82,75.05,2026-09-06T09:00:00Z,,latest_available,synthetic,high,,,,,,,,0.2,,,,,,,,,,28.33,,,,1.0,,,,,,,,,,
sst:ZONE_C:2026-09-05T09:00:00Z,sst,ZONE_C,ZONE_C off Mangalore,12.82,75.05,2026-09-05T09:00:00Z,,latest_available,synthetic,high,,,,,,,,0.212,,,,,,,,,,28.19,,,,1.06,,,,,,,,,,
sst:ZONE_C:2026-09-04T09:00:00Z,sst,ZONE_C,ZONE_C off Mangalore,12.82,75.05,2026-09-04T09:00:00Z,,latest_available,synthetic,high,,,,,,,,0.252,,,,,,,,,,28.12,,,,1.26,,,,,,,,,,
sst:ZONE_D:2026-09-10T09:00:00Z,sst,ZONE_D,ZONE_D off Mangalore,13.05,74.55,2026-09-10T09:00:00Z,,latest_available,synthetic,high,,,,,,,,0.09,,,,,,,,,,28.82,,,,0.45,,,,,,,,,,
sst:ZONE_D:2026-09-09T09:00:00Z,sst,ZONE_D,ZONE_D off Mangalore,13.05,74.55,2026-09-09T09:00:00Z,,latest_available,synthetic,high,,,,,,,,0.092,,,,,,,,,,28.91,,,,0.46,,,,,,,,,,
sst:ZONE_D:2026-09-08T09:00:00Z,sst,ZONE_D,ZONE_D off Mangalore,13.05,74.55,2026-09-08T09:00:00Z,,latest_available,synthetic,high,,,,,,,,0.112,,,,,,,,,,28.63,,,,0.56,,,,,,,,,,
sst:ZONE_D:2026-09-07T09:00:00Z,sst,ZONE_D,ZONE_D off Mangalore,13.05,74.55,2026-09-07T09:00:00Z,,latest_available,synthetic,high,,,,,,,,0.126,,,,,,,,,,28.85,,,,0.63,,,,,,,,,,
sst:ZONE_D:2026-09-06T09:00:00Z,sst,ZONE_D,ZONE_D off Mangalore,13.05,74.55,2026-09-06T09:00:00Z,,latest_available,synthetic,high,,,,,,,,0.098,,,,,,,,,,28.84,,,,0.49,,,,,,,,,,
sst:ZONE_D:2026-09-05T09:00:00Z,sst,ZONE_D,ZONE_D off Mangalore,13.05,74.55,2026-09-05T09:00:00Z,,latest_available,synthetic,high,,,,,,,,0.076,,,,,,,,,,28.55,,,,0.38,,,,,,,,,,
sst:ZONE_D:2026-09-04T09:00:00Z,sst,ZONE_D,ZONE_D off Mangalore,13.05,74.55,2026-09-04T09:00:00Z,,latest_available,synthetic,high,,,,,,,,0.102,,,,,,,,,,28.81,,,,0.51,,,,,,,,,,
sst:ZONE_E:2026-09-10T09:00:00Z,sst,ZONE_E,ZONE_E off Mangalore,13.2,74.45,2026-09-10T09:00:00Z,,latest_available,synthetic,high,,,,,,,,0.188,,,,,,,,,,28.89,,,,0.94,,,,,,,,,,
sst:ZONE_E:2026-09-09T09:00:00Z,sst,ZONE_E,ZONE_E off Mangalore,13.2,74.45,2026-09-09T09:00:00Z,,latest_available,synthetic,degraded,gradient_celsius_per_km;thermal_front_delta_celsius,,,,,,,,,,,,,,,,,28.9,,,,,,,,,,,,,,
sst:ZONE_E:2026-09-08T09:00:00Z,sst,ZONE_E,ZONE_E off Mangalore,13.2,74.45,2026-09-08T09:00:00Z,,latest_available,synthetic,high,,,,,,,,0.182,,,,,,,,,,28.9,,,,0.91,,,,,,,,,,
sst:ZONE_E:2026-09-07T09:00:00Z,sst,ZONE_E,ZONE_E off Mangalore,13.2,74.45,2026-09-07T09:00:00Z,,latest_available,synthetic,high,,,,,,,,0.166,,,,,,,,,,28.71,,,,0.83,,,,,,,,,,
sst:ZONE_E:2026-09-06T09:00:00Z,sst,ZONE_E,ZONE_E off Mangalore,13.2,74.45,2026-09-06T09:00:00Z,,latest_available,synthetic,high,,,,,,,,0.232,,,,,,,,,,28.86,,,,1.16,,,,,,,,,,
sst:ZONE_E:2026-09-05T09:00:00Z,sst,ZONE_E,ZONE_E off Mangalore,13.2,74.45,2026-09-05T09:00:00Z,,latest_available,synthetic,high,,,,,,,,0.168,,,,,,,,,,28.67,,,,0.84,,,,,,,,,,
sst:ZONE_E:2026-09-04T09:00:00Z,sst,ZONE_E,ZONE_E off Mangalore,13.2,74.45,2026-09-04T09:00:00Z,,latest_available,synthetic,high,,,,,,,,0.194,,,,,,,,,,28.79,,,,0.97,,,,,,,,,,
sst:ZONE_F:2026-09-10T09:00:00Z,sst,ZONE_F,ZONE_F off Mangalore,12.7,74.6,2026-09-10T09:00:00Z,,latest_available,synthetic,high,,,,,,,,0.234,,,,,,,,,,28.2,,,,1.17,,,,,,,,,,
sst:ZONE_F:2026-09-09T09:00:00Z,sst,ZONE_F,ZONE_F off Mangalore,12.7,74.6,2026-09-09T09:00:00Z,,latest_available,synthetic,high,,,,,,,,0.248,,,,,,,,,,28.02,,,,1.24,,,,,,,,,,
sst:ZONE_F:2026-09-08T09:00:00Z,sst,ZONE_F,ZONE_F off Mangalore,12.7,74.6,2026-09-08T09:00:00Z,,latest_available,synthetic,high,,,,,,,,0.244,,,,,,,,,,28.13,,,,1.22,,,,,,,,,,
sst:ZONE_F:2026-09-07T09:00:00Z,sst,ZONE_F,ZONE_F off Mangalore,12.7,74.6,2026-09-07T09:00:00Z,,latest_available,synthetic,high,,,,,,,,0.242,,,,,,,,,,28.28,,,,1.21,,,,,,,,,,
sst:ZONE_F:2026-09-06T09:00:00Z,sst,ZONE_F,ZONE_F off Mangalore,12.7,74.6,2026-09-06T09:00:00Z,,latest_available,synthetic,high,,,,,,,,0.264,,,,,,,,,,27.94,,,,1.32,,,,,,,,,,
sst:ZONE_F:2026-09-05T09:00:00Z,sst,ZONE_F,ZONE_F off Mangalore,12.7,74.6,2026-09-05T09:00:00Z,,latest_available,synthetic,high,,,,,,,,0.224,,,,,,,,,,27.87,,,,1.12,,,,,,,,,,
sst:ZONE_F:2026-09-04T09:00:00Z,sst,ZONE_F,ZONE_F off Mangalore,12.7,74.6,2026-09-04T09:00:00Z,,latest_available,synthetic,high,,,,,,,,0.276,,,,,,,,,,28.13,,,,1.38,,,,,,,,,,
sst:ZONE_G:2026-09-10T09:00:00Z,sst,ZONE_G,ZONE_G off Mangalore,12.6,74.75,2026-09-10T09:00:00Z,,latest_available,synthetic,high,,,,,,,,0.116,,,,,,,,,,28.97,,,,0.58,,,,,,,,,,
sst:ZONE_G:2026-09-09T09:00:00Z,sst,ZONE_G,ZONE_G off Mangalore,12.6,74.75,2026-09-09T09:00:00Z,,latest_available,synthetic,high,,,,,,,,0.11,,,,,,,,,,29.19,,,,0.55,,,,,,,,,,
sst:ZONE_G:2026-09-08T09:00:00Z,sst,ZONE_G,ZONE_G off Mangalore,12.6,74.75,2026-09-08T09:00:00Z,,latest_available,synthetic,high,,,,,,,,0.14,,,,,,,,,,29.13,,,,0.7,,,,,,,,,,
sst:ZONE_G:2026-09-07T09:00:00Z,sst,ZONE_G,ZONE_G off Mangalore,12.6,74.75,2026-09-07T09:00:00Z,,latest_available,synthetic,high,,,,,,,,0.11,,,,,,,,,,28.76,,,,0.55,,,,,,,,,,
sst:ZONE_G:2026-09-06T09:00:00Z,sst,ZONE_G,ZONE_G off Mangalore,12.6,74.75,2026-09-06T09:00:00Z,,latest_available,synthetic,high,,,,,,,,0.128,,,,,,,,,,28.79,,,,0.64,,,,,,,,,,
sst:ZONE_G:2026-09-05T09:00:00Z,sst,ZONE_G,ZONE_G off Mangalore,12.6,74.75,2026-09-05T09:00:00Z,,latest_available,synthetic,degraded,gradient_celsius_per_km;thermal_front_delta_celsius,,,,,,,,,,,,,,,,,29.04,,,,,,,,,,,,,,
sst:ZONE_G:2026-09-04T09:00:00Z,sst,ZONE_G,ZONE_G off Mangalore,12.6,74.75,2026-09-04T09:00:00Z,,latest_available,synthetic,high,,,,,,,,0.118,,,,,,,,,,28.87,,,,0.59,,,,,,,,,,
sst:ZONE_H:2026-09-10T09:00:00Z,sst,ZONE_H,ZONE_H off Mangalore,13.35,74.35,2026-09-10T09:00:00Z,,latest_available,synthetic,high,,,,,,,,0.098,,,,,,,,,,28.95,,,,0.49,,,,,,,,,,
sst:ZONE_H:2026-09-09T09:00:00Z,sst,ZONE_H,ZONE_H off Mangalore,13.35,74.35,2026-09-09T09:00:00Z,,latest_available,synthetic,high,,,,,,,,0.088,,,,,,,,,,28.9,,,,0.44,,,,,,,,,,
sst:ZONE_H:2026-09-08T09:00:00Z,sst,ZONE_H,ZONE_H off Mangalore,13.35,74.35,2026-09-08T09:00:00Z,,latest_available,synthetic,degraded,gradient_celsius_per_km;thermal_front_delta_celsius,,,,,,,,,,,,,,,,,28.71,,,,,,,,,,,,,,
sst:ZONE_H:2026-09-07T09:00:00Z,sst,ZONE_H,ZONE_H off Mangalore,13.35,74.35,2026-09-07T09:00:00Z,,latest_available,synthetic,high,,,,,,,,0.09,,,,,,,,,,28.77,,,,0.45,,,,,,,,,,
sst:ZONE_H:2026-09-06T09:00:00Z,sst,ZONE_H,ZONE_H off Mangalore,13.35,74.35,2026-09-06T09:00:00Z,,latest_available,synthetic,high,,,,,,,,0.086,,,,,,,,,,28.66,,,,0.43,,,,,,,,,,
sst:ZONE_H:2026-09-05T09:00:00Z,sst,ZONE_H,ZONE_H off Mangalore,13.35,74.35,2026-09-05T09:00:00Z,,latest_available,synthetic,high,,,,,,,,0.092,,,,,,,,,,28.97,,,,0.46,,,,,,,,,,
sst:ZONE_H:2026-09-04T09:00:00Z,sst,ZONE_H,ZONE_H off Mangalore,13.35,74.35,2026-09-04T09:00:00Z,,latest_available,synthetic,high,,,,,,,,0.106,,,,,,,,,,28.91,,,,0.53,,,,,,,,,,
sst:ZONE_I:2026-09-10T09:00:00Z,sst,ZONE_I,ZONE_I off Mangalore,12.85,74.4,2026-09-10T09:00:00Z,,latest_available,synthetic,high,,,,,,,,0.076,,,,,,,,,,28.09,,,,0.38,,,,,,,,,,
sst:ZONE_I:2026-09-09T09:00:00Z,sst,ZONE_I,ZONE_I off Mangalore,12.85,74.4,2026-09-09T09:00:00Z,,latest_available,synthetic,high,,,,,,,,0.076,,,,,,,,,,28.19,,,,0.38,,,,,,,,,,
sst:ZONE_I:2026-09-08T09:00:00Z,sst,ZONE_I,ZONE_I off Mangalore,12.85,74.4,2026-09-08T09:00:00Z,,latest_available,synthetic,high,,,,,,,,0.076,,,,,,,,,,28.01,,,,0.38,,,,,,,,,,
sst:ZONE_I:2026-09-07T09:00:00Z,sst,ZONE_I,ZONE_I off Mangalore,12.85,74.4,2026-09-07T09:00:00Z,,latest_available,synthetic,high,,,,,,,,0.07,,,,,,,,,,28.11,,,,0.35,,,,,,,,,,
sst:ZONE_I:2026-09-06T09:00:00Z,sst,ZONE_I,ZONE_I off Mangalore,12.85,74.4,2026-09-06T09:00:00Z,,latest_available,synthetic,high,,,,,,,,0.082,,,,,,,,,,28.2,,,,0.41,,,,,,,,,,
sst:ZONE_I:2026-09-05T09:00:00Z,sst,ZONE_I,ZONE_I off Mangalore,12.85,74.4,2026-09-05T09:00:00Z,,latest_available,synthetic,high,,,,,,,,0.088,,,,,,,,,,28.32,,,,0.44,,,,,,,,,,
sst:ZONE_I:2026-09-04T09:00:00Z,sst,ZONE_I,ZONE_I off Mangalore,12.85,74.4,2026-09-04T09:00:00Z,,latest_available,synthetic,high,,,,,,,,0.07,,,,,,,,,,28.22,,,,0.35,,,,,,,,,,
sst:ZONE_J:2026-09-10T09:00:00Z,sst,ZONE_J,ZONE_J off Mangalore,12.95,74.62,2026-09-10T09:00:00Z,,latest_available,synthetic,high,,,,,,,,0.048,,,,,,,,,,28.86,,,,0.24,,,,,,,,,,
sst:ZONE_J:2026-09-09T09:00:00Z,sst,ZONE_J,ZONE_J off Mangalore,12.95,74.62,2026-09-09T09:00:00Z,,latest_available,synthetic,high,,,,,,,,0.032,,,,,,,,,,29.2,,,,0.16,,,,,,,,,,
sst:ZONE_J:2026-09-08T09:00:00Z,sst,ZONE_J,ZONE_J off Mangalore,12.95,74.62,2026-09-08T09:00:00Z,,latest_available,synthetic,high,,,,,,,,0.038,,,,,,,,,,28.76,,,,0.19,,,,,,,,,,
sst:ZONE_J:2026-09-07T09:00:00Z,sst,ZONE_J,ZONE_J off Mangalore,12.95,74.62,2026-09-07T09:00:00Z,,latest_available,synthetic,degraded,gradient_celsius_per_km;thermal_front_delta_celsius,,,,,,,,,,,,,,,,,28.84,,,,,,,,,,,,,,
sst:ZONE_J:2026-09-06T09:00:00Z,sst,ZONE_J,ZONE_J off Mangalore,12.95,74.62,2026-09-06T09:00:00Z,,latest_available,synthetic,high,,,,,,,,0.05,,,,,,,,,,28.73,,,,0.25,,,,,,,,,,
sst:ZONE_J:2026-09-05T09:00:00Z,sst,ZONE_J,ZONE_J off Mangalore,12.95,74.62,2026-09-05T09:00:00Z,,latest_available,synthetic,high,,,,,,,,0.048,,,,,,,,,,28.86,,,,0.24,,,,,,,,,,
sst:ZONE_J:2026-09-04T09:00:00Z,sst,ZONE_J,ZONE_J off Mangalore,12.95,74.62,2026-09-04T09:00:00Z,,latest_available,synthetic,high,,,,,,,,0.036,,,,,,,,,,28.81,,,,0.18,,,,,,,,,,
sst:ZONE_K:2026-09-10T09:00:00Z,sst,ZONE_K,ZONE_K off Mangalore,13.1,74.25,2026-09-10T09:00:00Z,,latest_available,synthetic,high,,,,,,,,0.21,,,,,,,,,,28.92,,,,1.05,,,,,,,,,,
sst:ZONE_K:2026-09-09T09:00:00Z,sst,ZONE_K,ZONE_K off Mangalore,13.1,74.25,2026-09-09T09:00:00Z,,latest_available,synthetic,high,,,,,,,,0.2,,,,,,,,,,28.89,,,,1.0,,,,,,,,,,
sst:ZONE_K:2026-09-08T09:00:00Z,sst,ZONE_K,ZONE_K off Mangalore,13.1,74.25,2026-09-08T09:00:00Z,,latest_available,synthetic,high,,,,,,,,0.188,,,,,,,,,,29.2,,,,0.94,,,,,,,,,,
sst:ZONE_K:2026-09-07T09:00:00Z,sst,ZONE_K,ZONE_K off Mangalore,13.1,74.25,2026-09-07T09:00:00Z,,latest_available,synthetic,high,,,,,,,,0.186,,,,,,,,,,29.17,,,,0.93,,,,,,,,,,
sst:ZONE_K:2026-09-06T09:00:00Z,sst,ZONE_K,ZONE_K off Mangalore,13.1,74.25,2026-09-06T09:00:00Z,,latest_available,synthetic,high,,,,,,,,0.214,,,,,,,,,,28.83,,,,1.07,,,,,,,,,,
sst:ZONE_K:2026-09-05T09:00:00Z,sst,ZONE_K,ZONE_K off Mangalore,13.1,74.25,2026-09-05T09:00:00Z,,latest_available,synthetic,high,,,,,,,,0.168,,,,,,,,,,29.08,,,,0.84,,,,,,,,,,
sst:ZONE_K:2026-09-04T09:00:00Z,sst,ZONE_K,ZONE_K off Mangalore,13.1,74.25,2026-09-04T09:00:00Z,,latest_available,synthetic,high,,,,,,,,0.22,,,,,,,,,,28.99,,,,1.1,,,,,,,,,,
sst:ZONE_L:2026-09-10T09:00:00Z,sst,ZONE_L,ZONE_L off Mangalore,12.55,74.45,2026-09-10T09:00:00Z,,latest_available,synthetic,high,,,,,,,,0.18,,,,,,,,,,28.92,,,,0.9,,,,,,,,,,
sst:ZONE_L:2026-09-09T09:00:00Z,sst,ZONE_L,ZONE_L off Mangalore,12.55,74.45,2026-09-09T09:00:00Z,,latest_available,synthetic,high,,,,,,,,0.184,,,,,,,,,,28.86,,,,0.92,,,,,,,,,,
sst:ZONE_L:2026-09-08T09:00:00Z,sst,ZONE_L,ZONE_L off Mangalore,12.55,74.45,2026-09-08T09:00:00Z,,latest_available,synthetic,high,,,,,,,,0.21,,,,,,,,,,28.92,,,,1.05,,,,,,,,,,
sst:ZONE_L:2026-09-07T09:00:00Z,sst,ZONE_L,ZONE_L off Mangalore,12.55,74.45,2026-09-07T09:00:00Z,,latest_available,synthetic,high,,,,,,,,0.21,,,,,,,,,,28.94,,,,1.05,,,,,,,,,,
sst:ZONE_L:2026-09-06T09:00:00Z,sst,ZONE_L,ZONE_L off Mangalore,12.55,74.45,2026-09-06T09:00:00Z,,latest_available,synthetic,high,,,,,,,,0.19,,,,,,,,,,28.77,,,,0.95,,,,,,,,,,
sst:ZONE_L:2026-09-05T09:00:00Z,sst,ZONE_L,ZONE_L off Mangalore,12.55,74.45,2026-09-05T09:00:00Z,,latest_available,synthetic,high,,,,,,,,0.128,,,,,,,,,,28.93,,,,0.64,,,,,,,,,,
sst:ZONE_L:2026-09-04T09:00:00Z,sst,ZONE_L,ZONE_L off Mangalore,12.55,74.45,2026-09-04T09:00:00Z,,latest_available,synthetic,high,,,,,,,,0.174,,,,,,,,,,29.1,,,,0.87,,,,,,,,,,
chlorophyll:ZONE_A:2026-09-10T09:00:00Z,chlorophyll,ZONE_A,ZONE_A off Mangalore,12.95,74.8,2026-09-10T09:00:00Z,,latest_available,synthetic,high,,,2.8,,,,,,,,,,,,,,,,,,,,,,,,,,,,,
chlorophyll:ZONE_A:2026-09-09T09:00:00Z,chlorophyll,ZONE_A,ZONE_A off Mangalore,12.95,74.8,2026-09-09T09:00:00Z,,latest_available,synthetic,high,,,3.756,,,,,,,,,,,,,,,,,,,,,,,,,,,,,
chlorophyll:ZONE_A:2026-09-08T09:00:00Z,chlorophyll,ZONE_A,ZONE_A off Mangalore,12.95,74.8,2026-09-08T09:00:00Z,,latest_available,synthetic,high,,,2.044,,,,,,,,,,,,,,,,,,,,,,,,,,,,,
chlorophyll:ZONE_A:2026-09-07T09:00:00Z,chlorophyll,ZONE_A,ZONE_A off Mangalore,12.95,74.8,2026-09-07T09:00:00Z,,latest_available,synthetic,high,,,2.758,,,,,,,,,,,,,,,,,,,,,,,,,,,,,
chlorophyll:ZONE_A:2026-09-06T09:00:00Z,chlorophyll,ZONE_A,ZONE_A off Mangalore,12.95,74.8,2026-09-06T09:00:00Z,,latest_available,synthetic,high,,,3.044,,,,,,,,,,,,,,,,,,,,,,,,,,,,,
chlorophyll:ZONE_A:2026-09-05T09:00:00Z,chlorophyll,ZONE_A,ZONE_A off Mangalore,12.95,74.8,2026-09-05T09:00:00Z,,latest_available,synthetic,high,,,4.143,,,,,,,,,,,,,,,,,,,,,,,,,,,,,
chlorophyll:ZONE_A:2026-09-04T09:00:00Z,chlorophyll,ZONE_A,ZONE_A off Mangalore,12.95,74.8,2026-09-04T09:00:00Z,,latest_available,synthetic,missing,chlorophyll_a_mg_m3,,,,,,,,,,,,,,,,,,,,,,,,,,,,,,,
chlorophyll:ZONE_B:2026-09-10T09:00:00Z,chlorophyll,ZONE_B,ZONE_B off Mangalore,12.9,74.95,2026-09-10T09:00:00Z,,latest_available,synthetic,high,,,2.3,,,,,,,,,,,,,,,,,,,,,,,,,,,,,
chlorophyll:ZONE_B:2026-09-09T09:00:00Z,chlorophyll,ZONE_B,ZONE_B off Mangalore,12.9,74.95,2026-09-09T09:00:00Z,,latest_available,synthetic,missing,chlorophyll_a_mg_m3,,,,,,,,,,,,,,,,,,,,,,,,,,,,,,,
chlorophyll:ZONE_B:2026-09-08T09:00:00Z,chlorophyll,ZONE_B,ZONE_B off Mangalore,12.9,74.95,2026-09-08T09:00:00Z,,latest_available,synthetic,high,,,1.897,,,,,,,,,,,,,,,,,,,,,,,,,,,,,
chlorophyll:ZONE_B:2026-09-07T09:00:00Z,chlorophyll,ZONE_B,ZONE_B off Mangalore,12.9,74.95,2026-09-07T09:00:00Z,,latest_available,synthetic,high,,,2.067,,,,,,,,,,,,,,,,,,,,,,,,,,,,,
chlorophyll:ZONE_B:2026-09-06T09:00:00Z,chlorophyll,ZONE_B,ZONE_B off Mangalore,12.9,74.95,2026-09-06T09:00:00Z,,latest_available,synthetic,high,,,3.365,,,,,,,,,,,,,,,,,,,,,,,,,,,,,
chlorophyll:ZONE_B:2026-09-05T09:00:00Z,chlorophyll,ZONE_B,ZONE_B off Mangalore,12.9,74.95,2026-09-05T09:00:00Z,,latest_available,synthetic,high,,,2.189,,,,,,,,,,,,,,,,,,,,,,,,,,,,,
chlorophyll:ZONE_B:2026-09-04T09:00:00Z,chlorophyll,ZONE_B,ZONE_B off Mangalore,12.9,74.95,2026-09-04T09:00:00Z,,latest_available,synthetic,high,,,1.787,,,,,,,,,,,,,,,,,,,,,,,,,,,,,
chlorophyll:ZONE_C:2026-09-10T09:00:00Z,chlorophyll,ZONE_C,ZONE_C off Mangalore,12.82,75.05,2026-09-10T09:00:00Z,,latest_available,synthetic,high,,,3.2,,,,,,,,,,,,,,,,,,,,,,,,,,,,,
chlorophyll:ZONE_C:2026-09-09T09:00:00Z,chlorophyll,ZONE_C,ZONE_C off Mangalore,12.82,75.05,2026-09-09T09:00:00Z,,latest_available,synthetic,high,,,2.713,,,,,,,,,,,,,,,,,,,,,,,,,,,,,
chlorophyll:ZONE_C:2026-09-08T09:00:00Z,chlorophyll,ZONE_C,ZONE_C off Mangalore,12.82,75.05,2026-09-08T09:00:00Z,,latest_available,synthetic,high,,,3.286,,,,,,,,,,,,,,,,,,,,,,,,,,,,,
chlorophyll:ZONE_C:2026-09-07T09:00:00Z,chlorophyll,ZONE_C,ZONE_C off Mangalore,12.82,75.05,2026-09-07T09:00:00Z,,latest_available,synthetic,missing,chlorophyll_a_mg_m3,,,,,,,,,,,,,,,,,,,,,,,,,,,,,,,
chlorophyll:ZONE_C:2026-09-06T09:00:00Z,chlorophyll,ZONE_C,ZONE_C off Mangalore,12.82,75.05,2026-09-06T09:00:00Z,,latest_available,synthetic,high,,,2.754,,,,,,,,,,,,,,,,,,,,,,,,,,,,,
chlorophyll:ZONE_C:2026-09-05T09:00:00Z,chlorophyll,ZONE_C,ZONE_C off Mangalore,12.82,75.05,2026-09-05T09:00:00Z,,latest_available,synthetic,high,,,4.896,,,,,,,,,,,,,,,,,,,,,,,,,,,,,
chlorophyll:ZONE_C:2026-09-04T09:00:00Z,chlorophyll,ZONE_C,ZONE_C off Mangalore,12.82,75.05,2026-09-04T09:00:00Z,,latest_available,synthetic,high,,,3.889,,,,,,,,,,,,,,,,,,,,,,,,,,,,,
chlorophyll:ZONE_D:2026-09-10T09:00:00Z,chlorophyll,ZONE_D,ZONE_D off Mangalore,13.05,74.55,2026-09-10T09:00:00Z,,latest_available,synthetic,high,,,2.08,,,,,,,,,,,,,,,,,,,,,,,,,,,,,
chlorophyll:ZONE_D:2026-09-09T09:00:00Z,chlorophyll,ZONE_D,ZONE_D off Mangalore,13.05,74.55,2026-09-09T09:00:00Z,,latest_available,synthetic,high,,,1.973,,,,,,,,,,,,,,,,,,,,,,,,,,,,,
chlorophyll:ZONE_D:2026-09-08T09:00:00Z,chlorophyll,ZONE_D,ZONE_D off Mangalore,13.05,74.55,2026-09-08T09:00:00Z,,latest_available,synthetic,high,,,2.204,,,,,,,,,,,,,,,,,,,,,,,,,,,,,
chlorophyll:ZONE_D:2026-09-07T09:00:00Z,chlorophyll,ZONE_D,ZONE_D off Mangalore,13.05,74.55,2026-09-07T09:00:00Z,,latest_available,synthetic,high,,,1.864,,,,,,,,,,,,,,,,,,,,,,,,,,,,,
chlorophyll:ZONE_D:2026-09-06T09:00:00Z,chlorophyll,ZONE_D,ZONE_D off Mangalore,13.05,74.55,2026-09-06T09:00:00Z,,latest_available,synthetic,high,,,1.961,,,,,,,,,,,,,,,,,,,,,,,,,,,,,
chlorophyll:ZONE_D:2026-09-05T09:00:00Z,chlorophyll,ZONE_D,ZONE_D off Mangalore,13.05,74.55,2026-09-05T09:00:00Z,,latest_available,synthetic,high,,,2.1,,,,,,,,,,,,,,,,,,,,,,,,,,,,,
chlorophyll:ZONE_D:2026-09-04T09:00:00Z,chlorophyll,ZONE_D,ZONE_D off Mangalore,13.05,74.55,2026-09-04T09:00:00Z,,latest_available,synthetic,missing,chlorophyll_a_mg_m3,,,,,,,,,,,,,,,,,,,,,,,,,,,,,,,
chlorophyll:ZONE_E:2026-09-10T09:00:00Z,chlorophyll,ZONE_E,ZONE_E off Mangalore,13.2,74.45,2026-09-10T09:00:00Z,,latest_available,synthetic,high,,,1.75,,,,,,,,,,,,,,,,,,,,,,,,,,,,,
chlorophyll:ZONE_E:2026-09-09T09:00:00Z,chlorophyll,ZONE_E,ZONE_E off Mangalore,13.2,74.45,2026-09-09T09:00:00Z,,latest_available,synthetic,high,,,2.642,,,,,,,,,,,,,,,,,,,,,,,,,,,,,
chlorophyll:ZONE_E:2026-09-08T09:00:00Z,chlorophyll,ZONE_E,ZONE_E off Mangalore,13.2,74.45,2026-09-08T09:00:00Z,,latest_available,synthetic,missing,chlorophyll_a_mg_m3,,,,,,,,,,,,,,,,,,,,,,,,,,,,,,,
chlorophyll:ZONE_E:2026-09-07T09:00:00Z,chlorophyll,ZONE_E,ZONE_E off Mangalore,13.2,74.45,2026-09-07T09:00:00Z,,latest_available,synthetic,high,,,2.04,,,,,,,,,,,,,,,,,,,,,,,,,,,,,
chlorophyll:ZONE_E:2026-09-06T09:00:00Z,chlorophyll,ZONE_E,ZONE_E off Mangalore,13.2,74.45,2026-09-06T09:00:00Z,,latest_available,synthetic,high,,,1.748,,,,,,,,,,,,,,,,,,,,,,,,,,,,,
chlorophyll:ZONE_E:2026-09-05T09:00:00Z,chlorophyll,ZONE_E,ZONE_E off Mangalore,13.2,74.45,2026-09-05T09:00:00Z,,latest_available,synthetic,high,,,1.812,,,,,,,,,,,,,,,,,,,,,,,,,,,,,
chlorophyll:ZONE_E:2026-09-04T09:00:00Z,chlorophyll,ZONE_E,ZONE_E off Mangalore,13.2,74.45,2026-09-04T09:00:00Z,,latest_available,synthetic,high,,,2.68,,,,,,,,,,,,,,,,,,,,,,,,,,,,,
chlorophyll:ZONE_F:2026-09-10T09:00:00Z,chlorophyll,ZONE_F,ZONE_F off Mangalore,12.7,74.6,2026-09-10T09:00:00Z,,latest_available,synthetic,high,,,1.43,,,,,,,,,,,,,,,,,,,,,,,,,,,,,
chlorophyll:ZONE_F:2026-09-09T09:00:00Z,chlorophyll,ZONE_F,ZONE_F off Mangalore,12.7,74.6,2026-09-09T09:00:00Z,,latest_available,synthetic,high,,,1.116,,,,,,,,,,,,,,,,,,,,,,,,,,,,,
chlorophyll:ZONE_F:2026-09-08T09:00:00Z,chlorophyll,ZONE_F,ZONE_F off Mangalore,12.7,74.6,2026-09-08T09:00:00Z,,latest_available,synthetic,high,,,1.723,,,,,,,,,,,,,,,,,,,,,,,,,,,,,
chlorophyll:ZONE_F:2026-09-07T09:00:00Z,chlorophyll,ZONE_F,ZONE_F off Mangalore,12.7,74.6,2026-09-07T09:00:00Z,,latest_available,synthetic,high,,,1.373,,,,,,,,,,,,,,,,,,,,,,,,,,,,,
chlorophyll:ZONE_F:2026-09-06T09:00:00Z,chlorophyll,ZONE_F,ZONE_F off Mangalore,12.7,74.6,2026-09-06T09:00:00Z,,latest_available,synthetic,high,,,1.591,,,,,,,,,,,,,,,,,,,,,,,,,,,,,
chlorophyll:ZONE_F:2026-09-05T09:00:00Z,chlorophyll,ZONE_F,ZONE_F off Mangalore,12.7,74.6,2026-09-05T09:00:00Z,,latest_available,synthetic,missing,chlorophyll_a_mg_m3,,,,,,,,,,,,,,,,,,,,,,,,,,,,,,,
chlorophyll:ZONE_F:2026-09-04T09:00:00Z,chlorophyll,ZONE_F,ZONE_F off Mangalore,12.7,74.6,2026-09-04T09:00:00Z,,latest_available,synthetic,high,,,1.565,,,,,,,,,,,,,,,,,,,,,,,,,,,,,
chlorophyll:ZONE_G:2026-09-10T09:00:00Z,chlorophyll,ZONE_G,ZONE_G off Mangalore,12.6,74.75,2026-09-10T09:00:00Z,,latest_available,synthetic,high,,,2.02,,,,,,,,,,,,,,,,,,,,,,,,,,,,,
chlorophyll:ZONE_G:2026-09-09T09:00:00Z,chlorophyll,ZONE_G,ZONE_G off Mangalore,12.6,74.75,2026-09-09T09:00:00Z,,latest_available,synthetic,missing,chlorophyll_a_mg_m3,,,,,,,,,,,,,,,,,,,,,,,,,,,,,,,
chlorophyll:ZONE_G:2026-09-08T09:00:00Z,chlorophyll,ZONE_G,ZONE_G off Mangalore,12.6,74.75,2026-09-08T09:00:00Z,,latest_available,synthetic,high,,,2.226,,,,,,,,,,,,,,,,,,,,,,,,,,,,,
chlorophyll:ZONE_G:2026-09-07T09:00:00Z,chlorophyll,ZONE_G,ZONE_G off Mangalore,12.6,74.75,2026-09-07T09:00:00Z,,latest_available,synthetic,high,,,1.441,,,,,,,,,,,,,,,,,,,,,,,,,,,,,
chlorophyll:ZONE_G:2026-09-06T09:00:00Z,chlorophyll,ZONE_G,ZONE_G off Mangalore,12.6,74.75,2026-09-06T09:00:00Z,,latest_available,synthetic,high,,,1.638,,,,,,,,,,,,,,,,,,,,,,,,,,,,,
chlorophyll:ZONE_G:2026-09-05T09:00:00Z,chlorophyll,ZONE_G,ZONE_G off Mangalore,12.6,74.75,2026-09-05T09:00:00Z,,latest_available,synthetic,missing,chlorophyll_a_mg_m3,,,,,,,,,,,,,,,,,,,,,,,,,,,,,,,
chlorophyll:ZONE_G:2026-09-04T09:00:00Z,chlorophyll,ZONE_G,ZONE_G off Mangalore,12.6,74.75,2026-09-04T09:00:00Z,,latest_available,synthetic,high,,,2.029,,,,,,,,,,,,,,,,,,,,,,,,,,,,,
chlorophyll:ZONE_H:2026-09-10T09:00:00Z,chlorophyll,ZONE_H,ZONE_H off Mangalore,13.35,74.35,2026-09-10T09:00:00Z,,latest_available,synthetic,high,,,1.43,,,,,,,,,,,,,,,,,,,,,,,,,,,,,
chlorophyll:ZONE_H:2026-09-09T09:00:00Z,chlorophyll,ZONE_H,ZONE_H off Mangalore,13.35,74.35,2026-09-09T09:00:00Z,,latest_available,synthetic,high,,,0.884,,,,,,,,,,,,,,,,,,,,,,,,,,,,,
chlorophyll:ZONE_H:2026-09-08T09:00:00Z,chlorophyll,ZONE_H,ZONE_H off Mangalore,13.35,74.35,2026-09-08T09:00:00Z,,latest_available,synthetic,missing,chlorophyll_a_mg_m3,,,,,,,,,,,,,,,,,,,,,,,,,,,,,,,
chlorophyll:ZONE_H:2026-09-07T09:00:00Z,chlorophyll,ZONE_H,ZONE_H off Mangalore,13.35,74.35,2026-09-07T09:00:00Z,,latest_available,synthetic,high,,,1.347,,,,,,,,,,,,,,,,,,,,,,,,,,,,,
chlorophyll:ZONE_H:2026-09-06T09:00:00Z,chlorophyll,ZONE_H,ZONE_H off Mangalore,13.35,74.35,2026-09-06T09:00:00Z,,latest_available,synthetic,high,,,1.305,,,,,,,,,,,,,,,,,,,,,,,,,,,,,
chlorophyll:ZONE_H:2026-09-05T09:00:00Z,chlorophyll,ZONE_H,ZONE_H off Mangalore,13.35,74.35,2026-09-05T09:00:00Z,,latest_available,synthetic,missing,chlorophyll_a_mg_m3,,,,,,,,,,,,,,,,,,,,,,,,,,,,,,,
chlorophyll:ZONE_H:2026-09-04T09:00:00Z,chlorophyll,ZONE_H,ZONE_H off Mangalore,13.35,74.35,2026-09-04T09:00:00Z,,latest_available,synthetic,high,,,0.914,,,,,,,,,,,,,,,,,,,,,,,,,,,,,
chlorophyll:ZONE_I:2026-09-10T09:00:00Z,chlorophyll,ZONE_I,ZONE_I off Mangalore,12.85,74.4,2026-09-10T09:00:00Z,,latest_available,synthetic,high,,,1.1,,,,,,,,,,,,,,,,,,,,,,,,,,,,,
chlorophyll:ZONE_I:2026-09-09T09:00:00Z,chlorophyll,ZONE_I,ZONE_I off Mangalore,12.85,74.4,2026-09-09T09:00:00Z,,latest_available,synthetic,high,,,1.051,,,,,,,,,,,,,,,,,,,,,,,,,,,,,
chlorophyll:ZONE_I:2026-09-08T09:00:00Z,chlorophyll,ZONE_I,ZONE_I off Mangalore,12.85,74.4,2026-09-08T09:00:00Z,,latest_available,synthetic,high,,,1.335,,,,,,,,,,,,,,,,,,,,,,,,,,,,,
chlorophyll:ZONE_I:2026-09-07T09:00:00Z,chlorophyll,ZONE_I,ZONE_I off Mangalore,12.85,74.4,2026-09-07T09:00:00Z,,latest_available,synthetic,missing,chlorophyll_a_mg_m3,,,,,,,,,,,,,,,,,,,,,,,,,,,,,,,
chlorophyll:ZONE_I:2026-09-06T09:00:00Z,chlorophyll,ZONE_I,ZONE_I off Mangalore,12.85,74.4,2026-09-06T09:00:00Z,,latest_available,synthetic,high,,,1.276,,,,,,,,,,,,,,,,,,,,,,,,,,,,,
chlorophyll:ZONE_I:2026-09-05T09:00:00Z,chlorophyll,ZONE_I,ZONE_I off Mangalore,12.85,74.4,2026-09-05T09:00:00Z,,latest_available,synthetic,high,,,1.403,,,,,,,,,,,,,,,,,,,,,,,,,,,,,
chlorophyll:ZONE_I:2026-09-04T09:00:00Z,chlorophyll,ZONE_I,ZONE_I off Mangalore,12.85,74.4,2026-09-04T09:00:00Z,,latest_available,synthetic,high,,,1.026,,,,,,,,,,,,,,,,,,,,,,,,,,,,,
chlorophyll:ZONE_J:2026-09-10T09:00:00Z,chlorophyll,ZONE_J,ZONE_J off Mangalore,12.95,74.62,2026-09-10T09:00:00Z,,latest_available,synthetic,high,,,1.95,,,,,,,,,,,,,,,,,,,,,,,,,,,,,
chlorophyll:ZONE_J:2026-09-09T09:00:00Z,chlorophyll,ZONE_J,ZONE_J off Mangalore,12.95,74.62,2026-09-09T09:00:00Z,,latest_available,synthetic,high,,,2.653,,,,,,,,,,,,,,,,,,,,,,,,,,,,,
chlorophyll:ZONE_J:2026-09-08T09:00:00Z,chlorophyll,ZONE_J,ZONE_J off Mangalore,12.95,74.62,2026-09-08T09:00:00Z,,latest_available,synthetic,high,,,2.181,,,,,,,,,,,,,,,,,,,,,,,,,,,,,
chlorophyll:ZONE_J:2026-09-07T09:00:00Z,chlorophyll,ZONE_J,ZONE_J off Mangalore,12.95,74.62,2026-09-07T09:00:00Z,,latest_available,synthetic,high,,,1.743,,,,,,,,,,,,,,,,,,,,,,,,,,,,,
chlorophyll:ZONE_J:2026-09-06T09:00:00Z,chlorophyll,ZONE_J,ZONE_J off Mangalore,12.95,74.62,2026-09-06T09:00:00Z,,latest_available,synthetic,missing,chlorophyll_a_mg_m3,,,,,,,,,,,,,,,,,,,,,,,,,,,,,,,
chlorophyll:ZONE_J:2026-09-05T09:00:00Z,chlorophyll,ZONE_J,ZONE_J off Mangalore,12.95,74.62,2026-09-05T09:00:00Z,,latest_available,synthetic,high,,,2.2,,,,,,,,,,,,,,,,,,,,,,,,,,,,,
chlorophyll:ZONE_J:2026-09-04T09:00:00Z,chlorophyll,ZONE_J,ZONE_J off Mangalore,12.95,74.62,2026-09-04T09:00:00Z,,latest_available,synthetic,high,,,1.6,,,,,,,,,,,,,,,,,,,,,,,,,,,,,
chlorophyll:ZONE_K:2026-09-10T09:00:00Z,chlorophyll,ZONE_K,ZONE_K off Mangalore,13.1,74.25,2026-09-10T09:00:00Z,,latest_available,synthetic,high,,,0.99,,,,,,,,,,,,,,,,,,,,,,,,,,,,,
chlorophyll:ZONE_K:2026-09-09T09:00:00Z,chlorophyll,ZONE_K,ZONE_K off Mangalore,13.1,74.25,2026-09-09T09:00:00Z,,latest_available,synthetic,high,,,1.179,,,,,,,,,,,,,,,,,,,,,,,,,,,,,
chlorophyll:ZONE_K:2026-09-08T09:00:00Z,chlorophyll,ZONE_K,ZONE_K off Mangalore,13.1,74.25,2026-09-08T09:00:00Z,,latest_available,synthetic,missing,chlorophyll_a_mg_m3,,,,,,,,,,,,,,,,,,,,,,,,,,,,,,,
chlorophyll:ZONE_K:2026-09-07T09:00:00Z,chlorophyll,ZONE_K,ZONE_K off Mangalore,13.1,74.25,2026-09-07T09:00:00Z,,latest_available,synthetic,missing,chlorophyll_a_mg_m3,,,,,,,,,,,,,,,,,,,,,,,,,,,,,,,
chlorophyll:ZONE_K:2026-09-06T09:00:00Z,chlorophyll,ZONE_K,ZONE_K off Mangalore,13.1,74.25,2026-09-06T09:00:00Z,,latest_available,synthetic,missing,chlorophyll_a_mg_m3,,,,,,,,,,,,,,,,,,,,,,,,,,,,,,,
chlorophyll:ZONE_K:2026-09-05T09:00:00Z,chlorophyll,ZONE_K,ZONE_K off Mangalore,13.1,74.25,2026-09-05T09:00:00Z,,latest_available,synthetic,high,,,1.109,,,,,,,,,,,,,,,,,,,,,,,,,,,,,
chlorophyll:ZONE_K:2026-09-04T09:00:00Z,chlorophyll,ZONE_K,ZONE_K off Mangalore,13.1,74.25,2026-09-04T09:00:00Z,,latest_available,synthetic,high,,,1.143,,,,,,,,,,,,,,,,,,,,,,,,,,,,,
chlorophyll:ZONE_L:2026-09-10T09:00:00Z,chlorophyll,ZONE_L,ZONE_L off Mangalore,12.55,74.45,2026-09-10T09:00:00Z,,latest_available,synthetic,high,,,1.08,,,,,,,,,,,,,,,,,,,,,,,,,,,,,
chlorophyll:ZONE_L:2026-09-09T09:00:00Z,chlorophyll,ZONE_L,ZONE_L off Mangalore,12.55,74.45,2026-09-09T09:00:00Z,,latest_available,synthetic,high,,,0.686,,,,,,,,,,,,,,,,,,,,,,,,,,,,,
chlorophyll:ZONE_L:2026-09-08T09:00:00Z,chlorophyll,ZONE_L,ZONE_L off Mangalore,12.55,74.45,2026-09-08T09:00:00Z,,latest_available,synthetic,high,,,1.059,,,,,,,,,,,,,,,,,,,,,,,,,,,,,
chlorophyll:ZONE_L:2026-09-07T09:00:00Z,chlorophyll,ZONE_L,ZONE_L off Mangalore,12.55,74.45,2026-09-07T09:00:00Z,,latest_available,synthetic,high,,,1.118,,,,,,,,,,,,,,,,,,,,,,,,,,,,,
chlorophyll:ZONE_L:2026-09-06T09:00:00Z,chlorophyll,ZONE_L,ZONE_L off Mangalore,12.55,74.45,2026-09-06T09:00:00Z,,latest_available,synthetic,high,,,1.183,,,,,,,,,,,,,,,,,,,,,,,,,,,,,
chlorophyll:ZONE_L:2026-09-05T09:00:00Z,chlorophyll,ZONE_L,ZONE_L off Mangalore,12.55,74.45,2026-09-05T09:00:00Z,,latest_available,synthetic,high,,,0.949,,,,,,,,,,,,,,,,,,,,,,,,,,,,,
chlorophyll:ZONE_L:2026-09-04T09:00:00Z,chlorophyll,ZONE_L,ZONE_L off Mangalore,12.55,74.45,2026-09-04T09:00:00Z,,latest_available,synthetic,high,,,1.509,,,,,,,,,,,,,,,,,,,,,,,,,,,,,
restrictions:ZONE_A:2026-09-10T00:00:00Z,restrictions,ZONE_A,ZONE_A off Mangalore,12.95,74.8,2026-09-10T00:00:00Z,,latest_available,synthetic,high,,,,,,,,,,,,,CLEAR,False,,,,,,,,,,,,,,,,,,
restrictions:ZONE_B:2026-09-10T00:00:00Z,restrictions,ZONE_B,ZONE_B off Mangalore,12.9,74.95,2026-09-10T00:00:00Z,,latest_available,synthetic,high,,,,,,,,,,,,,CLEAR,False,,,,,,,,,,,,,,,,,,
restrictions:ZONE_C:2026-01-01T00:00:00Z,restrictions,ZONE_C,ZONE_C off Mangalore,12.82,75.05,2026-01-01T00:00:00Z,,latest_available,synthetic,high,,,,,,,,,,,,,BLOCKED,True,Marine Protected Sanctuary & Naval Exercise Corridor - RESTRICTED,,,,,,,,,2026-01-01T00:00:00Z,,,,,,,,
restrictions:ZONE_D:2026-09-10T00:00:00Z,restrictions,ZONE_D,ZONE_D off Mangalore,13.05,74.55,2026-09-10T00:00:00Z,,latest_available,synthetic,high,,,,,,,,,,,,,CLEAR,False,,,,,,,,,,,,,,,,,,
restrictions:ZONE_E:2026-09-10T00:00:00Z,restrictions,ZONE_E,ZONE_E off Mangalore,13.2,74.45,2026-09-10T00:00:00Z,,latest_available,synthetic,high,,,,,,,,,,,,,CLEAR,False,,,,,,,,,,,,,,,,,,
restrictions:ZONE_F:2026-09-10T00:00:00Z,restrictions,ZONE_F,ZONE_F off Mangalore,12.7,74.6,2026-09-10T00:00:00Z,,latest_available,synthetic,high,,,,,,,,,,,,,CLEAR,False,,,,,,,,,,,,,,,,,,
restrictions:ZONE_G:2026-09-10T00:00:00Z,restrictions,ZONE_G,ZONE_G off Mangalore,12.6,74.75,2026-09-10T00:00:00Z,,latest_available,synthetic,high,,,,,,,,,,,,,CLEAR,False,,,,,,,,,,,,,,,,,,
restrictions:ZONE_H:2026-09-10T00:00:00Z,restrictions,ZONE_H,ZONE_H off Mangalore,13.35,74.35,2026-09-10T00:00:00Z,,latest_available,synthetic,high,,,,,,,,,,,,,CLEAR,False,,,,,,,,,,,,,,,,,,
restrictions:ZONE_I:2026-08-01T00:00:00Z,restrictions,ZONE_I,ZONE_I off Mangalore,12.85,74.4,2026-08-01T00:00:00Z,,latest_available,synthetic,high,,,,,,,,,,,,,CONDITIONAL,False,Mechanised trawling prohibited; traditional and gillnet craft permitted,,,,,,,,,2026-08-01T00:00:00Z,2026-12-31T23:59:59Z,,,,,,,
restrictions:ZONE_J:2026-09-10T00:00:00Z,restrictions,ZONE_J,ZONE_J off Mangalore,12.95,74.62,2026-09-10T00:00:00Z,,latest_available,synthetic,high,,,,,,,,,,,,,CLEAR,False,,,,,,,,,,,,,,,,,,
restrictions:ZONE_K:2026-09-10T00:00:00Z,restrictions,ZONE_K,ZONE_K off Mangalore,13.1,74.25,2026-09-10T00:00:00Z,,latest_available,synthetic,high,,,,,,,,,,,,,BLOCKED,True,Naval firing practice area (NAVAREA VIII warning),,,,,,,,,2026-09-10T00:00:00Z,2026-09-14T23:59:59Z,,,,,,,
restrictions:ZONE_L:2026-09-10T00:00:00Z,restrictions,ZONE_L,ZONE_L off Mangalore,12.55,74.45,2026-09-10T00:00:00Z,,latest_available,synthetic,high,,,,,,,,,,,,,CLEAR,False,,,,,,,,,,,,,,,,,,
wind:ZONE_A:2026-09-11T00:00:00Z,wind,ZONE_A,ZONE_A off Mangalore,12.95,74.8,,2026-09-11T00:00:00Z,forecast,synthetic,high,,,,,,,,,28.0,,,,,,,,,,,,,,,,,,,,WSW,250,22.0,11.32
wind:ZONE_A:2026-09-11T06:00:00Z,wind,ZONE_A,ZONE_A off Mangalore,12.95,74.8,,2026-09-11T06:00:00Z,forecast,synthetic,high,,,,,,,,,21.0,,,,,,,,,,,,,,,,,,,,WSW,254,16.5,8.49
wind:ZONE_A:2026-09-11T12:00:00Z,wind,ZONE_A,ZONE_A off Mangalore,12.95,74.8,,2026-09-11T12:00:00Z,forecast,synthetic,high,,,,,,,,,21.5,,,,,,,,,,,,,,,,,,,,WSW,249,16.9,8.69
wind:ZONE_A:2026-09-11T18:00:00Z,wind,ZONE_A,ZONE_A off Mangalore,12.95,74.8,,2026-09-11T18:00:00Z,forecast,synthetic,high,,,,,,,,,26.5,,,,,,,,,,,,,,,,,,,,WSW,245,20.8,10.7
wind:ZONE_A:2026-09-12T00:00:00Z,wind,ZONE_A,ZONE_A off Mangalore,12.95,74.8,,2026-09-12T00:00:00Z,forecast,synthetic,moderate,,,,,,,,,28.5,,,,,,,,,,,,,,,,,,,,WSW,253,22.4,11.52
wind:ZONE_A:2026-09-12T06:00:00Z,wind,ZONE_A,ZONE_A off Mangalore,12.95,74.8,,2026-09-12T06:00:00Z,forecast,synthetic,moderate,,,,,,,,,20.5,,,,,,,,,,,,,,,,,,,,W,262,16.1,8.28
wind:ZONE_A:2026-09-12T12:00:00Z,wind,ZONE_A,ZONE_A off Mangalore,12.95,74.8,,2026-09-12T12:00:00Z,forecast,synthetic,moderate,,,,,,,,,20.7,,,,,,,,,,,,,,,,,,,,WSW,248,16.3,8.39
wind:ZONE_A:2026-09-12T18:00:00Z,wind,ZONE_A,ZONE_A off Mangalore,12.95,74.8,,2026-09-12T18:00:00Z,forecast,synthetic,moderate,,,,,,,,,26.9,,,,,,,,,,,,,,,,,,,,WSW,240,21.1,10.85
wind:ZONE_B:2026-09-11T00:00:00Z,wind,ZONE_B,ZONE_B off Mangalore,12.9,74.95,,2026-09-11T00:00:00Z,forecast,synthetic,high,,,,,,,,,14.0,,,,,,,,,,,,,,,,,,,,WSW,240,11.0,5.66
wind:ZONE_B:2026-09-11T06:00:00Z,wind,ZONE_B,ZONE_B off Mangalore,12.9,74.95,,2026-09-11T06:00:00Z,forecast,synthetic,high,,,,,,,,,10.7,,,,,,,,,,,,,,,,,,,,WSW,247,8.4,4.32
wind:ZONE_B:2026-09-11T12:00:00Z,wind,ZONE_B,ZONE_B off Mangalore,12.9,74.95,,2026-09-11T12:00:00Z,forecast,synthetic,high,,,,,,,,,10.3,,,,,,,,,,,,,,,,,,,,WSW,240,8.1,4.17
wind:ZONE_B:2026-09-11T18:00:00Z,wind,ZONE_B,ZONE_B off Mangalore,12.9,74.95,,2026-09-11T18:00:00Z,forecast,synthetic,high,,,,,,,,,15.3,,,,,,,,,,,,,,,,,,,,WSW,237,12.0,6.17
wind:ZONE_B:2026-09-12T00:00:00Z,wind,ZONE_B,ZONE_B off Mangalore,12.9,74.95,,2026-09-12T00:00:00Z,forecast,synthetic,moderate,,,,,,,,,13.7,,,,,,,,,,,,,,,,,,,,WSW,241,10.8,5.56
wind:ZONE_B:2026-09-12T06:00:00Z,wind,ZONE_B,ZONE_B off Mangalore,12.9,74.95,,2026-09-12T06:00:00Z,forecast,synthetic,moderate,,,,,,,,,9.5,,,,,,,,,,,,,,,,,,,,WSW,246,7.5,3.86
wind:ZONE_B:2026-09-12T12:00:00Z,wind,ZONE_B,ZONE_B off Mangalore,12.9,74.95,,2026-09-12T12:00:00Z,forecast,synthetic,moderate,,,,,,,,,11.1,,,,,,,,,,,,,,,,,,,,WSW,239,8.7,4.48
wind:ZONE_B:2026-09-12T18:00:00Z,wind,ZONE_B,ZONE_B off Mangalore,12.9,74.95,,2026-09-12T18:00:00Z,forecast,synthetic,moderate,,,,,,,,,13.0,,,,,,,,,,,,,,,,,,,,SW,234,10.2,5.25
wind:ZONE_C:2026-09-11T00:00:00Z,wind,ZONE_C,ZONE_C off Mangalore,12.82,75.05,,2026-09-11T00:00:00Z,forecast,synthetic,high,,,,,,,,,12.0,,,,,,,,,,,,,,,,,,,,SW,230,9.5,4.89
wind:ZONE_C:2026-09-11T06:00:00Z,wind,ZONE_C,ZONE_C off Mangalore,12.82,75.05,,2026-09-11T06:00:00Z,forecast,synthetic,high,,,,,,,,,9.6,,,,,,,,,,,,,,,,,,,,SW,235,7.6,3.91
wind:ZONE_C:2026-09-11T12:00:00Z,wind,ZONE_C,ZONE_C off Mangalore,12.82,75.05,,2026-09-11T12:00:00Z,forecast,synthetic,high,,,,,,,,,9.2,,,,,,,,,,,,,,,,,,,,SW,234,7.3,3.76
wind:ZONE_C:2026-09-11T18:00:00Z,wind,ZONE_C,ZONE_C off Mangalore,12.82,75.05,,2026-09-11T18:00:00Z,forecast,synthetic,high,,,,,,,,,12.8,,,,,,,,,,,,,,,,,,,,SW,222,10.1,5.2
wind:ZONE_C:2026-09-12T00:00:00Z,wind,ZONE_C,ZONE_C off Mangalore,12.82,75.05,,2026-09-12T00:00:00Z,forecast,synthetic,moderate,,,,,,,,,14.0,,,,,,,,,,,,,,,,,,,,SW,234,11.1,5.71
wind:ZONE_C:2026-09-12T06:00:00Z,wind,ZONE_C,ZONE_C off Mangalore,12.82,75.05,,2026-09-12T06:00:00Z,forecast,synthetic,moderate,,,,,,,,,9.9,,,,,,,,,,,,,,,,,,,,SW,236,7.8,4.01
wind:ZONE_C:2026-09-12T12:00:00Z,wind,ZONE_C,ZONE_C off Mangalore,12.82,75.05,,2026-09-12T12:00:00Z,forecast,synthetic,degraded,gust_knots,,,,,,,,,,,,,,,,,,,,,,,,,,,,SW,227,8.5,4.37
wind:ZONE_C:2026-09-12T18:00:00Z,wind,ZONE_C,ZONE_C off Mangalore,12.82,75.05,,2026-09-12T18:00:00Z,forecast,synthetic,moderate,,,,,,,,,11.0,,,,,,,,,,,,,,,,,,,,SW,226,8.7,4.48
wind:ZONE_D:2026-09-11T00:00:00Z,wind,ZONE_D,ZONE_D off Mangalore,13.05,74.55,,2026-09-11T00:00:00Z,forecast,synthetic,high,,,,,,,,,12.5,,,,,,,,,,,,,,,,,,,,SW,235,9.8,5.04
wind:ZONE_D:2026-09-11T06:00:00Z,wind,ZONE_D,ZONE_D off Mangalore,13.05,74.55,,2026-09-11T06:00:00Z,forecast,synthetic,high,,,,,,,,,6.8,,,,,,,,,,,,,,,,,,,,WSW,246,5.3,2.73
wind:ZONE_D:2026-09-11T12:00:00Z,wind,ZONE_D,ZONE_D off Mangalore,13.05,74.55,,2026-09-11T12:00:00Z,forecast,synthetic,high,,,,,,,,,8.2,,,,,,,,,,,,,,,,,,,,SW,235,6.4,3.29
wind:ZONE_D:2026-09-11T18:00:00Z,wind,ZONE_D,ZONE_D off Mangalore,13.05,74.55,,2026-09-11T18:00:00Z,forecast,synthetic,high,,,,,,,,,15.3,,,,,,,,,,,,,,,,,,,,SW,227,12.0,6.17
wind:ZONE_D:2026-09-12T00:00:00Z,wind,ZONE_D,ZONE_D off Mangalore,13.05,74.55,,2026-09-12T00:00:00Z,forecast,synthetic,moderate,,,,,,,,,12.6,,,,,,,,,,,,,,,,,,,,WSW,239,9.9,5.09
wind:ZONE_D:2026-09-12T06:00:00Z,wind,ZONE_D,ZONE_D off Mangalore,13.05,74.55,,2026-09-12T06:00:00Z,forecast,synthetic,moderate,,,,,,,,,8.7,,,,,,,,,,,,,,,,,,,,WSW,239,6.8,3.5
wind:ZONE_D:2026-09-12T12:00:00Z,wind,ZONE_D,ZONE_D off Mangalore,13.05,74.55,,2026-09-12T12:00:00Z,forecast,synthetic,moderate,,,,,,,,,11.2,,,,,,,,,,,,,,,,,,,,SW,235,8.8,4.53
wind:ZONE_D:2026-09-12T18:00:00Z,wind,ZONE_D,ZONE_D off Mangalore,13.05,74.55,,2026-09-12T18:00:00Z,forecast,synthetic,moderate,,,,,,,,,12.0,,,,,,,,,,,,,,,,,,,,SW,227,9.4,4.84
wind:ZONE_E:2026-09-11T00:00:00Z,wind,ZONE_E,ZONE_E off Mangalore,13.2,74.45,,2026-09-11T00:00:00Z,forecast,synthetic,high,,,,,,,,,22.9,,,,,,,,,,,,,,,,,,,,SW,232,16.8,8.64
wind:ZONE_E:2026-09-11T06:00:00Z,wind,ZONE_E,ZONE_E off Mangalore,13.2,74.45,,2026-09-11T06:00:00Z,forecast,synthetic,high,,,,,,,,,16.4,,,,,,,,,,,,,,,,,,,,WSW,247,12.0,6.17
wind:ZONE_E:2026-09-11T12:00:00Z,wind,ZONE_E,ZONE_E off Mangalore,13.2,74.45,,2026-09-11T12:00:00Z,forecast,synthetic,high,,,,,,,,,17.4,,,,,,,,,,,,,,,,,,,,SW,230,12.8,6.58
wind:ZONE_E:2026-09-11T18:00:00Z,wind,ZONE_E,ZONE_E off Mangalore,13.2,74.45,,2026-09-11T18:00:00Z,forecast,synthetic,high,,,,,,,,,22.8,,,,,,,,,,,,,,,,,,,,SW,224,16.7,8.59
wind:ZONE_E:2026-09-12T00:00:00Z,wind,ZONE_E,ZONE_E off Mangalore,13.2,74.45,,2026-09-12T00:00:00Z,forecast,synthetic,moderate,,,,,,,,,20.9,,,,,,,,,,,,,,,,,,,,SW,234,15.3,7.87
wind:ZONE_E:2026-09-12T06:00:00Z,wind,ZONE_E,ZONE_E off Mangalore,13.2,74.45,,2026-09-12T06:00:00Z,forecast,synthetic,moderate,,,,,,,,,16.9,,,,,,,,,,,,,,,,,,,,WSW,244,12.4,6.38
wind:ZONE_E:2026-09-12T12:00:00Z,wind,ZONE_E,ZONE_E off Mangalore,13.2,74.45,,2026-09-12T12:00:00Z,forecast,synthetic,moderate,,,,,,,,,19.5,,,,,,,,,,,,,,,,,,,,SW,235,14.3,7.36
wind:ZONE_E:2026-09-12T18:00:00Z,wind,ZONE_E,ZONE_E off Mangalore,13.2,74.45,,2026-09-12T18:00:00Z,forecast,synthetic,moderate,,,,,,,,,21.9,,,,,,,,,,,,,,,,,,,,SW,221,16.1,8.28
wind:ZONE_F:2026-09-11T00:00:00Z,wind,ZONE_F,ZONE_F off Mangalore,12.7,74.6,,2026-09-11T00:00:00Z,forecast,synthetic,high,,,,,,,,,11.7,,,,,,,,,,,,,,,,,,,,SW,231,8.9,4.58
wind:ZONE_F:2026-09-11T06:00:00Z,wind,ZONE_F,ZONE_F off Mangalore,12.7,74.6,,2026-09-11T06:00:00Z,forecast,synthetic,high,,,,,,,,,7.6,,,,,,,,,,,,,,,,,,,,SW,236,5.8,2.98
wind:ZONE_F:2026-09-11T12:00:00Z,wind,ZONE_F,ZONE_F off Mangalore,12.7,74.6,,2026-09-11T12:00:00Z,forecast,synthetic,high,,,,,,,,,8.3,,,,,,,,,,,,,,,,,,,,SW,230,6.3,3.24
wind:ZONE_F:2026-09-11T18:00:00Z,wind,ZONE_F,ZONE_F off Mangalore,12.7,74.6,,2026-09-11T18:00:00Z,forecast,synthetic,high,,,,,,,,,11.0,,,,,,,,,,,,,,,,,,,,SW,223,8.4,4.32
wind:ZONE_F:2026-09-12T00:00:00Z,wind,ZONE_F,ZONE_F off Mangalore,12.7,74.6,,2026-09-12T00:00:00Z,forecast,synthetic,moderate,,,,,,,,,10.1,,,,,,,,,,,,,,,,,,,,SW,231,7.7,3.96
wind:ZONE_F:2026-09-12T06:00:00Z,wind,ZONE_F,ZONE_F off Mangalore,12.7,74.6,,2026-09-12T06:00:00Z,forecast,synthetic,moderate,,,,,,,,,8.5,,,,,,,,,,,,,,,,,,,,SW,236,6.5,3.34
wind:ZONE_F:2026-09-12T12:00:00Z,wind,ZONE_F,ZONE_F off Mangalore,12.7,74.6,,2026-09-12T12:00:00Z,forecast,synthetic,moderate,,,,,,,,,10.3,,,,,,,,,,,,,,,,,,,,SW,231,7.8,4.01
wind:ZONE_F:2026-09-12T18:00:00Z,wind,ZONE_F,ZONE_F off Mangalore,12.7,74.6,,2026-09-12T18:00:00Z,forecast,synthetic,moderate,,,,,,,,,12.2,,,,,,,,,,,,,,,,,,,,SW,226,9.3,4.78
wind:ZONE_G:2026-09-11T00:00:00Z,wind,ZONE_G,ZONE_G off Mangalore,12.6,74.75,,2026-09-11T00:00:00Z,forecast,synthetic,high,,,,,,,,,26.7,,,,,,,,,,,,,,,,,,,,WSW,254,19.4,9.98
wind:ZONE_G:2026-09-11T06:00:00Z,wind,ZONE_G,ZONE_G off Mangalore,12.6,74.75,,2026-09-11T06:00:00Z,forecast,synthetic,high,,,,,,,,,21.6,,,,,,,,,,,,,,,,,,,,W,263,15.7,8.08
wind:ZONE_G:2026-09-11T12:00:00Z,wind,ZONE_G,ZONE_G off Mangalore,12.6,74.75,,2026-09-11T12:00:00Z,forecast,synthetic,high,,,,,,,,,18.6,,,,,,,,,,,,,,,,,,,,W,259,13.5,6.94
wind:ZONE_G:2026-09-11T18:00:00Z,wind,ZONE_G,ZONE_G off Mangalore,12.6,74.75,,2026-09-11T18:00:00Z,forecast,synthetic,high,,,,,,,,,27.4,,,,,,,,,,,,,,,,,,,,WSW,244,19.9,10.24
wind:ZONE_G:2026-09-12T00:00:00Z,wind,ZONE_G,ZONE_G off Mangalore,12.6,74.75,,2026-09-12T00:00:00Z,forecast,synthetic,moderate,,,,,,,,,26.4,,,,,,,,,,,,,,,,,,,,WSW,255,19.2,9.88
wind:ZONE_G:2026-09-12T06:00:00Z,wind,ZONE_G,ZONE_G off Mangalore,12.6,74.75,,2026-09-12T06:00:00Z,forecast,synthetic,moderate,,,,,,,,,19.8,,,,,,,,,,,,,,,,,,,,W,266,14.4,7.41
wind:ZONE_G:2026-09-12T12:00:00Z,wind,ZONE_G,ZONE_G off Mangalore,12.6,74.75,,2026-09-12T12:00:00Z,forecast,synthetic,moderate,,,,,,,,,18.0,,,,,,,,,,,,,,,,,,,,WSW,251,13.1,6.74
wind:ZONE_G:2026-09-12T18:00:00Z,wind,ZONE_G,ZONE_G off Mangalore,12.6,74.75,,2026-09-12T18:00:00Z,forecast,synthetic,moderate,,,,,,,,,25.6,,,,,,,,,,,,,,,,,,,,WSW,248,18.6,9.57
wind:ZONE_H:2026-09-11T00:00:00Z,wind,ZONE_H,ZONE_H off Mangalore,13.35,74.35,,2026-09-11T00:00:00Z,forecast,synthetic,high,,,,,,,,,34.9,,,,,,,,,,,,,,,,,,,,SW,235,27.0,13.89
wind:ZONE_H:2026-09-11T06:00:00Z,wind,ZONE_H,ZONE_H off Mangalore,13.35,74.35,,2026-09-11T06:00:00Z,forecast,synthetic,high,,,,,,,,,26.4,,,,,,,,,,,,,,,,,,,,WSW,246,20.4,10.49
wind:ZONE_H:2026-09-11T12:00:00Z,wind,ZONE_H,ZONE_H off Mangalore,13.35,74.35,,2026-09-11T12:00:00Z,forecast,synthetic,high,,,,,,,,,26.6,,,,,,,,,,,,,,,,,,,,SW,234,20.6,10.6
wind:ZONE_H:2026-09-11T18:00:00Z,wind,ZONE_H,ZONE_H off Mangalore,13.35,74.35,,2026-09-11T18:00:00Z,forecast,synthetic,high,,,,,,,,,34.3,,,,,,,,,,,,,,,,,,,,SW,223,26.5,13.63
wind:ZONE_H:2026-09-12T00:00:00Z,wind,ZONE_H,ZONE_H off Mangalore,13.35,74.35,,2026-09-12T00:00:00Z,forecast,synthetic,moderate,,,,,,,,,35.5,,,,,,,,,,,,,,,,,,,,WSW,240,27.5,14.15
wind:ZONE_H:2026-09-12T06:00:00Z,wind,ZONE_H,ZONE_H off Mangalore,13.35,74.35,,2026-09-12T06:00:00Z,forecast,synthetic,moderate,,,,,,,,,26.4,,,,,,,,,,,,,,,,,,,,WSW,242,20.4,10.49
wind:ZONE_H:2026-09-12T12:00:00Z,wind,ZONE_H,ZONE_H off Mangalore,13.35,74.35,,2026-09-12T12:00:00Z,forecast,synthetic,moderate,,,,,,,,,24.9,,,,,,,,,,,,,,,,,,,,SW,234,19.3,9.93
wind:ZONE_H:2026-09-12T18:00:00Z,wind,ZONE_H,ZONE_H off Mangalore,13.35,74.35,,2026-09-12T18:00:00Z,forecast,synthetic,moderate,,,,,,,,,37.0,,,,,,,,,,,,,,,,,,,,SW,233,28.6,14.71
wind:ZONE_I:2026-09-11T00:00:00Z,wind,ZONE_I,ZONE_I off Mangalore,12.85,74.4,,2026-09-11T00:00:00Z,forecast,synthetic,high,,,,,,,,,23.0,,,,,,,,,,,,,,,,,,,,SW,229,18.7,9.62
wind:ZONE_I:2026-09-11T06:00:00Z,wind,ZONE_I,ZONE_I off Mangalore,12.85,74.4,,2026-09-11T06:00:00Z,forecast,synthetic,high,,,,,,,,,17.5,,,,,,,,,,,,,,,,,,,,SW,235,14.2,7.31
wind:ZONE_I:2026-09-11T12:00:00Z,wind,ZONE_I,ZONE_I off Mangalore,12.85,74.4,,2026-09-11T12:00:00Z,forecast,synthetic,high,,,,,,,,,17.1,,,,,,,,,,,,,,,,,,,,SW,228,13.9,7.15
wind:ZONE_I:2026-09-11T18:00:00Z,wind,ZONE_I,ZONE_I off Mangalore,12.85,74.4,,2026-09-11T18:00:00Z,forecast,synthetic,high,,,,,,,,,22.8,,,,,,,,,,,,,,,,,,,,SW,224,18.5,9.52
wind:ZONE_I:2026-09-12T00:00:00Z,wind,ZONE_I,ZONE_I off Mangalore,12.85,74.4,,2026-09-12T00:00:00Z,forecast,synthetic,moderate,,,,,,,,,20.4,,,,,,,,,,,,,,,,,,,,SW,231,16.6,8.54
wind:ZONE_I:2026-09-12T06:00:00Z,wind,ZONE_I,ZONE_I off Mangalore,12.85,74.4,,2026-09-12T06:00:00Z,forecast,synthetic,moderate,,,,,,,,,17.6,,,,,,,,,,,,,,,,,,,,SW,236,14.3,7.36
wind:ZONE_I:2026-09-12T12:00:00Z,wind,ZONE_I,ZONE_I off Mangalore,12.85,74.4,,2026-09-12T12:00:00Z,forecast,synthetic,moderate,,,,,,,,,16.6,,,,,,,,,,,,,,,,,,,,SW,234,13.5,6.94
wind:ZONE_I:2026-09-12T18:00:00Z,wind,ZONE_I,ZONE_I off Mangalore,12.85,74.4,,2026-09-12T18:00:00Z,forecast,synthetic,moderate,,,,,,,,,22.4,,,,,,,,,,,,,,,,,,,,SW,215,18.2,9.36
wind:ZONE_J:2026-09-11T00:00:00Z,wind,ZONE_J,ZONE_J off Mangalore,12.95,74.62,,2026-09-11T00:00:00Z,forecast,synthetic,high,,,,,,,,,13.2,,,,,,,,,,,,,,,,,,,,W,263,10.7,5.5
wind:ZONE_J:2026-09-11T06:00:00Z,wind,ZONE_J,ZONE_J off Mangalore,12.95,74.62,,2026-09-11T06:00:00Z,forecast,synthetic,high,,,,,,,,,9.3,,,,,,,,,,,,,,,,,,,,W,267,7.5,3.86
wind:ZONE_J:2026-09-11T12:00:00Z,wind,ZONE_J,ZONE_J off Mangalore,12.95,74.62,,2026-09-11T12:00:00Z,forecast,synthetic,high,,,,,,,,,10.0,,,,,,,,,,,,,,,,,,,,W,262,8.1,4.17
wind:ZONE_J:2026-09-11T18:00:00Z,wind,ZONE_J,ZONE_J off Mangalore,12.95,74.62,,2026-09-11T18:00:00Z,forecast,synthetic,high,,,,,,,,,13.0,,,,,,,,,,,,,,,,,,,,WSW,252,10.5,5.4
wind:ZONE_J:2026-09-12T00:00:00Z,wind,ZONE_J,ZONE_J off Mangalore,12.95,74.62,,2026-09-12T00:00:00Z,forecast,synthetic,moderate,,,,,,,,,12.0,,,,,,,,,,,,,,,,,,,,W,265,9.7,4.99
wind:ZONE_J:2026-09-12T06:00:00Z,wind,ZONE_J,ZONE_J off Mangalore,12.95,74.62,,2026-09-12T06:00:00Z,forecast,synthetic,moderate,,,,,,,,,9.1,,,,,,,,,,,,,,,,,,,,W,273,7.4,3.81
wind:ZONE_J:2026-09-12T12:00:00Z,wind,ZONE_J,ZONE_J off Mangalore,12.95,74.62,,2026-09-12T12:00:00Z,forecast,synthetic,moderate,,,,,,,,,9.6,,,,,,,,,,,,,,,,,,,,W,268,7.8,4.01
wind:ZONE_J:2026-09-12T18:00:00Z,wind,ZONE_J,ZONE_J off Mangalore,12.95,74.62,,2026-09-12T18:00:00Z,forecast,synthetic,moderate,,,,,,,,,12.5,,,,,,,,,,,,,,,,,,,,WSW,255,10.1,5.2
wind:ZONE_K:2026-09-11T00:00:00Z,wind,ZONE_K,ZONE_K off Mangalore,13.1,74.25,,2026-09-11T00:00:00Z,forecast,synthetic,high,,,,,,,,,24.7,,,,,,,,,,,,,,,,,,,,WSW,240,19.9,10.24
wind:ZONE_K:2026-09-11T06:00:00Z,wind,ZONE_K,ZONE_K off Mangalore,13.1,74.25,,2026-09-11T06:00:00Z,forecast,synthetic,high,,,,,,,,,18.0,,,,,,,,,,,,,,,,,,,,WSW,247,14.5,7.46
wind:ZONE_K:2026-09-11T12:00:00Z,wind,ZONE_K,ZONE_K off Mangalore,13.1,74.25,,2026-09-11T12:00:00Z,forecast,synthetic,high,,,,,,,,,19.0,,,,,,,,,,,,,,,,,,,,WSW,238,15.3,7.87
wind:ZONE_K:2026-09-11T18:00:00Z,wind,ZONE_K,ZONE_K off Mangalore,13.1,74.25,,2026-09-11T18:00:00Z,forecast,synthetic,high,,,,,,,,,25.8,,,,,,,,,,,,,,,,,,,,SW,233,20.8,10.7
wind:ZONE_K:2026-09-12T00:00:00Z,wind,ZONE_K,ZONE_K off Mangalore,13.1,74.25,,2026-09-12T00:00:00Z,forecast,synthetic,moderate,,,,,,,,,23.8,,,,,,,,,,,,,,,,,,,,WSW,240,19.2,9.88
wind:ZONE_K:2026-09-12T06:00:00Z,wind,ZONE_K,ZONE_K off Mangalore,13.1,74.25,,2026-09-12T06:00:00Z,forecast,synthetic,moderate,,,,,,,,,17.9,,,,,,,,,,,,,,,,,,,,WSW,247,14.4,7.41
wind:ZONE_K:2026-09-12T12:00:00Z,wind,ZONE_K,ZONE_K off Mangalore,13.1,74.25,,2026-09-12T12:00:00Z,forecast,synthetic,moderate,,,,,,,,,17.9,,,,,,,,,,,,,,,,,,,,SW,236,14.4,7.41
wind:ZONE_K:2026-09-12T18:00:00Z,wind,ZONE_K,ZONE_K off Mangalore,13.1,74.25,,2026-09-12T18:00:00Z,forecast,synthetic,moderate,,,,,,,,,23.8,,,,,,,,,,,,,,,,,,,,SW,235,19.2,9.88
wind:ZONE_L:2026-09-11T00:00:00Z,wind,ZONE_L,ZONE_L off Mangalore,12.55,74.45,,2026-09-11T00:00:00Z,forecast,synthetic,high,,,,,,,,,15.8,,,,,,,,,,,,,,,,,,,,W,264,12.3,6.33
wind:ZONE_L:2026-09-11T06:00:00Z,wind,ZONE_L,ZONE_L off Mangalore,12.55,74.45,,2026-09-11T06:00:00Z,forecast,synthetic,high,,,,,,,,,12.7,,,,,,,,,,,,,,,,,,,,W,270,9.9,5.09
wind:ZONE_L:2026-09-11T12:00:00Z,wind,ZONE_L,ZONE_L off Mangalore,12.55,74.45,,2026-09-11T12:00:00Z,forecast,synthetic,high,,,,,,,,,12.8,,,,,,,,,,,,,,,,,,,,W,266,10.0,5.14
wind:ZONE_L:2026-09-11T18:00:00Z,wind,ZONE_L,ZONE_L off Mangalore,12.55,74.45,,2026-09-11T18:00:00Z,forecast,synthetic,high,,,,,,,,,15.5,,,,,,,,,,,,,,,,,,,,WSW,256,12.1,6.22
wind:ZONE_L:2026-09-12T00:00:00Z,wind,ZONE_L,ZONE_L off Mangalore,12.55,74.45,,2026-09-12T00:00:00Z,forecast,synthetic,moderate,,,,,,,,,17.7,,,,,,,,,,,,,,,,,,,,W,264,13.8,7.1
wind:ZONE_L:2026-09-12T06:00:00Z,wind,ZONE_L,ZONE_L off Mangalore,12.55,74.45,,2026-09-12T06:00:00Z,forecast,synthetic,moderate,,,,,,,,,13.4,,,,,,,,,,,,,,,,,,,,W,277,10.4,5.35
wind:ZONE_L:2026-09-12T12:00:00Z,wind,ZONE_L,ZONE_L off Mangalore,12.55,74.45,,2026-09-12T12:00:00Z,forecast,synthetic,moderate,,,,,,,,,10.3,,,,,,,,,,,,,,,,,,,,W,264,8.0,4.12
wind:ZONE_L:2026-09-12T18:00:00Z,wind,ZONE_L,ZONE_L off Mangalore,12.55,74.45,,2026-09-12T18:00:00Z,forecast,synthetic,moderate,,,,,,,,,15.3,,,,,,,,,,,,,,,,,,,,WSW,255,11.9,6.12
wave:ZONE_A:2026-09-11T00:00:00Z,wave,ZONE_A,ZONE_A off Mangalore,12.95,74.8,,2026-09-11T00:00:00Z,forecast,synthetic,high,,,,,,,,,,,,,,,,2.4,,,,,,,,,,,245,8.0,,,,
wave:ZONE_A:2026-09-11T06:00:00Z,wave,ZONE_A,ZONE_A off Mangalore,12.95,74.8,,2026-09-11T06:00:00Z,forecast,synthetic,high,,,,,,,,,,,,,,,,2.3,,,,,,,,,,,247,8.0,,,,
wave:ZONE_A:2026-09-11T12:00:00Z,wave,ZONE_A,ZONE_A off Mangalore,12.95,74.8,,2026-09-11T12:00:00Z,forecast,synthetic,high,,,,,,,,,,,,,,,,2.41,,,,,,,,,,,250,8.4,,,,
wave:ZONE_A:2026-09-11T18:00:00Z,wave,ZONE_A,ZONE_A off Mangalore,12.95,74.8,,2026-09-11T18:00:00Z,forecast,synthetic,high,,,,,,,,,,,,,,,,2.6,,,,,,,,,,,244,7.4,,,,
wave:ZONE_A:2026-09-12T00:00:00Z,wave,ZONE_A,ZONE_A off Mangalore,12.95,74.8,,2026-09-12T00:00:00Z,forecast,synthetic,moderate,,,,,,,,,,,,,,,,2.51,,,,,,,,,,,245,8.0,,,,
wave:ZONE_A:2026-09-12T06:00:00Z,wave,ZONE_A,ZONE_A off Mangalore,12.95,74.8,,2026-09-12T06:00:00Z,forecast,synthetic,degraded,wave_period_s,,,,,,,,,,,,,,,2.26,,,,,,,,,,,240,,,,,
wave:ZONE_A:2026-09-12T12:00:00Z,wave,ZONE_A,ZONE_A off Mangalore,12.95,74.8,,2026-09-12T12:00:00Z,forecast,synthetic,moderate,,,,,,,,,,,,,,,,2.43,,,,,,,,,,,243,8.0,,,,
wave:ZONE_A:2026-09-12T18:00:00Z,wave,ZONE_A,ZONE_A off Mangalore,12.95,74.8,,2026-09-12T18:00:00Z,forecast,synthetic,moderate,,,,,,,,,,,,,,,,2.58,,,,,,,,,,,243,7.5,,,,
wave:ZONE_B:2026-09-11T00:00:00Z,wave,ZONE_B,ZONE_B off Mangalore,12.9,74.95,,2026-09-11T00:00:00Z,forecast,synthetic,high,,,,,,,,,,,,,,,,1.1,,,,,,,,,,,235,6.5,,,,
wave:ZONE_B:2026-09-11T06:00:00Z,wave,ZONE_B,ZONE_B off Mangalore,12.9,74.95,,2026-09-11T06:00:00Z,forecast,synthetic,high,,,,,,,,,,,,,,,,1.0,,,,,,,,,,,240,6.0,,,,
wave:ZONE_B:2026-09-11T12:00:00Z,wave,ZONE_B,ZONE_B off Mangalore,12.9,74.95,,2026-09-11T12:00:00Z,forecast,synthetic,high,,,,,,,,,,,,,,,,1.07,,,,,,,,,,,239,6.4,,,,
wave:ZONE_B:2026-09-11T18:00:00Z,wave,ZONE_B,ZONE_B off Mangalore,12.9,74.95,,2026-09-11T18:00:00Z,forecast,synthetic,high,,,,,,,,,,,,,,,,1.21,,,,,,,,,,,235,6.7,,,,
wave:ZONE_B:2026-09-12T00:00:00Z,wave,ZONE_B,ZONE_B off Mangalore,12.9,74.95,,2026-09-12T00:00:00Z,forecast,synthetic,moderate,,,,,,,,,,,,,,,,1.09,,,,,,,,,,,234,6.4,,,,
wave:ZONE_B:2026-09-12T06:00:00Z,wave,ZONE_B,ZONE_B off Mangalore,12.9,74.95,,2026-09-12T06:00:00Z,forecast,synthetic,moderate,,,,,,,,,,,,,,,,1.0,,,,,,,,,,,233,6.8,,,,
wave:ZONE_B:2026-09-12T12:00:00Z,wave,ZONE_B,ZONE_B off Mangalore,12.9,74.95,,2026-09-12T12:00:00Z,forecast,synthetic,moderate,,,,,,,,,,,,,,,,1.14,,,,,,,,,,,233,6.6,,,,
wave:ZONE_B:2026-09-12T18:00:00Z,wave,ZONE_B,ZONE_B off Mangalore,12.9,74.95,,2026-09-12T18:00:00Z,forecast,synthetic,moderate,,,,,,,,,,,,,,,,1.2,,,,,,,,,,,227,6.9,,,,
wave:ZONE_C:2026-09-11T00:00:00Z,wave,ZONE_C,ZONE_C off Mangalore,12.82,75.05,,2026-09-11T00:00:00Z,forecast,synthetic,high,,,,,,,,,,,,,,,,1.0,,,,,,,,,,,225,6.0,,,,
wave:ZONE_C:2026-09-11T06:00:00Z,wave,ZONE_C,ZONE_C off Mangalore,12.82,75.05,,2026-09-11T06:00:00Z,forecast,synthetic,high,,,,,,,,,,,,,,,,0.92,,,,,,,,,,,225,6.1,,,,
wave:ZONE_C:2026-09-11T12:00:00Z,wave,ZONE_C,ZONE_C off Mangalore,12.82,75.05,,2026-09-11T12:00:00Z,forecast,synthetic,high,,,,,,,,,,,,,,,,0.98,,,,,,,,,,,231,5.8,,,,
wave:ZONE_C:2026-09-11T18:00:00Z,wave,ZONE_C,ZONE_C off Mangalore,12.82,75.05,,2026-09-11T18:00:00Z,forecast,synthetic,high,,,,,,,,,,,,,,,,1.08,,,,,,,,,,,224,5.9,,,,
wave:ZONE_C:2026-09-12T00:00:00Z,wave,ZONE_C,ZONE_C off Mangalore,12.82,75.05,,2026-09-12T00:00:00Z,forecast,synthetic,moderate,,,,,,,,,,,,,,,,1.0,,,,,,,,,,,224,5.5,,,,
wave:ZONE_C:2026-09-12T06:00:00Z,wave,ZONE_C,ZONE_C off Mangalore,12.82,75.05,,2026-09-12T06:00:00Z,forecast,synthetic,moderate,,,,,,,,,,,,,,,,0.87,,,,,,,,,,,224,6.1,,,,
wave:ZONE_C:2026-09-12T12:00:00Z,wave,ZONE_C,ZONE_C off Mangalore,12.82,75.05,,2026-09-12T12:00:00Z,forecast,synthetic,moderate,,,,,,,,,,,,,,,,1.06,,,,,,,,,,,231,6.3,,,,
wave:ZONE_C:2026-09-12T18:00:00Z,wave,ZONE_C,ZONE_C off Mangalore,12.82,75.05,,2026-09-12T18:00:00Z,forecast,synthetic,moderate,,,,,,,,,,,,,,,,0.98,,,,,,,,,,,222,5.9,,,,
wave:ZONE_D:2026-09-11T00:00:00Z,wave,ZONE_D,ZONE_D off Mangalore,13.05,74.55,,2026-09-11T00:00:00Z,forecast,synthetic,high,,,,,,,,,,,,,,,,1.39,,,,,,,,,,,231,6.8,,,,
wave:ZONE_D:2026-09-11T06:00:00Z,wave,ZONE_D,ZONE_D off Mangalore,13.05,74.55,,2026-09-11T06:00:00Z,forecast,synthetic,high,,,,,,,,,,,,,,,,1.29,,,,,,,,,,,225,6.7,,,,
wave:ZONE_D:2026-09-11T12:00:00Z,wave,ZONE_D,ZONE_D off Mangalore,13.05,74.55,,2026-09-11T12:00:00Z,forecast,synthetic,high,,,,,,,,,,,,,,,,1.3,,,,,,,,,,,233,7.1,,,,
wave:ZONE_D:2026-09-11T18:00:00Z,wave,ZONE_D,ZONE_D off Mangalore,13.05,74.55,,2026-09-11T18:00:00Z,forecast,synthetic,high,,,,,,,,,,,,,,,,1.54,,,,,,,,,,,230,6.6,,,,
wave:ZONE_D:2026-09-12T00:00:00Z,wave,ZONE_D,ZONE_D off Mangalore,13.05,74.55,,2026-09-12T00:00:00Z,forecast,synthetic,moderate,,,,,,,,,,,,,,,,1.42,,,,,,,,,,,231,6.7,,,,
wave:ZONE_D:2026-09-12T06:00:00Z,wave,ZONE_D,ZONE_D off Mangalore,13.05,74.55,,2026-09-12T06:00:00Z,forecast,synthetic,degraded,wave_period_s,,,,,,,,,,,,,,,1.27,,,,,,,,,,,232,,,,,
wave:ZONE_D:2026-09-12T12:00:00Z,wave,ZONE_D,ZONE_D off Mangalore,13.05,74.55,,2026-09-12T12:00:00Z,forecast,synthetic,moderate,,,,,,,,,,,,,,,,1.35,,,,,,,,,,,235,7.1,,,,
wave:ZONE_D:2026-09-12T18:00:00Z,wave,ZONE_D,ZONE_D off Mangalore,13.05,74.55,,2026-09-12T18:00:00Z,forecast,synthetic,moderate,,,,,,,,,,,,,,,,1.46,,,,,,,,,,,233,6.8,,,,
wave:ZONE_E:2026-09-11T00:00:00Z,wave,ZONE_E,ZONE_E off Mangalore,13.2,74.45,,2026-09-11T00:00:00Z,forecast,synthetic,high,,,,,,,,,,,,,,,,2.1,,,,,,,,,,,224,7.8,,,,
wave:ZONE_E:2026-09-11T06:00:00Z,wave,ZONE_E,ZONE_E off Mangalore,13.2,74.45,,2026-09-11T06:00:00Z,forecast,synthetic,high,,,,,,,,,,,,,,,,1.83,,,,,,,,,,,227,7.6,,,,
wave:ZONE_E:2026-09-11T12:00:00Z,wave,ZONE_E,ZONE_E off Mangalore,13.2,74.45,,2026-09-11T12:00:00Z,forecast,synthetic,high,,,,,,,,,,,,,,,,2.12,,,,,,,,,,,222,8.2,,,,
wave:ZONE_E:2026-09-11T18:00:00Z,wave,ZONE_E,ZONE_E off Mangalore,13.2,74.45,,2026-09-11T18:00:00Z,forecast,synthetic,high,,,,,,,,,,,,,,,,2.3,,,,,,,,,,,232,7.9,,,,
wave:ZONE_E:2026-09-12T00:00:00Z,wave,ZONE_E,ZONE_E off Mangalore,13.2,74.45,,2026-09-12T00:00:00Z,forecast,synthetic,moderate,,,,,,,,,,,,,,,,2.19,,,,,,,,,,,228,7.9,,,,
wave:ZONE_E:2026-09-12T06:00:00Z,wave,ZONE_E,ZONE_E off Mangalore,13.2,74.45,,2026-09-12T06:00:00Z,forecast,synthetic,moderate,,,,,,,,,,,,,,,,1.88,,,,,,,,,,,217,8.0,,,,
wave:ZONE_E:2026-09-12T12:00:00Z,wave,ZONE_E,ZONE_E off Mangalore,13.2,74.45,,2026-09-12T12:00:00Z,forecast,synthetic,moderate,,,,,,,,,,,,,,,,2.02,,,,,,,,,,,220,7.6,,,,
wave:ZONE_E:2026-09-12T18:00:00Z,wave,ZONE_E,ZONE_E off Mangalore,13.2,74.45,,2026-09-12T18:00:00Z,forecast,synthetic,moderate,,,,,,,,,,,,,,,,2.29,,,,,,,,,,,223,7.7,,,,
wave:ZONE_F:2026-09-11T00:00:00Z,wave,ZONE_F,ZONE_F off Mangalore,12.7,74.6,,2026-09-11T00:00:00Z,forecast,synthetic,high,,,,,,,,,,,,,,,,0.93,,,,,,,,,,,226,7.1,,,,
wave:ZONE_F:2026-09-11T06:00:00Z,wave,ZONE_F,ZONE_F off Mangalore,12.7,74.6,,2026-09-11T06:00:00Z,forecast,synthetic,high,,,,,,,,,,,,,,,,0.83,,,,,,,,,,,224,7.1,,,,
wave:ZONE_F:2026-09-11T12:00:00Z,wave,ZONE_F,ZONE_F off Mangalore,12.7,74.6,,2026-09-11T12:00:00Z,forecast,synthetic,high,,,,,,,,,,,,,,,,0.99,,,,,,,,,,,226,7.4,,,,
wave:ZONE_F:2026-09-11T18:00:00Z,wave,ZONE_F,ZONE_F off Mangalore,12.7,74.6,,2026-09-11T18:00:00Z,forecast,synthetic,high,,,,,,,,,,,,,,,,0.97,,,,,,,,,,,229,7.2,,,,
wave:ZONE_F:2026-09-12T00:00:00Z,wave,ZONE_F,ZONE_F off Mangalore,12.7,74.6,,2026-09-12T00:00:00Z,forecast,synthetic,moderate,,,,,,,,,,,,,,,,0.9,,,,,,,,,,,224,7.2,,,,
wave:ZONE_F:2026-09-12T06:00:00Z,wave,ZONE_F,ZONE_F off Mangalore,12.7,74.6,,2026-09-12T06:00:00Z,forecast,synthetic,moderate,,,,,,,,,,,,,,,,0.79,,,,,,,,,,,225,7.3,,,,
wave:ZONE_F:2026-09-12T12:00:00Z,wave,ZONE_F,ZONE_F off Mangalore,12.7,74.6,,2026-09-12T12:00:00Z,forecast,synthetic,moderate,,,,,,,,,,,,,,,,0.97,,,,,,,,,,,228,7.3,,,,
wave:ZONE_F:2026-09-12T18:00:00Z,wave,ZONE_F,ZONE_F off Mangalore,12.7,74.6,,2026-09-12T18:00:00Z,forecast,synthetic,moderate,,,,,,,,,,,,,,,,0.91,,,,,,,,,,,222,7.2,,,,
wave:ZONE_G:2026-09-11T00:00:00Z,wave,ZONE_G,ZONE_G off Mangalore,12.6,74.75,,2026-09-11T00:00:00Z,forecast,synthetic,high,,,,,,,,,,,,,,,,2.19,,,,,,,,,,,246,7.4,,,,
wave:ZONE_G:2026-09-11T06:00:00Z,wave,ZONE_G,ZONE_G off Mangalore,12.6,74.75,,2026-09-11T06:00:00Z,forecast,synthetic,high,,,,,,,,,,,,,,,,2.06,,,,,,,,,,,249,7.2,,,,
wave:ZONE_G:2026-09-11T12:00:00Z,wave,ZONE_G,ZONE_G off Mangalore,12.6,74.75,,2026-09-11T12:00:00Z,forecast,synthetic,high,,,,,,,,,,,,,,,,2.24,,,,,,,,,,,254,7.3,,,,
wave:ZONE_G:2026-09-11T18:00:00Z,wave,ZONE_G,ZONE_G off Mangalore,12.6,74.75,,2026-09-11T18:00:00Z,forecast,synthetic,high,,,,,,,,,,,,,,,,2.37,,,,,,,,,,,251,7.6,,,,
wave:ZONE_G:2026-09-12T00:00:00Z,wave,ZONE_G,ZONE_G off Mangalore,12.6,74.75,,2026-09-12T00:00:00Z,forecast,synthetic,moderate,,,,,,,,,,,,,,,,2.12,,,,,,,,,,,249,7.4,,,,
wave:ZONE_G:2026-09-12T06:00:00Z,wave,ZONE_G,ZONE_G off Mangalore,12.6,74.75,,2026-09-12T06:00:00Z,forecast,synthetic,moderate,,,,,,,,,,,,,,,,2.01,,,,,,,,,,,249,7.5,,,,
wave:ZONE_G:2026-09-12T12:00:00Z,wave,ZONE_G,ZONE_G off Mangalore,12.6,74.75,,2026-09-12T12:00:00Z,forecast,synthetic,moderate,,,,,,,,,,,,,,,,2.18,,,,,,,,,,,242,7.1,,,,
wave:ZONE_G:2026-09-12T18:00:00Z,wave,ZONE_G,ZONE_G off Mangalore,12.6,74.75,,2026-09-12T18:00:00Z,forecast,synthetic,moderate,,,,,,,,,,,,,,,,2.38,,,,,,,,,,,252,7.6,,,,
wave:ZONE_H:2026-09-11T00:00:00Z,wave,ZONE_H,ZONE_H off Mangalore,13.35,74.35,,2026-09-11T00:00:00Z,forecast,synthetic,high,,,,,,,,,,,,,,,,3.3,,,,,,,,,,,227,8.3,,,,
wave:ZONE_H:2026-09-11T06:00:00Z,wave,ZONE_H,ZONE_H off Mangalore,13.35,74.35,,2026-09-11T06:00:00Z,forecast,synthetic,high,,,,,,,,,,,,,,,,3.06,,,,,,,,,,,226,8.6,,,,
wave:ZONE_H:2026-09-11T12:00:00Z,wave,ZONE_H,ZONE_H off Mangalore,13.35,74.35,,2026-09-11T12:00:00Z,forecast,synthetic,high,,,,,,,,,,,,,,,,3.19,,,,,,,,,,,229,8.5,,,,
wave:ZONE_H:2026-09-11T18:00:00Z,wave,ZONE_H,ZONE_H off Mangalore,13.35,74.35,,2026-09-11T18:00:00Z,forecast,synthetic,high,,,,,,,,,,,,,,,,3.58,,,,,,,,,,,226,8.1,,,,
wave:ZONE_H:2026-09-12T00:00:00Z,wave,ZONE_H,ZONE_H off Mangalore,13.35,74.35,,2026-09-12T00:00:00Z,forecast,synthetic,moderate,,,,,,,,,,,,,,,,3.36,,,,,,,,,,,224,7.7,,,,
wave:ZONE_H:2026-09-12T06:00:00Z,wave,ZONE_H,ZONE_H off Mangalore,13.35,74.35,,2026-09-12T06:00:00Z,forecast,synthetic,moderate,,,,,,,,,,,,,,,,3.05,,,,,,,,,,,227,7.9,,,,
wave:ZONE_H:2026-09-12T12:00:00Z,wave,ZONE_H,ZONE_H off Mangalore,13.35,74.35,,2026-09-12T12:00:00Z,forecast,synthetic,moderate,,,,,,,,,,,,,,,,3.24,,,,,,,,,,,225,8.2,,,,
wave:ZONE_H:2026-09-12T18:00:00Z,wave,ZONE_H,ZONE_H off Mangalore,13.35,74.35,,2026-09-12T18:00:00Z,forecast,synthetic,moderate,,,,,,,,,,,,,,,,3.62,,,,,,,,,,,222,8.5,,,,
wave:ZONE_I:2026-09-11T00:00:00Z,wave,ZONE_I,ZONE_I off Mangalore,12.85,74.4,,2026-09-11T00:00:00Z,forecast,synthetic,high,,,,,,,,,,,,,,,,1.8,,,,,,,,,,,221,7.2,,,,
wave:ZONE_I:2026-09-11T06:00:00Z,wave,ZONE_I,ZONE_I off Mangalore,12.85,74.4,,2026-09-11T06:00:00Z,forecast,synthetic,high,,,,,,,,,,,,,,,,1.65,,,,,,,,,,,226,7.1,,,,
wave:ZONE_I:2026-09-11T12:00:00Z,wave,ZONE_I,ZONE_I off Mangalore,12.85,74.4,,2026-09-11T12:00:00Z,forecast,synthetic,high,,,,,,,,,,,,,,,,1.78,,,,,,,,,,,224,6.9,,,,
wave:ZONE_I:2026-09-11T18:00:00Z,wave,ZONE_I,ZONE_I off Mangalore,12.85,74.4,,2026-09-11T18:00:00Z,forecast,synthetic,high,,,,,,,,,,,,,,,,1.95,,,,,,,,,,,224,7.0,,,,
wave:ZONE_I:2026-09-12T00:00:00Z,wave,ZONE_I,ZONE_I off Mangalore,12.85,74.4,,2026-09-12T00:00:00Z,forecast,synthetic,moderate,,,,,,,,,,,,,,,,1.82,,,,,,,,,,,222,7.0,,,,
wave:ZONE_I:2026-09-12T06:00:00Z,wave,ZONE_I,ZONE_I off Mangalore,12.85,74.4,,2026-09-12T06:00:00Z,forecast,synthetic,moderate,,,,,,,,,,,,,,,,1.69,,,,,,,,,,,219,7.2,,,,
wave:ZONE_I:2026-09-12T12:00:00Z,wave,ZONE_I,ZONE_I off Mangalore,12.85,74.4,,2026-09-12T12:00:00Z,forecast,synthetic,moderate,,,,,,,,,,,,,,,,1.88,,,,,,,,,,,222,7.0,,,,
wave:ZONE_I:2026-09-12T18:00:00Z,wave,ZONE_I,ZONE_I off Mangalore,12.85,74.4,,2026-09-12T18:00:00Z,forecast,synthetic,moderate,,,,,,,,,,,,,,,,1.99,,,,,,,,,,,220,6.5,,,,
wave:ZONE_J:2026-09-11T00:00:00Z,wave,ZONE_J,ZONE_J off Mangalore,12.95,74.62,,2026-09-11T00:00:00Z,forecast,synthetic,high,,,,,,,,,,,,,,,,1.45,,,,,,,,,,,257,7.0,,,,
wave:ZONE_J:2026-09-11T06:00:00Z,wave,ZONE_J,ZONE_J off Mangalore,12.95,74.62,,2026-09-11T06:00:00Z,forecast,synthetic,high,,,,,,,,,,,,,,,,1.37,,,,,,,,,,,256,7.3,,,,
wave:ZONE_J:2026-09-11T12:00:00Z,wave,ZONE_J,ZONE_J off Mangalore,12.95,74.62,,2026-09-11T12:00:00Z,forecast,synthetic,high,,,,,,,,,,,,,,,,1.35,,,,,,,,,,,255,7.1,,,,
wave:ZONE_J:2026-09-11T18:00:00Z,wave,ZONE_J,ZONE_J off Mangalore,12.95,74.62,,2026-09-11T18:00:00Z,forecast,synthetic,high,,,,,,,,,,,,,,,,1.53,,,,,,,,,,,256,7.0,,,,
wave:ZONE_J:2026-09-12T00:00:00Z,wave,ZONE_J,ZONE_J off Mangalore,12.95,74.62,,2026-09-12T00:00:00Z,forecast,synthetic,moderate,,,,,,,,,,,,,,,,1.49,,,,,,,,,,,252,7.1,,,,
wave:ZONE_J:2026-09-12T06:00:00Z,wave,ZONE_J,ZONE_J off Mangalore,12.95,74.62,,2026-09-12T06:00:00Z,forecast,synthetic,moderate,,,,,,,,,,,,,,,,1.38,,,,,,,,,,,253,6.9,,,,
wave:ZONE_J:2026-09-12T12:00:00Z,wave,ZONE_J,ZONE_J off Mangalore,12.95,74.62,,2026-09-12T12:00:00Z,forecast,synthetic,moderate,,,,,,,,,,,,,,,,1.47,,,,,,,,,,,259,7.0,,,,
wave:ZONE_J:2026-09-12T18:00:00Z,wave,ZONE_J,ZONE_J off Mangalore,12.95,74.62,,2026-09-12T18:00:00Z,forecast,synthetic,moderate,,,,,,,,,,,,,,,,1.61,,,,,,,,,,,256,6.6,,,,
wave:ZONE_K:2026-09-11T00:00:00Z,wave,ZONE_K,ZONE_K off Mangalore,13.1,74.25,,2026-09-11T00:00:00Z,forecast,synthetic,high,,,,,,,,,,,,,,,,1.8,,,,,,,,,,,232,8.2,,,,
wave:ZONE_K:2026-09-11T06:00:00Z,wave,ZONE_K,ZONE_K off Mangalore,13.1,74.25,,2026-09-11T06:00:00Z,forecast,synthetic,high,,,,,,,,,,,,,,,,1.59,,,,,,,,,,,231,8.5,,,,
wave:ZONE_K:2026-09-11T12:00:00Z,wave,ZONE_K,ZONE_K off Mangalore,13.1,74.25,,2026-09-11T12:00:00Z,forecast,synthetic,high,,,,,,,,,,,,,,,,1.83,,,,,,,,,,,237,7.9,,,,
wave:ZONE_K:2026-09-11T18:00:00Z,wave,ZONE_K,ZONE_K off Mangalore,13.1,74.25,,2026-09-11T18:00:00Z,forecast,synthetic,high,,,,,,,,,,,,,,,,1.94,,,,,,,,,,,233,8.3,,,,
wave:ZONE_K:2026-09-12T00:00:00Z,wave,ZONE_K,ZONE_K off Mangalore,13.1,74.25,,2026-09-12T00:00:00Z,forecast,synthetic,moderate,,,,,,,,,,,,,,,,1.8,,,,,,,,,,,235,8.4,,,,
wave:ZONE_K:2026-09-12T06:00:00Z,wave,ZONE_K,ZONE_K off Mangalore,13.1,74.25,,2026-09-12T06:00:00Z,forecast,synthetic,moderate,,,,,,,,,,,,,,,,1.7,,,,,,,,,,,230,8.1,,,,
wave:ZONE_K:2026-09-12T12:00:00Z,wave,ZONE_K,ZONE_K off Mangalore,13.1,74.25,,2026-09-12T12:00:00Z,forecast,synthetic,degraded,wave_period_s,,,,,,,,,,,,,,,1.77,,,,,,,,,,,236,,,,,
wave:ZONE_K:2026-09-12T18:00:00Z,wave,ZONE_K,ZONE_K off Mangalore,13.1,74.25,,2026-09-12T18:00:00Z,forecast,synthetic,moderate,,,,,,,,,,,,,,,,1.94,,,,,,,,,,,234,7.8,,,,
wave:ZONE_L:2026-09-11T00:00:00Z,wave,ZONE_L,ZONE_L off Mangalore,12.55,74.45,,2026-09-11T00:00:00Z,forecast,synthetic,high,,,,,,,,,,,,,,,,1.08,,,,,,,,,,,259,6.8,,,,
wave:ZONE_L:2026-09-11T06:00:00Z,wave,ZONE_L,ZONE_L off Mangalore,12.55,74.45,,2026-09-11T06:00:00Z,forecast,synthetic,high,,,,,,,,,,,,,,,,1.0,,,,,,,,,,,256,6.8,,,,
wave:ZONE_L:2026-09-11T12:00:00Z,wave,ZONE_L,ZONE_L off Mangalore,12.55,74.45,,2026-09-11T12:00:00Z,forecast,synthetic,high,,,,,,,,,,,,,,,,1.08,,,,,,,,,,,259,7.2,,,,
wave:ZONE_L:2026-09-11T18:00:00Z,wave,ZONE_L,ZONE_L off Mangalore,12.55,74.45,,2026-09-11T18:00:00Z,forecast,synthetic,high,,,,,,,,,,,,,,,,1.23,,,,,,,,,,,250,6.5,,,,
wave:ZONE_L:2026-09-12T00:00:00Z,wave,ZONE_L,ZONE_L off Mangalore,12.55,74.45,,2026-09-12T00:00:00Z,forecast,synthetic,moderate,,,,,,,,,,,,,,,,0.97,,,,,,,,,,,257,6.4,,,,
wave:ZONE_L:2026-09-12T06:00:00Z,wave,ZONE_L,ZONE_L off Mangalore,12.55,74.45,,2026-09-12T06:00:00Z,forecast,synthetic,moderate,,,,,,,,,,,,,,,,0.95,,,,,,,,,,,264,6.6,,,,
wave:ZONE_L:2026-09-12T12:00:00Z,wave,ZONE_L,ZONE_L off Mangalore,12.55,74.45,,2026-09-12T12:00:00Z,forecast,synthetic,moderate,,,,,,,,,,,,,,,,1.09,,,,,,,,,,,260,6.9,,,,
wave:ZONE_L:2026-09-12T18:00:00Z,wave,ZONE_L,ZONE_L off Mangalore,12.55,74.45,,2026-09-12T18:00:00Z,forecast,synthetic,moderate,,,,,,,,,,,,,,,,1.11,,,,,,,,,,,258,7.4,,,,
swell:ZONE_A:2026-09-11T00:00:00Z,swell,ZONE_A,ZONE_A off Mangalore,12.95,74.8,,2026-09-11T00:00:00Z,forecast,synthetic,high,,,,,,,,,,,,,,,,,,,240,1.8,11.0,,,,,,,,,,,
swell:ZONE_A:2026-09-11T06:00:00Z,swell,ZONE_A,ZONE_A off Mangalore,12.95,74.8,,2026-09-11T06:00:00Z,forecast,synthetic,high,,,,,,,,,,,,,,,,,,,240,1.93,10.7,,,,,,,,,,,
swell:ZONE_A:2026-09-11T12:00:00Z,swell,ZONE_A,ZONE_A off Mangalore,12.95,74.8,,2026-09-11T12:00:00Z,forecast,synthetic,high,,,,,,,,,,,,,,,,,,,240,2.05,10.9,,,,,,,,,,,
swell:ZONE_A:2026-09-11T18:00:00Z,swell,ZONE_A,ZONE_A off Mangalore,12.95,74.8,,2026-09-11T18:00:00Z,forecast,synthetic,high,,,,,,,,,,,,,,,,,,,239,2.06,11.3,,,,,,,,,,,
swell:ZONE_A:2026-09-12T00:00:00Z,swell,ZONE_A,ZONE_A off Mangalore,12.95,74.8,,2026-09-12T00:00:00Z,forecast,synthetic,moderate,,,,,,,,,,,,,,,,,,,242,2.27,10.6,,,,,,,,,,,
swell:ZONE_A:2026-09-12T06:00:00Z,swell,ZONE_A,ZONE_A off Mangalore,12.95,74.8,,2026-09-12T06:00:00Z,forecast,synthetic,moderate,,,,,,,,,,,,,,,,,,,242,2.36,10.8,,,,,,,,,,,
swell:ZONE_A:2026-09-12T12:00:00Z,swell,ZONE_A,ZONE_A off Mangalore,12.95,74.8,,2026-09-12T12:00:00Z,forecast,synthetic,moderate,,,,,,,,,,,,,,,,,,,239,2.45,10.7,,,,,,,,,,,
swell:ZONE_A:2026-09-12T18:00:00Z,swell,ZONE_A,ZONE_A off Mangalore,12.95,74.8,,2026-09-12T18:00:00Z,forecast,synthetic,moderate,,,,,,,,,,,,,,,,,,,239,2.55,10.9,,,,,,,,,,,
swell:ZONE_B:2026-09-11T00:00:00Z,swell,ZONE_B,ZONE_B off Mangalore,12.9,74.95,,2026-09-11T00:00:00Z,forecast,synthetic,high,,,,,,,,,,,,,,,,,,,230,0.7,7.5,,,,,,,,,,,
swell:ZONE_B:2026-09-11T06:00:00Z,swell,ZONE_B,ZONE_B off Mangalore,12.9,74.95,,2026-09-11T06:00:00Z,forecast,synthetic,high,,,,,,,,,,,,,,,,,,,229,0.68,7.5,,,,,,,,,,,
swell:ZONE_B:2026-09-11T12:00:00Z,swell,ZONE_B,ZONE_B off Mangalore,12.9,74.95,,2026-09-11T12:00:00Z,forecast,synthetic,high,,,,,,,,,,,,,,,,,,,232,0.74,7.4,,,,,,,,,,,
swell:ZONE_B:2026-09-11T18:00:00Z,swell,ZONE_B,ZONE_B off Mangalore,12.9,74.95,,2026-09-11T18:00:00Z,forecast,synthetic,high,,,,,,,,,,,,,,,,,,,228,0.77,7.6,,,,,,,,,,,
swell:ZONE_B:2026-09-12T00:00:00Z,swell,ZONE_B,ZONE_B off Mangalore,12.9,74.95,,2026-09-12T00:00:00Z,forecast,synthetic,moderate,,,,,,,,,,,,,,,,,,,230,0.82,7.6,,,,,,,,,,,
swell:ZONE_B:2026-09-12T06:00:00Z,swell,ZONE_B,ZONE_B off Mangalore,12.9,74.95,,2026-09-12T06:00:00Z,forecast,synthetic,moderate,,,,,,,,,,,,,,,,,,,228,0.96,7.4,,,,,,,,,,,
swell:ZONE_B:2026-09-12T12:00:00Z,swell,ZONE_B,ZONE_B off Mangalore,12.9,74.95,,2026-09-12T12:00:00Z,forecast,synthetic,moderate,,,,,,,,,,,,,,,,,,,234,0.94,7.2,,,,,,,,,,,
swell:ZONE_B:2026-09-12T18:00:00Z,swell,ZONE_B,ZONE_B off Mangalore,12.9,74.95,,2026-09-12T18:00:00Z,forecast,synthetic,moderate,,,,,,,,,,,,,,,,,,,231,0.94,7.4,,,,,,,,,,,
swell:ZONE_C:2026-09-11T00:00:00Z,swell,ZONE_C,ZONE_C off Mangalore,12.82,75.05,,2026-09-11T00:00:00Z,forecast,synthetic,high,,,,,,,,,,,,,,,,,,,220,0.6,7.0,,,,,,,,,,,
swell:ZONE_C:2026-09-11T06:00:00Z,swell,ZONE_C,ZONE_C off Mangalore,12.82,75.05,,2026-09-11T06:00:00Z,forecast,synthetic,high,,,,,,,,,,,,,,,,,,,216,0.61,6.6,,,,,,,,,,,
swell:ZONE_C:2026-09-11T12:00:00Z,swell,ZONE_C,ZONE_C off Mangalore,12.82,75.05,,2026-09-11T12:00:00Z,forecast,synthetic,high,,,,,,,,,,,,,,,,,,,221,0.62,6.9,,,,,,,,,,,
swell:ZONE_C:2026-09-11T18:00:00Z,swell,ZONE_C,ZONE_C off Mangalore,12.82,75.05,,2026-09-11T18:00:00Z,forecast,synthetic,high,,,,,,,,,,,,,,,,,,,218,0.77,7.0,,,,,,,,,,,
swell:ZONE_C:2026-09-12T00:00:00Z,swell,ZONE_C,ZONE_C off Mangalore,12.82,75.05,,2026-09-12T00:00:00Z,forecast,synthetic,moderate,,,,,,,,,,,,,,,,,,,222,0.77,7.0,,,,,,,,,,,
swell:ZONE_C:2026-09-12T06:00:00Z,swell,ZONE_C,ZONE_C off Mangalore,12.82,75.05,,2026-09-12T06:00:00Z,forecast,synthetic,moderate,,,,,,,,,,,,,,,,,,,219,0.82,6.7,,,,,,,,,,,
swell:ZONE_C:2026-09-12T12:00:00Z,swell,ZONE_C,ZONE_C off Mangalore,12.82,75.05,,2026-09-12T12:00:00Z,forecast,synthetic,moderate,,,,,,,,,,,,,,,,,,,219,0.89,6.9,,,,,,,,,,,
swell:ZONE_C:2026-09-12T18:00:00Z,swell,ZONE_C,ZONE_C off Mangalore,12.82,75.05,,2026-09-12T18:00:00Z,forecast,synthetic,moderate,,,,,,,,,,,,,,,,,,,221,0.88,6.8,,,,,,,,,,,
swell:ZONE_D:2026-09-11T00:00:00Z,swell,ZONE_D,ZONE_D off Mangalore,13.05,74.55,,2026-09-11T00:00:00Z,forecast,synthetic,high,,,,,,,,,,,,,,,,,,,222,1.66,11.6,,,,,,,,,,,
swell:ZONE_D:2026-09-11T06:00:00Z,swell,ZONE_D,ZONE_D off Mangalore,13.05,74.55,,2026-09-11T06:00:00Z,forecast,synthetic,high,,,,,,,,,,,,,,,,,,,222,1.77,11.9,,,,,,,,,,,
swell:ZONE_D:2026-09-11T12:00:00Z,swell,ZONE_D,ZONE_D off Mangalore,13.05,74.55,,2026-09-11T12:00:00Z,forecast,synthetic,high,,,,,,,,,,,,,,,,,,,220,1.76,11.8,,,,,,,,,,,
swell:ZONE_D:2026-09-11T18:00:00Z,swell,ZONE_D,ZONE_D off Mangalore,13.05,74.55,,2026-09-11T18:00:00Z,forecast,synthetic,high,,,,,,,,,,,,,,,,,,,222,1.97,11.7,,,,,,,,,,,
swell:ZONE_D:2026-09-12T00:00:00Z,swell,ZONE_D,ZONE_D off Mangalore,13.05,74.55,,2026-09-12T00:00:00Z,forecast,synthetic,moderate,,,,,,,,,,,,,,,,,,,223,2.07,11.4,,,,,,,,,,,
swell:ZONE_D:2026-09-12T06:00:00Z,swell,ZONE_D,ZONE_D off Mangalore,13.05,74.55,,2026-09-12T06:00:00Z,forecast,synthetic,moderate,,,,,,,,,,,,,,,,,,,226,2.13,12.0,,,,,,,,,,,
swell:ZONE_D:2026-09-12T12:00:00Z,swell,ZONE_D,ZONE_D off Mangalore,13.05,74.55,,2026-09-12T12:00:00Z,forecast,synthetic,moderate,,,,,,,,,,,,,,,,,,,218,2.23,11.5,,,,,,,,,,,
swell:ZONE_D:2026-09-12T18:00:00Z,swell,ZONE_D,ZONE_D off Mangalore,13.05,74.55,,2026-09-12T18:00:00Z,forecast,synthetic,moderate,,,,,,,,,,,,,,,,,,,220,2.39,11.7,,,,,,,,,,,
swell:ZONE_E:2026-09-11T00:00:00Z,swell,ZONE_E,ZONE_E off Mangalore,13.2,74.45,,2026-09-11T00:00:00Z,forecast,synthetic,high,,,,,,,,,,,,,,,,,,,225,0.97,11.2,,,,,,,,,,,
swell:ZONE_E:2026-09-11T06:00:00Z,swell,ZONE_E,ZONE_E off Mangalore,13.2,74.45,,2026-09-11T06:00:00Z,forecast,synthetic,high,,,,,,,,,,,,,,,,,,,225,0.98,11.1,,,,,,,,,,,
swell:ZONE_E:2026-09-11T12:00:00Z,swell,ZONE_E,ZONE_E off Mangalore,13.2,74.45,,2026-09-11T12:00:00Z,forecast,synthetic,high,,,,,,,,,,,,,,,,,,,226,1.06,11.2,,,,,,,,,,,
swell:ZONE_E:2026-09-11T18:00:00Z,swell,ZONE_E,ZONE_E off Mangalore,13.2,74.45,,2026-09-11T18:00:00Z,forecast,synthetic,high,,,,,,,,,,,,,,,,,,,227,1.18,10.8,,,,,,,,,,,
swell:ZONE_E:2026-09-12T00:00:00Z,swell,ZONE_E,ZONE_E off Mangalore,13.2,74.45,,2026-09-12T00:00:00Z,forecast,synthetic,moderate,,,,,,,,,,,,,,,,,,,225,1.24,11.4,,,,,,,,,,,
swell:ZONE_E:2026-09-12T06:00:00Z,swell,ZONE_E,ZONE_E off Mangalore,13.2,74.45,,2026-09-12T06:00:00Z,forecast,synthetic,moderate,,,,,,,,,,,,,,,,,,,225,1.32,10.9,,,,,,,,,,,
swell:ZONE_E:2026-09-12T12:00:00Z,swell,ZONE_E,ZONE_E off Mangalore,13.2,74.45,,2026-09-12T12:00:00Z,forecast,synthetic,moderate,,,,,,,,,,,,,,,,,,,228,1.35,11.1,,,,,,,,,,,
swell:ZONE_E:2026-09-12T18:00:00Z,swell,ZONE_E,ZONE_E off Mangalore,13.2,74.45,,2026-09-12T18:00:00Z,forecast,synthetic,moderate,,,,,,,,,,,,,,,,,,,225,1.37,11.3,,,,,,,,,,,
swell:ZONE_F:2026-09-11T00:00:00Z,swell,ZONE_F,ZONE_F off Mangalore,12.7,74.6,,2026-09-11T00:00:00Z,forecast,synthetic,high,,,,,,,,,,,,,,,,,,,236,1.43,10.9,,,,,,,,,,,
swell:ZONE_F:2026-09-11T06:00:00Z,swell,ZONE_F,ZONE_F off Mangalore,12.7,74.6,,2026-09-11T06:00:00Z,forecast,synthetic,high,,,,,,,,,,,,,,,,,,,238,1.48,10.8,,,,,,,,,,,
swell:ZONE_F:2026-09-11T12:00:00Z,swell,ZONE_F,ZONE_F off Mangalore,12.7,74.6,,2026-09-11T12:00:00Z,forecast,synthetic,high,,,,,,,,,,,,,,,,,,,238,1.64,10.8,,,,,,,,,,,
swell:ZONE_F:2026-09-11T18:00:00Z,swell,ZONE_F,ZONE_F off Mangalore,12.7,74.6,,2026-09-11T18:00:00Z,forecast,synthetic,high,,,,,,,,,,,,,,,,,,,238,1.72,10.7,,,,,,,,,,,
swell:ZONE_F:2026-09-12T00:00:00Z,swell,ZONE_F,ZONE_F off Mangalore,12.7,74.6,,2026-09-12T00:00:00Z,forecast,synthetic,moderate,,,,,,,,,,,,,,,,,,,237,1.79,10.3,,,,,,,,,,,
swell:ZONE_F:2026-09-12T06:00:00Z,swell,ZONE_F,ZONE_F off Mangalore,12.7,74.6,,2026-09-12T06:00:00Z,forecast,synthetic,moderate,,,,,,,,,,,,,,,,,,,235,1.88,10.7,,,,,,,,,,,
swell:ZONE_F:2026-09-12T12:00:00Z,swell,ZONE_F,ZONE_F off Mangalore,12.7,74.6,,2026-09-12T12:00:00Z,forecast,synthetic,moderate,,,,,,,,,,,,,,,,,,,235,1.9,10.9,,,,,,,,,,,
swell:ZONE_F:2026-09-12T18:00:00Z,swell,ZONE_F,ZONE_F off Mangalore,12.7,74.6,,2026-09-12T18:00:00Z,forecast,synthetic,moderate,,,,,,,,,,,,,,,,,,,238,1.99,11.0,,,,,,,,,,,
swell:ZONE_G:2026-09-11T00:00:00Z,swell,ZONE_G,ZONE_G off Mangalore,12.6,74.75,,2026-09-11T00:00:00Z,forecast,synthetic,high,,,,,,,,,,,,,,,,,,,239,1.72,9.3,,,,,,,,,,,
swell:ZONE_G:2026-09-11T06:00:00Z,swell,ZONE_G,ZONE_G off Mangalore,12.6,74.75,,2026-09-11T06:00:00Z,forecast,synthetic,high,,,,,,,,,,,,,,,,,,,236,1.8,9.4,,,,,,,,,,,
swell:ZONE_G:2026-09-11T12:00:00Z,swell,ZONE_G,ZONE_G off Mangalore,12.6,74.75,,2026-09-11T12:00:00Z,forecast,synthetic,high,,,,,,,,,,,,,,,,,,,238,1.92,9.2,,,,,,,,,,,
swell:ZONE_G:2026-09-11T18:00:00Z,swell,ZONE_G,ZONE_G off Mangalore,12.6,74.75,,2026-09-11T18:00:00Z,forecast,synthetic,high,,,,,,,,,,,,,,,,,,,239,1.98,9.6,,,,,,,,,,,
swell:ZONE_G:2026-09-12T00:00:00Z,swell,ZONE_G,ZONE_G off Mangalore,12.6,74.75,,2026-09-12T00:00:00Z,forecast,synthetic,moderate,,,,,,,,,,,,,,,,,,,240,2.12,9.5,,,,,,,,,,,
swell:ZONE_G:2026-09-12T06:00:00Z,swell,ZONE_G,ZONE_G off Mangalore,12.6,74.75,,2026-09-12T06:00:00Z,forecast,synthetic,moderate,,,,,,,,,,,,,,,,,,,240,2.21,9.1,,,,,,,,,,,
swell:ZONE_G:2026-09-12T12:00:00Z,swell,ZONE_G,ZONE_G off Mangalore,12.6,74.75,,2026-09-12T12:00:00Z,forecast,synthetic,moderate,,,,,,,,,,,,,,,,,,,240,2.31,9.0,,,,,,,,,,,
swell:ZONE_G:2026-09-12T18:00:00Z,swell,ZONE_G,ZONE_G off Mangalore,12.6,74.75,,2026-09-12T18:00:00Z,forecast,synthetic,moderate,,,,,,,,,,,,,,,,,,,239,2.41,8.9,,,,,,,,,,,
swell:ZONE_H:2026-09-11T00:00:00Z,swell,ZONE_H,ZONE_H off Mangalore,13.35,74.35,,2026-09-11T00:00:00Z,forecast,synthetic,high,,,,,,,,,,,,,,,,,,,236,0.56,10.9,,,,,,,,,,,
swell:ZONE_H:2026-09-11T06:00:00Z,swell,ZONE_H,ZONE_H off Mangalore,13.35,74.35,,2026-09-11T06:00:00Z,forecast,synthetic,high,,,,,,,,,,,,,,,,,,,232,0.62,10.8,,,,,,,,,,,
swell:ZONE_H:2026-09-11T12:00:00Z,swell,ZONE_H,ZONE_H off Mangalore,13.35,74.35,,2026-09-11T12:00:00Z,forecast,synthetic,high,,,,,,,,,,,,,,,,,,,240,0.64,11.0,,,,,,,,,,,
swell:ZONE_H:2026-09-11T18:00:00Z,swell,ZONE_H,ZONE_H off Mangalore,13.35,74.35,,2026-09-11T18:00:00Z,forecast,synthetic,high,,,,,,,,,,,,,,,,,,,234,0.66,11.0,,,,,,,,,,,
swell:ZONE_H:2026-09-12T00:00:00Z,swell,ZONE_H,ZONE_H off Mangalore,13.35,74.35,,2026-09-12T00:00:00Z,forecast,synthetic,moderate,,,,,,,,,,,,,,,,,,,232,0.74,11.0,,,,,,,,,,,
swell:ZONE_H:2026-09-12T06:00:00Z,swell,ZONE_H,ZONE_H off Mangalore,13.35,74.35,,2026-09-12T06:00:00Z,forecast,synthetic,moderate,,,,,,,,,,,,,,,,,,,236,0.69,11.1,,,,,,,,,,,
swell:ZONE_H:2026-09-12T12:00:00Z,swell,ZONE_H,ZONE_H off Mangalore,13.35,74.35,,2026-09-12T12:00:00Z,forecast,synthetic,moderate,,,,,,,,,,,,,,,,,,,234,0.77,11.2,,,,,,,,,,,
swell:ZONE_H:2026-09-12T18:00:00Z,swell,ZONE_H,ZONE_H off Mangalore,13.35,74.35,,2026-09-12T18:00:00Z,forecast,synthetic,moderate,,,,,,,,,,,,,,,,,,,237,0.78,11.1,,,,,,,,,,,
swell:ZONE_I:2026-09-11T00:00:00Z,swell,ZONE_I,ZONE_I off Mangalore,12.85,74.4,,2026-09-11T00:00:00Z,forecast,synthetic,high,,,,,,,,,,,,,,,,,,,225,0.75,11.6,,,,,,,,,,,
swell:ZONE_I:2026-09-11T06:00:00Z,swell,ZONE_I,ZONE_I off Mangalore,12.85,74.4,,2026-09-11T06:00:00Z,forecast,synthetic,high,,,,,,,,,,,,,,,,,,,222,0.74,11.5,,,,,,,,,,,
swell:ZONE_I:2026-09-11T12:00:00Z,swell,ZONE_I,ZONE_I off Mangalore,12.85,74.4,,2026-09-11T12:00:00Z,forecast,synthetic,high,,,,,,,,,,,,,,,,,,,226,0.88,11.5,,,,,,,,,,,
swell:ZONE_I:2026-09-11T18:00:00Z,swell,ZONE_I,ZONE_I off Mangalore,12.85,74.4,,2026-09-11T18:00:00Z,forecast,synthetic,high,,,,,,,,,,,,,,,,,,,222,0.91,11.6,,,,,,,,,,,
swell:ZONE_I:2026-09-12T00:00:00Z,swell,ZONE_I,ZONE_I off Mangalore,12.85,74.4,,2026-09-12T00:00:00Z,forecast,synthetic,moderate,,,,,,,,,,,,,,,,,,,224,0.89,11.7,,,,,,,,,,,
swell:ZONE_I:2026-09-12T06:00:00Z,swell,ZONE_I,ZONE_I off Mangalore,12.85,74.4,,2026-09-12T06:00:00Z,forecast,synthetic,moderate,,,,,,,,,,,,,,,,,,,223,0.98,11.6,,,,,,,,,,,
swell:ZONE_I:2026-09-12T12:00:00Z,swell,ZONE_I,ZONE_I off Mangalore,12.85,74.4,,2026-09-12T12:00:00Z,forecast,synthetic,moderate,,,,,,,,,,,,,,,,,,,223,1.02,11.5,,,,,,,,,,,
swell:ZONE_I:2026-09-12T18:00:00Z,swell,ZONE_I,ZONE_I off Mangalore,12.85,74.4,,2026-09-12T18:00:00Z,forecast,synthetic,moderate,,,,,,,,,,,,,,,,,,,227,1.05,11.6,,,,,,,,,,,
swell:ZONE_J:2026-09-11T00:00:00Z,swell,ZONE_J,ZONE_J off Mangalore,12.95,74.62,,2026-09-11T00:00:00Z,forecast,synthetic,high,,,,,,,,,,,,,,,,,,,232,1.57,11.6,,,,,,,,,,,
swell:ZONE_J:2026-09-11T06:00:00Z,swell,ZONE_J,ZONE_J off Mangalore,12.95,74.62,,2026-09-11T06:00:00Z,forecast,synthetic,high,,,,,,,,,,,,,,,,,,,234,1.61,11.0,,,,,,,,,,,
swell:ZONE_J:2026-09-11T12:00:00Z,swell,ZONE_J,ZONE_J off Mangalore,12.95,74.62,,2026-09-11T12:00:00Z,forecast,synthetic,high,,,,,,,,,,,,,,,,,,,233,1.81,11.4,,,,,,,,,,,
swell:ZONE_J:2026-09-11T18:00:00Z,swell,ZONE_J,ZONE_J off Mangalore,12.95,74.62,,2026-09-11T18:00:00Z,forecast,synthetic,high,,,,,,,,,,,,,,,,,,,234,1.85,11.6,,,,,,,,,,,
swell:ZONE_J:2026-09-12T00:00:00Z,swell,ZONE_J,ZONE_J off Mangalore,12.95,74.62,,2026-09-12T00:00:00Z,forecast,synthetic,moderate,,,,,,,,,,,,,,,,,,,230,1.95,11.4,,,,,,,,,,,
swell:ZONE_J:2026-09-12T06:00:00Z,swell,ZONE_J,ZONE_J off Mangalore,12.95,74.62,,2026-09-12T06:00:00Z,forecast,synthetic,moderate,,,,,,,,,,,,,,,,,,,233,2.0,11.5,,,,,,,,,,,
swell:ZONE_J:2026-09-12T12:00:00Z,swell,ZONE_J,ZONE_J off Mangalore,12.95,74.62,,2026-09-12T12:00:00Z,forecast,synthetic,moderate,,,,,,,,,,,,,,,,,,,232,2.1,11.4,,,,,,,,,,,
swell:ZONE_J:2026-09-12T18:00:00Z,swell,ZONE_J,ZONE_J off Mangalore,12.95,74.62,,2026-09-12T18:00:00Z,forecast,synthetic,moderate,,,,,,,,,,,,,,,,,,,230,2.3,11.5,,,,,,,,,,,
swell:ZONE_K:2026-09-11T00:00:00Z,swell,ZONE_K,ZONE_K off Mangalore,13.1,74.25,,2026-09-11T00:00:00Z,forecast,synthetic,high,,,,,,,,,,,,,,,,,,,240,1.7,8.6,,,,,,,,,,,
swell:ZONE_K:2026-09-11T06:00:00Z,swell,ZONE_K,ZONE_K off Mangalore,13.1,74.25,,2026-09-11T06:00:00Z,forecast,synthetic,high,,,,,,,,,,,,,,,,,,,242,1.74,8.5,,,,,,,,,,,
swell:ZONE_K:2026-09-11T12:00:00Z,swell,ZONE_K,ZONE_K off Mangalore,13.1,74.25,,2026-09-11T12:00:00Z,forecast,synthetic,high,,,,,,,,,,,,,,,,,,,239,1.86,8.7,,,,,,,,,,,
swell:ZONE_K:2026-09-11T18:00:00Z,swell,ZONE_K,ZONE_K off Mangalore,13.1,74.25,,2026-09-11T18:00:00Z,forecast,synthetic,high,,,,,,,,,,,,,,,,,,,235,2.0,8.7,,,,,,,,,,,
swell:ZONE_K:2026-09-12T00:00:00Z,swell,ZONE_K,ZONE_K off Mangalore,13.1,74.25,,2026-09-12T00:00:00Z,forecast,synthetic,moderate,,,,,,,,,,,,,,,,,,,241,2.14,8.8,,,,,,,,,,,
swell:ZONE_K:2026-09-12T06:00:00Z,swell,ZONE_K,ZONE_K off Mangalore,13.1,74.25,,2026-09-12T06:00:00Z,forecast,synthetic,moderate,,,,,,,,,,,,,,,,,,,238,2.15,8.2,,,,,,,,,,,
swell:ZONE_K:2026-09-12T12:00:00Z,swell,ZONE_K,ZONE_K off Mangalore,13.1,74.25,,2026-09-12T12:00:00Z,forecast,synthetic,moderate,,,,,,,,,,,,,,,,,,,240,2.31,8.7,,,,,,,,,,,
swell:ZONE_K:2026-09-12T18:00:00Z,swell,ZONE_K,ZONE_K off Mangalore,13.1,74.25,,2026-09-12T18:00:00Z,forecast,synthetic,moderate,,,,,,,,,,,,,,,,,,,241,2.47,8.6,,,,,,,,,,,
swell:ZONE_L:2026-09-11T00:00:00Z,swell,ZONE_L,ZONE_L off Mangalore,12.55,74.45,,2026-09-11T00:00:00Z,forecast,synthetic,high,,,,,,,,,,,,,,,,,,,230,1.45,8.2,,,,,,,,,,,
swell:ZONE_L:2026-09-11T06:00:00Z,swell,ZONE_L,ZONE_L off Mangalore,12.55,74.45,,2026-09-11T06:00:00Z,forecast,synthetic,high,,,,,,,,,,,,,,,,,,,232,1.55,8.3,,,,,,,,,,,
swell:ZONE_L:2026-09-11T12:00:00Z,swell,ZONE_L,ZONE_L off Mangalore,12.55,74.45,,2026-09-11T12:00:00Z,forecast,synthetic,high,,,,,,,,,,,,,,,,,,,238,1.68,8.5,,,,,,,,,,,
swell:ZONE_L:2026-09-11T18:00:00Z,swell,ZONE_L,ZONE_L off Mangalore,12.55,74.45,,2026-09-11T18:00:00Z,forecast,synthetic,high,,,,,,,,,,,,,,,,,,,232,1.72,8.2,,,,,,,,,,,
swell:ZONE_L:2026-09-12T00:00:00Z,swell,ZONE_L,ZONE_L off Mangalore,12.55,74.45,,2026-09-12T00:00:00Z,forecast,synthetic,moderate,,,,,,,,,,,,,,,,,,,228,1.87,8.0,,,,,,,,,,,
swell:ZONE_L:2026-09-12T06:00:00Z,swell,ZONE_L,ZONE_L off Mangalore,12.55,74.45,,2026-09-12T06:00:00Z,forecast,synthetic,moderate,,,,,,,,,,,,,,,,,,,229,1.88,8.0,,,,,,,,,,,
swell:ZONE_L:2026-09-12T12:00:00Z,swell,ZONE_L,ZONE_L off Mangalore,12.55,74.45,,2026-09-12T12:00:00Z,forecast,synthetic,moderate,,,,,,,,,,,,,,,,,,,227,1.95,8.3,,,,,,,,,,,
swell:ZONE_L:2026-09-12T18:00:00Z,swell,ZONE_L,ZONE_L off Mangalore,12.55,74.45,,2026-09-12T18:00:00Z,forecast,synthetic,moderate,,,,,,,,,,,,,,,,,,,230,1.96,8.3,,,,,,,,,,,
tide:ZONE_A:2026-09-11T00:00:00Z,tide,ZONE_A,ZONE_A off Mangalore,12.95,74.8,,2026-09-11T00:00:00Z,forecast,synthetic,high,,,,,,,,,,2026-09-11T02:54:00Z,2026-09-11T08:48:00Z,,,,,,,,,,,,flood,,,1.18,,,,,,
tide:ZONE_A:2026-09-11T06:00:00Z,tide,ZONE_A,ZONE_A off Mangalore,12.95,74.8,,2026-09-11T06:00:00Z,forecast,synthetic,high,,,,,,,,,,2026-09-11T14:18:00Z,2026-09-11T08:48:00Z,,,,,,,,,,,,ebb,,,1.2,,,,,,
tide:ZONE_A:2026-09-11T12:00:00Z,tide,ZONE_A,ZONE_A off Mangalore,12.95,74.8,,2026-09-11T12:00:00Z,forecast,synthetic,high,,,,,,,,,,2026-09-11T14:18:00Z,2026-09-11T20:42:00Z,,,,,,,,,,,,flood,,,1.28,,,,,,
tide:ZONE_A:2026-09-11T18:00:00Z,tide,ZONE_A,ZONE_A off Mangalore,12.95,74.8,,2026-09-11T18:00:00Z,forecast,synthetic,high,,,,,,,,,,2026-09-12T03:30:00Z,2026-09-11T20:42:00Z,,,,,,,,,,,,ebb,,,0.63,,,,,,
tide:ZONE_A:2026-09-12T00:00:00Z,tide,ZONE_A,ZONE_A off Mangalore,12.95,74.8,,2026-09-12T00:00:00Z,forecast,synthetic,high,,,,,,,,,,2026-09-12T03:30:00Z,2026-09-12T09:30:00Z,,,,,,,,,,,,flood,,,0.91,,,,,,
tide:ZONE_A:2026-09-12T06:00:00Z,tide,ZONE_A,ZONE_A off Mangalore,12.95,74.8,,2026-09-12T06:00:00Z,forecast,synthetic,high,,,,,,,,,,2026-09-12T14:48:00Z,2026-09-12T09:30:00Z,,,,,,,,,,,,ebb,,,1.49,,,,,,
tide:ZONE_A:2026-09-12T12:00:00Z,tide,ZONE_A,ZONE_A off Mangalore,12.95,74.8,,2026-09-12T12:00:00Z,forecast,synthetic,high,,,,,,,,,,2026-09-12T14:48:00Z,2026-09-12T21:18:00Z,,,,,,,,,,,,flood,,,1.11,,,,,,
tide:ZONE_A:2026-09-12T18:00:00Z,tide,ZONE_A,ZONE_A off Mangalore,12.95,74.8,,2026-09-12T18:00:00Z,forecast,synthetic,high,,,,,,,,,,2026-09-13T04:12:00Z,2026-09-12T21:18:00Z,,,,,,,,,,,,ebb,,,0.82,,,,,,
tide:ZONE_B:2026-09-11T00:00:00Z,tide,ZONE_B,ZONE_B off Mangalore,12.9,74.95,,2026-09-11T00:00:00Z,forecast,synthetic,high,,,,,,,,,,2026-09-11T02:54:00Z,2026-09-11T08:54:00Z,,,,,,,,,,,,flood,,,1.15,,,,,,
tide:ZONE_B:2026-09-11T06:00:00Z,tide,ZONE_B,ZONE_B off Mangalore,12.9,74.95,,2026-09-11T06:00:00Z,forecast,synthetic,high,,,,,,,,,,2026-09-11T14:18:00Z,2026-09-11T08:54:00Z,,,,,,,,,,,,ebb,,,1.22,,,,,,
tide:ZONE_B:2026-09-11T12:00:00Z,tide,ZONE_B,ZONE_B off Mangalore,12.9,74.95,,2026-09-11T12:00:00Z,forecast,synthetic,high,,,,,,,,,,2026-09-11T14:18:00Z,2026-09-11T20:48:00Z,,,,,,,,,,,,flood,,,1.27,,,,,,
tide:ZONE_B:2026-09-11T18:00:00Z,tide,ZONE_B,ZONE_B off Mangalore,12.9,74.95,,2026-09-11T18:00:00Z,forecast,synthetic,high,,,,,,,,,,2026-09-12T03:36:00Z,2026-09-11T20:48:00Z,,,,,,,,,,,,ebb,,,0.65,,,,,,
tide:ZONE_B:2026-09-12T00:00:00Z,tide,ZONE_B,ZONE_B off Mangalore,12.9,74.95,,2026-09-12T00:00:00Z,forecast,synthetic,high,,,,,,,,,,2026-09-12T03:36:00Z,2026-09-12T09:30:00Z,,,,,,,,,,,,flood,,,0.89,,,,,,
tide:ZONE_B:2026-09-12T06:00:00Z,tide,ZONE_B,ZONE_B off Mangalore,12.9,74.95,,2026-09-12T06:00:00Z,forecast,synthetic,high,,,,,,,,,,2026-09-12T14:54:00Z,2026-09-12T09:30:00Z,,,,,,,,,,,,ebb,,,1.51,,,,,,
tide:ZONE_B:2026-09-12T12:00:00Z,tide,ZONE_B,ZONE_B off Mangalore,12.9,74.95,,2026-09-12T12:00:00Z,forecast,synthetic,high,,,,,,,,,,2026-09-12T14:54:00Z,2026-09-12T21:18:00Z,,,,,,,,,,,,flood,,,1.09,,,,,,
tide:ZONE_B:2026-09-12T18:00:00Z,tide,ZONE_B,ZONE_B off Mangalore,12.9,74.95,,2026-09-12T18:00:00Z,forecast,synthetic,high,,,,,,,,,,2026-09-13T04:12:00Z,2026-09-12T21:18:00Z,,,,,,,,,,,,ebb,,,0.84,,,,,,
tide:ZONE_C:2026-09-11T00:00:00Z,tide,ZONE_C,ZONE_C off Mangalore,12.82,75.05,,2026-09-11T00:00:00Z,forecast,synthetic,high,,,,,,,,,,2026-09-11T03:00:00Z,2026-09-11T08:54:00Z,,,,,,,,,,,,flood,,,1.14,,,,,,
tide:ZONE_C:2026-09-11T06:00:00Z,tide,ZONE_C,ZONE_C off Mangalore,12.82,75.05,,2026-09-11T06:00:00Z,forecast,synthetic,high,,,,,,,,,,2026-09-11T14:24:00Z,2026-09-11T08:54:00Z,,,,,,,,,,,,ebb,,,1.24,,,,,,
tide:ZONE_C:2026-09-11T12:00:00Z,tide,ZONE_C,ZONE_C off Mangalore,12.82,75.05,,2026-09-11T12:00:00Z,forecast,synthetic,high,,,,,,,,,,2026-09-11T14:24:00Z,2026-09-11T20:48:00Z,,,,,,,,,,,,flood,,,1.26,,,,,,
tide:ZONE_C:2026-09-11T18:00:00Z,tide,ZONE_C,ZONE_C off Mangalore,12.82,75.05,,2026-09-11T18:00:00Z,forecast,synthetic,high,,,,,,,,,,2026-09-12T03:36:00Z,2026-09-11T20:48:00Z,,,,,,,,,,,,ebb,,,0.67,,,,,,
tide:ZONE_C:2026-09-12T00:00:00Z,tide,ZONE_C,ZONE_C off Mangalore,12.82,75.05,,2026-09-12T00:00:00Z,forecast,synthetic,high,,,,,,,,,,2026-09-12T03:36:00Z,2026-09-12T09:36:00Z,,,,,,,,,,,,flood,,,0.87,,,,,,
tide:ZONE_C:2026-09-12T06:00:00Z,tide,ZONE_C,ZONE_C off Mangalore,12.82,75.05,,2026-09-12T06:00:00Z,forecast,synthetic,high,,,,,,,,,,2026-09-12T14:54:00Z,2026-09-12T09:36:00Z,,,,,,,,,,,,ebb,,,1.52,,,,,,
tide:ZONE_C:2026-09-12T12:00:00Z,tide,ZONE_C,ZONE_C off Mangalore,12.82,75.05,,2026-09-12T12:00:00Z,forecast,synthetic,high,,,,,,,,,,2026-09-12T14:54:00Z,2026-09-12T21:24:00Z,,,,,,,,,,,,flood,,,1.08,,,,,,
tide:ZONE_C:2026-09-12T18:00:00Z,tide,ZONE_C,ZONE_C off Mangalore,12.82,75.05,,2026-09-12T18:00:00Z,forecast,synthetic,high,,,,,,,,,,2026-09-13T04:18:00Z,2026-09-12T21:24:00Z,,,,,,,,,,,,ebb,,,0.86,,,,,,
tide:ZONE_D:2026-09-11T00:00:00Z,tide,ZONE_D,ZONE_D off Mangalore,13.05,74.55,,2026-09-11T00:00:00Z,forecast,synthetic,high,,,,,,,,,,2026-09-11T02:48:00Z,2026-09-11T08:42:00Z,,,,,,,,,,,,flood,,,1.22,,,,,,
tide:ZONE_D:2026-09-11T06:00:00Z,tide,ZONE_D,ZONE_D off Mangalore,13.05,74.55,,2026-09-11T06:00:00Z,forecast,synthetic,high,,,,,,,,,,2026-09-11T14:12:00Z,2026-09-11T08:42:00Z,,,,,,,,,,,,ebb,,,1.17,,,,,,
tide:ZONE_D:2026-09-11T12:00:00Z,tide,ZONE_D,ZONE_D off Mangalore,13.05,74.55,,2026-09-11T12:00:00Z,forecast,synthetic,high,,,,,,,,,,2026-09-11T14:12:00Z,2026-09-11T20:36:00Z,,,,,,,,,,,,flood,,,1.31,,,,,,
tide:ZONE_D:2026-09-11T18:00:00Z,tide,ZONE_D,ZONE_D off Mangalore,13.05,74.55,,2026-09-11T18:00:00Z,forecast,synthetic,high,,,,,,,,,,2026-09-12T03:24:00Z,2026-09-11T20:36:00Z,,,,,,,,,,,,ebb,,,0.59,,,,,,
tide:ZONE_D:2026-09-12T00:00:00Z,tide,ZONE_D,ZONE_D off Mangalore,13.05,74.55,,2026-09-12T00:00:00Z,forecast,synthetic,high,,,,,,,,,,2026-09-12T03:24:00Z,2026-09-12T09:24:00Z,,,,,,,,,,,,flood,,,0.96,,,,,,
tide:ZONE_D:2026-09-12T06:00:00Z,tide,ZONE_D,ZONE_D off Mangalore,13.05,74.55,,2026-09-12T06:00:00Z,forecast,synthetic,high,,,,,,,,,,2026-09-12T14:42:00Z,2026-09-12T09:24:00Z,,,,,,,,,,,,ebb,,,1.45,,,,,,
tide:ZONE_D:2026-09-12T12:00:00Z,tide,ZONE_D,ZONE_D off Mangalore,13.05,74.55,,2026-09-12T12:00:00Z,forecast,synthetic,high,,,,,,,,,,2026-09-12T14:42:00Z,2026-09-12T21:12:00Z,,,,,,,,,,,,flood,,,1.14,,,,,,
tide:ZONE_D:2026-09-12T18:00:00Z,tide,ZONE_D,ZONE_D off Mangalore,13.05,74.55,,2026-09-12T18:00:00Z,forecast,synthetic,high,,,,,,,,,,2026-09-13T04:06:00Z,2026-09-12T21:12:00Z,,,,,,,,,,,,ebb,,,0.77,,,,,,
tide:ZONE_E:2026-09-11T00:00:00Z,tide,ZONE_E,ZONE_E off Mangalore,13.2,74.45,,2026-09-11T00:00:00Z,forecast,synthetic,high,,,,,,,,,,2026-09-11T02:42:00Z,2026-09-11T08:42:00Z,,,,,,,,,,,,flood,,,1.24,,,,,,
tide:ZONE_E:2026-09-11T06:00:00Z,tide,ZONE_E,ZONE_E off Mangalore,13.2,74.45,,2026-09-11T06:00:00Z,forecast,synthetic,high,,,,,,,,,,2026-09-11T14:06:00Z,2026-09-11T08:42:00Z,,,,,,,,,,,,ebb,,,1.16,,,,,,
tide:ZONE_E:2026-09-11T12:00:00Z,tide,ZONE_E,ZONE_E off Mangalore,13.2,74.45,,2026-09-11T12:00:00Z,forecast,synthetic,high,,,,,,,,,,2026-09-11T14:06:00Z,2026-09-11T20:36:00Z,,,,,,,,,,,,flood,,,1.32,,,,,,
tide:ZONE_E:2026-09-11T18:00:00Z,tide,ZONE_E,ZONE_E off Mangalore,13.2,74.45,,2026-09-11T18:00:00Z,forecast,synthetic,high,,,,,,,,,,2026-09-12T03:24:00Z,2026-09-11T20:36:00Z,,,,,,,,,,,,ebb,,,0.57,,,,,,
tide:ZONE_E:2026-09-12T00:00:00Z,tide,ZONE_E,ZONE_E off Mangalore,13.2,74.45,,2026-09-12T00:00:00Z,forecast,synthetic,high,,,,,,,,,,2026-09-12T03:24:00Z,2026-09-12T09:18:00Z,,,,,,,,,,,,flood,,,0.98,,,,,,
tide:ZONE_E:2026-09-12T06:00:00Z,tide,ZONE_E,ZONE_E off Mangalore,13.2,74.45,,2026-09-12T06:00:00Z,forecast,synthetic,high,,,,,,,,,,2026-09-12T14:42:00Z,2026-09-12T09:18:00Z,,,,,,,,,,,,ebb,,,1.44,,,,,,
tide:ZONE_E:2026-09-12T12:00:00Z,tide,ZONE_E,ZONE_E off Mangalore,13.2,74.45,,2026-09-12T12:00:00Z,forecast,synthetic,high,,,,,,,,,,2026-09-12T14:42:00Z,2026-09-12T21:06:00Z,,,,,,,,,,,,flood,,,1.15,,,,,,
tide:ZONE_E:2026-09-12T18:00:00Z,tide,ZONE_E,ZONE_E off Mangalore,13.2,74.45,,2026-09-12T18:00:00Z,forecast,synthetic,high,,,,,,,,,,2026-09-13T04:00:00Z,2026-09-12T21:06:00Z,,,,,,,,,,,,ebb,,,0.76,,,,,,
tide:ZONE_F:2026-09-11T00:00:00Z,tide,ZONE_F,ZONE_F off Mangalore,12.7,74.6,,2026-09-11T00:00:00Z,forecast,synthetic,high,,,,,,,,,,2026-09-11T02:48:00Z,2026-09-11T08:42:00Z,,,,,,,,,,,,flood,,,1.22,,,,,,
tide:ZONE_F:2026-09-11T06:00:00Z,tide,ZONE_F,ZONE_F off Mangalore,12.7,74.6,,2026-09-11T06:00:00Z,forecast,synthetic,high,,,,,,,,,,2026-09-11T14:12:00Z,2026-09-11T08:42:00Z,,,,,,,,,,,,ebb,,,1.18,,,,,,
tide:ZONE_F:2026-09-11T12:00:00Z,tide,ZONE_F,ZONE_F off Mangalore,12.7,74.6,,2026-09-11T12:00:00Z,forecast,synthetic,high,,,,,,,,,,2026-09-11T14:12:00Z,2026-09-11T20:42:00Z,,,,,,,,,,,,flood,,,1.31,,,,,,
tide:ZONE_F:2026-09-11T18:00:00Z,tide,ZONE_F,ZONE_F off Mangalore,12.7,74.6,,2026-09-11T18:00:00Z,forecast,synthetic,high,,,,,,,,,,2026-09-12T03:30:00Z,2026-09-11T20:42:00Z,,,,,,,,,,,,ebb,,,0.59,,,,,,
tide:ZONE_F:2026-09-12T00:00:00Z,tide,ZONE_F,ZONE_F off Mangalore,12.7,74.6,,2026-09-12T00:00:00Z,forecast,synthetic,high,,,,,,,,,,2026-09-12T03:30:00Z,2026-09-12T09:24:00Z,,,,,,,,,,,,flood,,,0.95,,,,,,
tide:ZONE_F:2026-09-12T06:00:00Z,tide,ZONE_F,ZONE_F off Mangalore,12.7,74.6,,2026-09-12T06:00:00Z,forecast,synthetic,high,,,,,,,,,,2026-09-12T14:42:00Z,2026-09-12T09:24:00Z,,,,,,,,,,,,ebb,,,1.46,,,,,,
tide:ZONE_F:2026-09-12T12:00:00Z,tide,ZONE_F,ZONE_F off Mangalore,12.7,74.6,,2026-09-12T12:00:00Z,forecast,synthetic,high,,,,,,,,,,2026-09-12T14:42:00Z,2026-09-12T21:12:00Z,,,,,,,,,,,,flood,,,1.13,,,,,,
tide:ZONE_F:2026-09-12T18:00:00Z,tide,ZONE_F,ZONE_F off Mangalore,12.7,74.6,,2026-09-12T18:00:00Z,forecast,synthetic,high,,,,,,,,,,2026-09-13T04:06:00Z,2026-09-12T21:12:00Z,,,,,,,,,,,,ebb,,,0.78,,,,,,
tide:ZONE_G:2026-09-11T00:00:00Z,tide,ZONE_G,ZONE_G off Mangalore,12.6,74.75,,2026-09-11T00:00:00Z,forecast,synthetic,high,,,,,,,,,,2026-09-11T02:54:00Z,2026-09-11T08:48:00Z,,,,,,,,,,,,flood,,,1.19,,,,,,
tide:ZONE_G:2026-09-11T06:00:00Z,tide,ZONE_G,ZONE_G off Mangalore,12.6,74.75,,2026-09-11T06:00:00Z,forecast,synthetic,high,,,,,,,,,,2026-09-11T14:18:00Z,2026-09-11T08:48:00Z,,,,,,,,,,,,ebb,,,1.2,,,,,,
tide:ZONE_G:2026-09-11T12:00:00Z,tide,ZONE_G,ZONE_G off Mangalore,12.6,74.75,,2026-09-11T12:00:00Z,forecast,synthetic,high,,,,,,,,,,2026-09-11T14:18:00Z,2026-09-11T20:42:00Z,,,,,,,,,,,,flood,,,1.29,,,,,,
tide:ZONE_G:2026-09-11T18:00:00Z,tide,ZONE_G,ZONE_G off Mangalore,12.6,74.75,,2026-09-11T18:00:00Z,forecast,synthetic,high,,,,,,,,,,2026-09-12T03:30:00Z,2026-09-11T20:42:00Z,,,,,,,,,,,,ebb,,,0.62,,,,,,
tide:ZONE_G:2026-09-12T00:00:00Z,tide,ZONE_G,ZONE_G off Mangalore,12.6,74.75,,2026-09-12T00:00:00Z,forecast,synthetic,high,,,,,,,,,,2026-09-12T03:30:00Z,2026-09-12T09:30:00Z,,,,,,,,,,,,flood,,,0.92,,,,,,
tide:ZONE_G:2026-09-12T06:00:00Z,tide,ZONE_G,ZONE_G off Mangalore,12.6,74.75,,2026-09-12T06:00:00Z,forecast,synthetic,high,,,,,,,,,,2026-09-12T14:48:00Z,2026-09-12T09:30:00Z,,,,,,,,,,,,ebb,,,1.48,,,,,,
tide:ZONE_G:2026-09-12T12:00:00Z,tide,ZONE_G,ZONE_G off Mangalore,12.6,74.75,,2026-09-12T12:00:00Z,forecast,synthetic,high,,,,,,,,,,2026-09-12T14:48:00Z,2026-09-12T21:18:00Z,,,,,,,,,,,,flood,,,1.11,,,,,,
tide:ZONE_G:2026-09-12T18:00:00Z,tide,ZONE_G,ZONE_G off Mangalore,12.6,74.75,,2026-09-12T18:00:00Z,forecast,synthetic,high,,,,,,,,,,2026-09-13T04:12:00Z,2026-09-12T21:18:00Z,,,,,,,,,,,,ebb,,,0.81,,,,,,
tide:ZONE_H:2026-09-11T00:00:00Z,tide,ZONE_H,ZONE_H off Mangalore,13.35,74.35,,2026-09-11T00:00:00Z,forecast,synthetic,high,,,,,,,,,,2026-09-11T02:42:00Z,2026-09-11T08:36:00Z,,,,,,,,,,,,flood,,,1.26,,,,,,
tide:ZONE_H:2026-09-11T06:00:00Z,tide,ZONE_H,ZONE_H off Mangalore,13.35,74.35,,2026-09-11T06:00:00Z,forecast,synthetic,high,,,,,,,,,,2026-09-11T14:06:00Z,2026-09-11T08:36:00Z,,,,,,,,,,,,ebb,,,1.15,,,,,,
tide:ZONE_H:2026-09-11T12:00:00Z,tide,ZONE_H,ZONE_H off Mangalore,13.35,74.35,,2026-09-11T12:00:00Z,forecast,synthetic,high,,,,,,,,,,2026-09-11T14:06:00Z,2026-09-11T20:36:00Z,,,,,,,,,,,,flood,,,1.34,,,,,,
tide:ZONE_H:2026-09-11T18:00:00Z,tide,ZONE_H,ZONE_H off Mangalore,13.35,74.35,,2026-09-11T18:00:00Z,forecast,synthetic,high,,,,,,,,,,2026-09-12T03:24:00Z,2026-09-11T20:36:00Z,,,,,,,,,,,,ebb,,,0.55,,,,,,
tide:ZONE_H:2026-09-12T00:00:00Z,tide,ZONE_H,ZONE_H off Mangalore,13.35,74.35,,2026-09-12T00:00:00Z,forecast,synthetic,high,,,,,,,,,,2026-09-12T03:24:00Z,2026-09-12T09:18:00Z,,,,,,,,,,,,flood,,,1.0,,,,,,
tide:ZONE_H:2026-09-12T06:00:00Z,tide,ZONE_H,ZONE_H off Mangalore,13.35,74.35,,2026-09-12T06:00:00Z,forecast,synthetic,high,,,,,,,,,,2026-09-12T14:36:00Z,2026-09-12T09:18:00Z,,,,,,,,,,,,ebb,,,1.43,,,,,,
tide:ZONE_H:2026-09-12T12:00:00Z,tide,ZONE_H,ZONE_H off Mangalore,13.35,74.35,,2026-09-12T12:00:00Z,forecast,synthetic,high,,,,,,,,,,2026-09-12T14:36:00Z,2026-09-12T21:06:00Z,,,,,,,,,,,,flood,,,1.16,,,,,,
tide:ZONE_H:2026-09-12T18:00:00Z,tide,ZONE_H,ZONE_H off Mangalore,13.35,74.35,,2026-09-12T18:00:00Z,forecast,synthetic,high,,,,,,,,,,2026-09-13T04:00:00Z,2026-09-12T21:06:00Z,,,,,,,,,,,,ebb,,,0.74,,,,,,
tide:ZONE_I:2026-09-11T00:00:00Z,tide,ZONE_I,ZONE_I off Mangalore,12.85,74.4,,2026-09-11T00:00:00Z,forecast,synthetic,high,,,,,,,,,,2026-09-11T02:42:00Z,2026-09-11T08:36:00Z,,,,,,,,,,,,flood,,,1.25,,,,,,
tide:ZONE_I:2026-09-11T06:00:00Z,tide,ZONE_I,ZONE_I off Mangalore,12.85,74.4,,2026-09-11T06:00:00Z,forecast,synthetic,high,,,,,,,,,,2026-09-11T14:06:00Z,2026-09-11T08:36:00Z,,,,,,,,,,,,ebb,,,1.15,,,,,,
tide:ZONE_I:2026-09-11T12:00:00Z,tide,ZONE_I,ZONE_I off Mangalore,12.85,74.4,,2026-09-11T12:00:00Z,forecast,synthetic,high,,,,,,,,,,2026-09-11T14:06:00Z,2026-09-11T20:36:00Z,,,,,,,,,,,,flood,,,1.33,,,,,,
tide:ZONE_I:2026-09-11T18:00:00Z,tide,ZONE_I,ZONE_I off Mangalore,12.85,74.4,,2026-09-11T18:00:00Z,forecast,synthetic,high,,,,,,,,,,2026-09-12T03:24:00Z,2026-09-11T20:36:00Z,,,,,,,,,,,,ebb,,,0.56,,,,,,
tide:ZONE_I:2026-09-12T00:00:00Z,tide,ZONE_I,ZONE_I off Mangalore,12.85,74.4,,2026-09-12T00:00:00Z,forecast,synthetic,high,,,,,,,,,,2026-09-12T03:24:00Z,2026-09-12T09:18:00Z,,,,,,,,,,,,flood,,,0.99,,,,,,
tide:ZONE_I:2026-09-12T06:00:00Z,tide,ZONE_I,ZONE_I off Mangalore,12.85,74.4,,2026-09-12T06:00:00Z,forecast,synthetic,high,,,,,,,,,,2026-09-12T14:42:00Z,2026-09-12T09:18:00Z,,,,,,,,,,,,ebb,,,1.43,,,,,,
tide:ZONE_I:2026-09-12T12:00:00Z,tide,ZONE_I,ZONE_I off Mangalore,12.85,74.4,,2026-09-12T12:00:00Z,forecast,synthetic,high,,,,,,,,,,2026-09-12T14:42:00Z,2026-09-12T21:06:00Z,,,,,,,,,,,,flood,,,1.15,,,,,,
tide:ZONE_I:2026-09-12T18:00:00Z,tide,ZONE_I,ZONE_I off Mangalore,12.85,74.4,,2026-09-12T18:00:00Z,forecast,synthetic,high,,,,,,,,,,2026-09-13T04:00:00Z,2026-09-12T21:06:00Z,,,,,,,,,,,,ebb,,,0.75,,,,,,
tide:ZONE_J:2026-09-11T00:00:00Z,tide,ZONE_J,ZONE_J off Mangalore,12.95,74.62,,2026-09-11T00:00:00Z,forecast,synthetic,high,,,,,,,,,,2026-09-11T02:48:00Z,2026-09-11T08:42:00Z,,,,,,,,,,,,flood,,,1.21,,,,,,
tide:ZONE_J:2026-09-11T06:00:00Z,tide,ZONE_J,ZONE_J off Mangalore,12.95,74.62,,2026-09-11T06:00:00Z,forecast,synthetic,high,,,,,,,,,,2026-09-11T14:12:00Z,2026-09-11T08:42:00Z,,,,,,,,,,,,ebb,,,1.18,,,,,,
tide:ZONE_J:2026-09-11T12:00:00Z,tide,ZONE_J,ZONE_J off Mangalore,12.95,74.62,,2026-09-11T12:00:00Z,forecast,synthetic,high,,,,,,,,,,2026-09-11T14:12:00Z,2026-09-11T20:42:00Z,,,,,,,,,,,,flood,,,1.3,,,,,,
tide:ZONE_J:2026-09-11T18:00:00Z,tide,ZONE_J,ZONE_J off Mangalore,12.95,74.62,,2026-09-11T18:00:00Z,forecast,synthetic,high,,,,,,,,,,2026-09-12T03:30:00Z,2026-09-11T20:42:00Z,,,,,,,,,,,,ebb,,,0.6,,,,,,
tide:ZONE_J:2026-09-12T00:00:00Z,tide,ZONE_J,ZONE_J off Mangalore,12.95,74.62,,2026-09-12T00:00:00Z,forecast,synthetic,high,,,,,,,,,,2026-09-12T03:30:00Z,2026-09-12T09:24:00Z,,,,,,,,,,,,flood,,,0.95,,,,,,
tide:ZONE_J:2026-09-12T06:00:00Z,tide,ZONE_J,ZONE_J off Mangalore,12.95,74.62,,2026-09-12T06:00:00Z,forecast,synthetic,high,,,,,,,,,,2026-09-12T14:42:00Z,2026-09-12T09:24:00Z,,,,,,,,,,,,ebb,,,1.46,,,,,,
tide:ZONE_J:2026-09-12T12:00:00Z,tide,ZONE_J,ZONE_J off Mangalore,12.95,74.62,,2026-09-12T12:00:00Z,forecast,synthetic,high,,,,,,,,,,2026-09-12T14:42:00Z,2026-09-12T21:12:00Z,,,,,,,,,,,,flood,,,1.13,,,,,,
tide:ZONE_J:2026-09-12T18:00:00Z,tide,ZONE_J,ZONE_J off Mangalore,12.95,74.62,,2026-09-12T18:00:00Z,forecast,synthetic,high,,,,,,,,,,2026-09-13T04:06:00Z,2026-09-12T21:12:00Z,,,,,,,,,,,,ebb,,,0.79,,,,,,
tide:ZONE_K:2026-09-11T00:00:00Z,tide,ZONE_K,ZONE_K off Mangalore,13.1,74.25,,2026-09-11T00:00:00Z,forecast,synthetic,high,,,,,,,,,,2026-09-11T02:42:00Z,2026-09-11T08:36:00Z,,,,,,,,,,,,flood,,,1.27,,,,,,
tide:ZONE_K:2026-09-11T06:00:00Z,tide,ZONE_K,ZONE_K off Mangalore,13.1,74.25,,2026-09-11T06:00:00Z,forecast,synthetic,high,,,,,,,,,,2026-09-11T14:06:00Z,2026-09-11T08:36:00Z,,,,,,,,,,,,ebb,,,1.13,,,,,,
tide:ZONE_K:2026-09-11T12:00:00Z,tide,ZONE_K,ZONE_K off Mangalore,13.1,74.25,,2026-09-11T12:00:00Z,forecast,synthetic,high,,,,,,,,,,2026-09-11T14:06:00Z,2026-09-11T20:30:00Z,,,,,,,,,,,,flood,,,1.35,,,,,,
tide:ZONE_K:2026-09-11T18:00:00Z,tide,ZONE_K,ZONE_K off Mangalore,13.1,74.25,,2026-09-11T18:00:00Z,forecast,synthetic,high,,,,,,,,,,2026-09-12T03:18:00Z,2026-09-11T20:30:00Z,,,,,,,,,,,,ebb,,,0.54,,,,,,
tide:ZONE_K:2026-09-12T00:00:00Z,tide,ZONE_K,ZONE_K off Mangalore,13.1,74.25,,2026-09-12T00:00:00Z,forecast,synthetic,high,,,,,,,,,,2026-09-12T03:18:00Z,2026-09-12T09:18:00Z,,,,,,,,,,,,flood,,,1.02,,,,,,
tide:ZONE_K:2026-09-12T06:00:00Z,tide,ZONE_K,ZONE_K off Mangalore,13.1,74.25,,2026-09-12T06:00:00Z,forecast,synthetic,high,,,,,,,,,,2026-09-12T14:36:00Z,2026-09-12T09:18:00Z,,,,,,,,,,,,ebb,,,1.41,,,,,,
tide:ZONE_K:2026-09-12T12:00:00Z,tide,ZONE_K,ZONE_K off Mangalore,13.1,74.25,,2026-09-12T12:00:00Z,forecast,synthetic,high,,,,,,,,,,2026-09-12T14:36:00Z,2026-09-12T21:06:00Z,,,,,,,,,,,,flood,,,1.17,,,,,,
tide:ZONE_K:2026-09-12T18:00:00Z,tide,ZONE_K,ZONE_K off Mangalore,13.1,74.25,,2026-09-12T18:00:00Z,forecast,synthetic,high,,,,,,,,,,2026-09-13T04:00:00Z,2026-09-12T21:06:00Z,,,,,,,,,,,,ebb,,,0.72,,,,,,
tide:ZONE_L:2026-09-11T00:00:00Z,tide,ZONE_L,ZONE_L off Mangalore,12.55,74.45,,2026-09-11T00:00:00Z,forecast,synthetic,high,,,,,,,,,,2026-09-11T02:42:00Z,2026-09-11T08:42:00Z,,,,,,,,,,,,flood,,,1.24,,,,,,
tide:ZONE_L:2026-09-11T06:00:00Z,tide,ZONE_L,ZONE_L off Mangalore,12.55,74.45,,2026-09-11T06:00:00Z,forecast,synthetic,high,,,,,,,,,,2026-09-11T14:06:00Z,2026-09-11T08:42:00Z,,,,,,,,,,,,ebb,,,1.16,,,,,,
tide:ZONE_L:2026-09-11T12:00:00Z,tide,ZONE_L,ZONE_L off Mangalore,12.55,74.45,,2026-09-11T12:00:00Z,forecast,synthetic,high,,,,,,,,,,2026-09-11T14:06:00Z,2026-09-11T20:36:00Z,,,,,,,,,,,,flood,,,1.32,,,,,,
tide:ZONE_L:2026-09-11T18:00:00Z,tide,ZONE_L,ZONE_L off Mangalore,12.55,74.45,,2026-09-11T18:00:00Z,forecast,synthetic,high,,,,,,,,,,2026-09-12T03:24:00Z,2026-09-11T20:36:00Z,,,,,,,,,,,,ebb,,,0.57,,,,,,
tide:ZONE_L:2026-09-12T00:00:00Z,tide,ZONE_L,ZONE_L off Mangalore,12.55,74.45,,2026-09-12T00:00:00Z,forecast,synthetic,high,,,,,,,,,,2026-09-12T03:24:00Z,2026-09-12T09:18:00Z,,,,,,,,,,,,flood,,,0.98,,,,,,
tide:ZONE_L:2026-09-12T06:00:00Z,tide,ZONE_L,ZONE_L off Mangalore,12.55,74.45,,2026-09-12T06:00:00Z,forecast,synthetic,high,,,,,,,,,,2026-09-12T14:42:00Z,2026-09-12T09:18:00Z,,,,,,,,,,,,ebb,,,1.44,,,,,,
tide:ZONE_L:2026-09-12T12:00:00Z,tide,ZONE_L,ZONE_L off Mangalore,12.55,74.45,,2026-09-12T12:00:00Z,forecast,synthetic,high,,,,,,,,,,2026-09-12T14:42:00Z,2026-09-12T21:06:00Z,,,,,,,,,,,,flood,,,1.15,,,,,,
tide:ZONE_L:2026-09-12T18:00:00Z,tide,ZONE_L,ZONE_L off Mangalore,12.55,74.45,,2026-09-12T18:00:00Z,forecast,synthetic,high,,,,,,,,,,2026-09-13T04:00:00Z,2026-09-12T21:06:00Z,,,,,,,,,,,,ebb,,,0.76,,,,,,
currents:ZONE_A:2026-09-11T00:00:00Z,currents,ZONE_A,ZONE_A off Mangalore,12.95,74.8,,2026-09-11T00:00:00Z,forecast,synthetic,high,,,,165,0.73,,,,,,,,,,,,,,,,,,,,,,,,,,,
currents:ZONE_A:2026-09-11T06:00:00Z,currents,ZONE_A,ZONE_A off Mangalore,12.95,74.8,,2026-09-11T06:00:00Z,forecast,synthetic,high,,,,166,0.42,,,,,,,,,,,,,,,,,,,,,,,,,,,
currents:ZONE_A:2026-09-11T12:00:00Z,currents,ZONE_A,ZONE_A off Mangalore,12.95,74.8,,2026-09-11T12:00:00Z,forecast,synthetic,high,,,,158,0.69,,,,,,,,,,,,,,,,,,,,,,,,,,,
currents:ZONE_A:2026-09-11T18:00:00Z,currents,ZONE_A,ZONE_A off Mangalore,12.95,74.8,,2026-09-11T18:00:00Z,forecast,synthetic,high,,,,167,0.48,,,,,,,,,,,,,,,,,,,,,,,,,,,
currents:ZONE_A:2026-09-12T00:00:00Z,currents,ZONE_A,ZONE_A off Mangalore,12.95,74.8,,2026-09-12T00:00:00Z,forecast,synthetic,moderate,,,,156,0.72,,,,,,,,,,,,,,,,,,,,,,,,,,,
currents:ZONE_A:2026-09-12T06:00:00Z,currents,ZONE_A,ZONE_A off Mangalore,12.95,74.8,,2026-09-12T06:00:00Z,forecast,synthetic,moderate,,,,177,0.46,,,,,,,,,,,,,,,,,,,,,,,,,,,
currents:ZONE_A:2026-09-12T12:00:00Z,currents,ZONE_A,ZONE_A off Mangalore,12.95,74.8,,2026-09-12T12:00:00Z,forecast,synthetic,moderate,,,,159,0.59,,,,,,,,,,,,,,,,,,,,,,,,,,,
currents:ZONE_A:2026-09-12T18:00:00Z,currents,ZONE_A,ZONE_A off Mangalore,12.95,74.8,,2026-09-12T18:00:00Z,forecast,synthetic,moderate,,,,181,0.55,,,,,,,,,,,,,,,,,,,,,,,,,,,
currents:ZONE_B:2026-09-11T00:00:00Z,currents,ZONE_B,ZONE_B off Mangalore,12.9,74.95,,2026-09-11T00:00:00Z,forecast,synthetic,high,,,,181,0.94,,,,,,,,,,,,,,,,,,,,,,,,,,,
currents:ZONE_B:2026-09-11T06:00:00Z,currents,ZONE_B,ZONE_B off Mangalore,12.9,74.95,,2026-09-11T06:00:00Z,forecast,synthetic,high,,,,178,0.55,,,,,,,,,,,,,,,,,,,,,,,,,,,
currents:ZONE_B:2026-09-11T12:00:00Z,currents,ZONE_B,ZONE_B off Mangalore,12.9,74.95,,2026-09-11T12:00:00Z,forecast,synthetic,high,,,,177,0.92,,,,,,,,,,,,,,,,,,,,,,,,,,,
currents:ZONE_B:2026-09-11T18:00:00Z,currents,ZONE_B,ZONE_B off Mangalore,12.9,74.95,,2026-09-11T18:00:00Z,forecast,synthetic,high,,,,189,0.59,,,,,,,,,,,,,,,,,,,,,,,,,,,
currents:ZONE_B:2026-09-12T00:00:00Z,currents,ZONE_B,ZONE_B off Mangalore,12.9,74.95,,2026-09-12T00:00:00Z,forecast,synthetic,moderate,,,,176,0.9,,,,,,,,,,,,,,,,,,,,,,,,,,,
currents:ZONE_B:2026-09-12T06:00:00Z,currents,ZONE_B,ZONE_B off Mangalore,12.9,74.95,,2026-09-12T06:00:00Z,forecast,synthetic,moderate,,,,187,0.63,,,,,,,,,,,,,,,,,,,,,,,,,,,
currents:ZONE_B:2026-09-12T12:00:00Z,currents,ZONE_B,ZONE_B off Mangalore,12.9,74.95,,2026-09-12T12:00:00Z,forecast,synthetic,moderate,,,,175,0.83,,,,,,,,,,,,,,,,,,,,,,,,,,,
currents:ZONE_B:2026-09-12T18:00:00Z,currents,ZONE_B,ZONE_B off Mangalore,12.9,74.95,,2026-09-12T18:00:00Z,forecast,synthetic,moderate,,,,183,0.68,,,,,,,,,,,,,,,,,,,,,,,,,,,
currents:ZONE_C:2026-09-11T00:00:00Z,currents,ZONE_C,ZONE_C off Mangalore,12.82,75.05,,2026-09-11T00:00:00Z,forecast,synthetic,high,,,,188,0.68,,,,,,,,,,,,,,,,,,,,,,,,,,,
currents:ZONE_C:2026-09-11T06:00:00Z,currents,ZONE_C,ZONE_C off Mangalore,12.82,75.05,,2026-09-11T06:00:00Z,forecast,synthetic,high,,,,186,0.42,,,,,,,,,,,,,,,,,,,,,,,,,,,
currents:ZONE_C:2026-09-11T12:00:00Z,currents,ZONE_C,ZONE_C off Mangalore,12.82,75.05,,2026-09-11T12:00:00Z,forecast,synthetic,high,,,,191,0.77,,,,,,,,,,,,,,,,,,,,,,,,,,,
currents:ZONE_C:2026-09-11T18:00:00Z,currents,ZONE_C,ZONE_C off Mangalore,12.82,75.05,,2026-09-11T18:00:00Z,forecast,synthetic,high,,,,190,0.46,,,,,,,,,,,,,,,,,,,,,,,,,,,
currents:ZONE_C:2026-09-12T00:00:00Z,currents,ZONE_C,ZONE_C off Mangalore,12.82,75.05,,2026-09-12T00:00:00Z,forecast,synthetic,moderate,,,,181,0.61,,,,,,,,,,,,,,,,,,,,,,,,,,,
currents:ZONE_C:2026-09-12T06:00:00Z,currents,ZONE_C,ZONE_C off Mangalore,12.82,75.05,,2026-09-12T06:00:00Z,forecast,synthetic,moderate,,,,197,0.41,,,,,,,,,,,,,,,,,,,,,,,,,,,
currents:ZONE_C:2026-09-12T12:00:00Z,currents,ZONE_C,ZONE_C off Mangalore,12.82,75.05,,2026-09-12T12:00:00Z,forecast,synthetic,moderate,,,,180,0.57,,,,,,,,,,,,,,,,,,,,,,,,,,,
currents:ZONE_C:2026-09-12T18:00:00Z,currents,ZONE_C,ZONE_C off Mangalore,12.82,75.05,,2026-09-12T18:00:00Z,forecast,synthetic,moderate,,,,199,0.48,,,,,,,,,,,,,,,,,,,,,,,,,,,
currents:ZONE_D:2026-09-11T00:00:00Z,currents,ZONE_D,ZONE_D off Mangalore,13.05,74.55,,2026-09-11T00:00:00Z,forecast,synthetic,high,,,,176,0.33,,,,,,,,,,,,,,,,,,,,,,,,,,,
currents:ZONE_D:2026-09-11T06:00:00Z,currents,ZONE_D,ZONE_D off Mangalore,13.05,74.55,,2026-09-11T06:00:00Z,forecast,synthetic,high,,,,186,0.17,,,,,,,,,,,,,,,,,,,,,,,,,,,
currents:ZONE_D:2026-09-11T12:00:00Z,currents,ZONE_D,ZONE_D off Mangalore,13.05,74.55,,2026-09-11T12:00:00Z,forecast,synthetic,high,,,,174,0.34,,,,,,,,,,,,,,,,,,,,,,,,,,,
currents:ZONE_D:2026-09-11T18:00:00Z,currents,ZONE_D,ZONE_D off Mangalore,13.05,74.55,,2026-09-11T18:00:00Z,forecast,synthetic,high,,,,173,0.22,,,,,,,,,,,,,,,,,,,,,,,,,,,
currents:ZONE_D:2026-09-12T00:00:00Z,currents,ZONE_D,ZONE_D off Mangalore,13.05,74.55,,2026-09-12T00:00:00Z,forecast,synthetic,moderate,,,,171,0.3,,,,,,,,,,,,,,,,,,,,,,,,,,,
currents:ZONE_D:2026-09-12T06:00:00Z,currents,ZONE_D,ZONE_D off Mangalore,13.05,74.55,,2026-09-12T06:00:00Z,forecast,synthetic,moderate,,,,179,0.17,,,,,,,,,,,,,,,,,,,,,,,,,,,
currents:ZONE_D:2026-09-12T12:00:00Z,currents,ZONE_D,ZONE_D off Mangalore,13.05,74.55,,2026-09-12T12:00:00Z,forecast,synthetic,moderate,,,,168,0.24,,,,,,,,,,,,,,,,,,,,,,,,,,,
currents:ZONE_D:2026-09-12T18:00:00Z,currents,ZONE_D,ZONE_D off Mangalore,13.05,74.55,,2026-09-12T18:00:00Z,forecast,synthetic,moderate,,,,190,0.29,,,,,,,,,,,,,,,,,,,,,,,,,,,
currents:ZONE_E:2026-09-11T00:00:00Z,currents,ZONE_E,ZONE_E off Mangalore,13.2,74.45,,2026-09-11T00:00:00Z,forecast,synthetic,high,,,,168,0.6,,,,,,,,,,,,,,,,,,,,,,,,,,,
currents:ZONE_E:2026-09-11T06:00:00Z,currents,ZONE_E,ZONE_E off Mangalore,13.2,74.45,,2026-09-11T06:00:00Z,forecast,synthetic,high,,,,173,0.32,,,,,,,,,,,,,,,,,,,,,,,,,,,
currents:ZONE_E:2026-09-11T12:00:00Z,currents,ZONE_E,ZONE_E off Mangalore,13.2,74.45,,2026-09-11T12:00:00Z,forecast,synthetic,high,,,,163,0.58,,,,,,,,,,,,,,,,,,,,,,,,,,,
currents:ZONE_E:2026-09-11T18:00:00Z,currents,ZONE_E,ZONE_E off Mangalore,13.2,74.45,,2026-09-11T18:00:00Z,forecast,synthetic,high,,,,174,0.36,,,,,,,,,,,,,,,,,,,,,,,,,,,
currents:ZONE_E:2026-09-12T00:00:00Z,currents,ZONE_E,ZONE_E off Mangalore,13.2,74.45,,2026-09-12T00:00:00Z,forecast,synthetic,moderate,,,,158,0.55,,,,,,,,,,,,,,,,,,,,,,,,,,,
currents:ZONE_E:2026-09-12T06:00:00Z,currents,ZONE_E,ZONE_E off Mangalore,13.2,74.45,,2026-09-12T06:00:00Z,forecast,synthetic,moderate,,,,172,0.37,,,,,,,,,,,,,,,,,,,,,,,,,,,
currents:ZONE_E:2026-09-12T12:00:00Z,currents,ZONE_E,ZONE_E off Mangalore,13.2,74.45,,2026-09-12T12:00:00Z,forecast,synthetic,moderate,,,,156,0.54,,,,,,,,,,,,,,,,,,,,,,,,,,,
currents:ZONE_E:2026-09-12T18:00:00Z,currents,ZONE_E,ZONE_E off Mangalore,13.2,74.45,,2026-09-12T18:00:00Z,forecast,synthetic,moderate,,,,177,0.49,,,,,,,,,,,,,,,,,,,,,,,,,,,
currents:ZONE_F:2026-09-11T00:00:00Z,currents,ZONE_F,ZONE_F off Mangalore,12.7,74.6,,2026-09-11T00:00:00Z,forecast,synthetic,high,,,,165,0.75,,,,,,,,,,,,,,,,,,,,,,,,,,,
currents:ZONE_F:2026-09-11T06:00:00Z,currents,ZONE_F,ZONE_F off Mangalore,12.7,74.6,,2026-09-11T06:00:00Z,forecast,synthetic,high,,,,167,0.47,,,,,,,,,,,,,,,,,,,,,,,,,,,
currents:ZONE_F:2026-09-11T12:00:00Z,currents,ZONE_F,ZONE_F off Mangalore,12.7,74.6,,2026-09-11T12:00:00Z,forecast,synthetic,high,,,,165,0.63,,,,,,,,,,,,,,,,,,,,,,,,,,,
currents:ZONE_F:2026-09-11T18:00:00Z,currents,ZONE_F,ZONE_F off Mangalore,12.7,74.6,,2026-09-11T18:00:00Z,forecast,synthetic,high,,,,172,0.47,,,,,,,,,,,,,,,,,,,,,,,,,,,
currents:ZONE_F:2026-09-12T00:00:00Z,currents,ZONE_F,ZONE_F off Mangalore,12.7,74.6,,2026-09-12T00:00:00Z,forecast,synthetic,moderate,,,,163,0.75,,,,,,,,,,,,,,,,,,,,,,,,,,,
currents:ZONE_F:2026-09-12T06:00:00Z,currents,ZONE_F,ZONE_F off Mangalore,12.7,74.6,,2026-09-12T06:00:00Z,forecast,synthetic,moderate,,,,174,0.54,,,,,,,,,,,,,,,,,,,,,,,,,,,
currents:ZONE_F:2026-09-12T12:00:00Z,currents,ZONE_F,ZONE_F off Mangalore,12.7,74.6,,2026-09-12T12:00:00Z,forecast,synthetic,moderate,,,,147,0.72,,,,,,,,,,,,,,,,,,,,,,,,,,,
currents:ZONE_F:2026-09-12T18:00:00Z,currents,ZONE_F,ZONE_F off Mangalore,12.7,74.6,,2026-09-12T18:00:00Z,forecast,synthetic,moderate,,,,170,0.49,,,,,,,,,,,,,,,,,,,,,,,,,,,
currents:ZONE_G:2026-09-11T00:00:00Z,currents,ZONE_G,ZONE_G off Mangalore,12.6,74.75,,2026-09-11T00:00:00Z,forecast,synthetic,high,,,,157,0.93,,,,,,,,,,,,,,,,,,,,,,,,,,,
currents:ZONE_G:2026-09-11T06:00:00Z,currents,ZONE_G,ZONE_G off Mangalore,12.6,74.75,,2026-09-11T06:00:00Z,forecast,synthetic,high,,,,155,0.52,,,,,,,,,,,,,,,,,,,,,,,,,,,
currents:ZONE_G:2026-09-11T12:00:00Z,currents,ZONE_G,ZONE_G off Mangalore,12.6,74.75,,2026-09-11T12:00:00Z,forecast,synthetic,high,,,,156,0.95,,,,,,,,,,,,,,,,,,,,,,,,,,,
currents:ZONE_G:2026-09-11T18:00:00Z,currents,ZONE_G,ZONE_G off Mangalore,12.6,74.75,,2026-09-11T18:00:00Z,forecast,synthetic,high,,,,164,0.63,,,,,,,,,,,,,,,,,,,,,,,,,,,
currents:ZONE_G:2026-09-12T00:00:00Z,currents,ZONE_G,ZONE_G off Mangalore,12.6,74.75,,2026-09-12T00:00:00Z,forecast,synthetic,moderate,,,,148,0.86,,,,,,,,,,,,,,,,,,,,,,,,,,,
currents:ZONE_G:2026-09-12T06:00:00Z,currents,ZONE_G,ZONE_G off Mangalore,12.6,74.75,,2026-09-12T06:00:00Z,forecast,synthetic,moderate,,,,159,0.59,,,,,,,,,,,,,,,,,,,,,,,,,,,
currents:ZONE_G:2026-09-12T12:00:00Z,currents,ZONE_G,ZONE_G off Mangalore,12.6,74.75,,2026-09-12T12:00:00Z,forecast,synthetic,moderate,,,,153,0.77,,,,,,,,,,,,,,,,,,,,,,,,,,,
currents:ZONE_G:2026-09-12T18:00:00Z,currents,ZONE_G,ZONE_G off Mangalore,12.6,74.75,,2026-09-12T18:00:00Z,forecast,synthetic,moderate,,,,167,0.69,,,,,,,,,,,,,,,,,,,,,,,,,,,
currents:ZONE_H:2026-09-11T00:00:00Z,currents,ZONE_H,ZONE_H off Mangalore,13.35,74.35,,2026-09-11T00:00:00Z,forecast,synthetic,high,,,,153,0.71,,,,,,,,,,,,,,,,,,,,,,,,,,,
currents:ZONE_H:2026-09-11T06:00:00Z,currents,ZONE_H,ZONE_H off Mangalore,13.35,74.35,,2026-09-11T06:00:00Z,forecast,synthetic,high,,,,155,0.42,,,,,,,,,,,,,,,,,,,,,,,,,,,
currents:ZONE_H:2026-09-11T12:00:00Z,currents,ZONE_H,ZONE_H off Mangalore,13.35,74.35,,2026-09-11T12:00:00Z,forecast,synthetic,high,,,,154,0.67,,,,,,,,,,,,,,,,,,,,,,,,,,,
currents:ZONE_H:2026-09-11T18:00:00Z,currents,ZONE_H,ZONE_H off Mangalore,13.35,74.35,,2026-09-11T18:00:00Z,forecast,synthetic,high,,,,154,0.5,,,,,,,,,,,,,,,,,,,,,,,,,,,
currents:ZONE_H:2026-09-12T00:00:00Z,currents,ZONE_H,ZONE_H off Mangalore,13.35,74.35,,2026-09-12T00:00:00Z,forecast,synthetic,moderate,,,,146,0.58,,,,,,,,,,,,,,,,,,,,,,,,,,,
currents:ZONE_H:2026-09-12T06:00:00Z,currents,ZONE_H,ZONE_H off Mangalore,13.35,74.35,,2026-09-12T06:00:00Z,forecast,synthetic,moderate,,,,169,0.38,,,,,,,,,,,,,,,,,,,,,,,,,,,
currents:ZONE_H:2026-09-12T12:00:00Z,currents,ZONE_H,ZONE_H off Mangalore,13.35,74.35,,2026-09-12T12:00:00Z,forecast,synthetic,moderate,,,,137,0.64,,,,,,,,,,,,,,,,,,,,,,,,,,,
currents:ZONE_H:2026-09-12T18:00:00Z,currents,ZONE_H,ZONE_H off Mangalore,13.35,74.35,,2026-09-12T18:00:00Z,forecast,synthetic,moderate,,,,164,0.47,,,,,,,,,,,,,,,,,,,,,,,,,,,
currents:ZONE_I:2026-09-11T00:00:00Z,currents,ZONE_I,ZONE_I off Mangalore,12.85,74.4,,2026-09-11T00:00:00Z,forecast,synthetic,high,,,,197,0.42,,,,,,,,,,,,,,,,,,,,,,,,,,,
currents:ZONE_I:2026-09-11T06:00:00Z,currents,ZONE_I,ZONE_I off Mangalore,12.85,74.4,,2026-09-11T06:00:00Z,forecast,synthetic,high,,,,202,0.19,,,,,,,,,,,,,,,,,,,,,,,,,,,
currents:ZONE_I:2026-09-11T12:00:00Z,currents,ZONE_I,ZONE_I off Mangalore,12.85,74.4,,2026-09-11T12:00:00Z,forecast,synthetic,high,,,,193,0.36,,,,,,,,,,,,,,,,,,,,,,,,,,,
currents:ZONE_I:2026-09-11T18:00:00Z,currents,ZONE_I,ZONE_I off Mangalore,12.85,74.4,,2026-09-11T18:00:00Z,forecast,synthetic,high,,,,206,0.22,,,,,,,,,,,,,,,,,,,,,,,,,,,
currents:ZONE_I:2026-09-12T00:00:00Z,currents,ZONE_I,ZONE_I off Mangalore,12.85,74.4,,2026-09-12T00:00:00Z,forecast,synthetic,moderate,,,,190,0.42,,,,,,,,,,,,,,,,,,,,,,,,,,,
currents:ZONE_I:2026-09-12T06:00:00Z,currents,ZONE_I,ZONE_I off Mangalore,12.85,74.4,,2026-09-12T06:00:00Z,forecast,synthetic,moderate,,,,201,0.23,,,,,,,,,,,,,,,,,,,,,,,,,,,
currents:ZONE_I:2026-09-12T12:00:00Z,currents,ZONE_I,ZONE_I off Mangalore,12.85,74.4,,2026-09-12T12:00:00Z,forecast,synthetic,moderate,,,,186,0.37,,,,,,,,,,,,,,,,,,,,,,,,,,,
currents:ZONE_I:2026-09-12T18:00:00Z,currents,ZONE_I,ZONE_I off Mangalore,12.85,74.4,,2026-09-12T18:00:00Z,forecast,synthetic,moderate,,,,213,0.35,,,,,,,,,,,,,,,,,,,,,,,,,,,
currents:ZONE_J:2026-09-11T00:00:00Z,currents,ZONE_J,ZONE_J off Mangalore,12.95,74.62,,2026-09-11T00:00:00Z,forecast,synthetic,high,,,,168,0.57,,,,,,,,,,,,,,,,,,,,,,,,,,,
currents:ZONE_J:2026-09-11T06:00:00Z,currents,ZONE_J,ZONE_J off Mangalore,12.95,74.62,,2026-09-11T06:00:00Z,forecast,synthetic,high,,,,177,0.3,,,,,,,,,,,,,,,,,,,,,,,,,,,
currents:ZONE_J:2026-09-11T12:00:00Z,currents,ZONE_J,ZONE_J off Mangalore,12.95,74.62,,2026-09-11T12:00:00Z,forecast,synthetic,high,,,,167,0.6,,,,,,,,,,,,,,,,,,,,,,,,,,,
currents:ZONE_J:2026-09-11T18:00:00Z,currents,ZONE_J,ZONE_J off Mangalore,12.95,74.62,,2026-09-11T18:00:00Z,forecast,synthetic,high,,,,172,0.3,,,,,,,,,,,,,,,,,,,,,,,,,,,
currents:ZONE_J:2026-09-12T00:00:00Z,currents,ZONE_J,ZONE_J off Mangalore,12.95,74.62,,2026-09-12T00:00:00Z,forecast,synthetic,moderate,,,,164,0.58,,,,,,,,,,,,,,,,,,,,,,,,,,,
currents:ZONE_J:2026-09-12T06:00:00Z,currents,ZONE_J,ZONE_J off Mangalore,12.95,74.62,,2026-09-12T06:00:00Z,forecast,synthetic,moderate,,,,177,0.38,,,,,,,,,,,,,,,,,,,,,,,,,,,
currents:ZONE_J:2026-09-12T12:00:00Z,currents,ZONE_J,ZONE_J off Mangalore,12.95,74.62,,2026-09-12T12:00:00Z,forecast,synthetic,moderate,,,,167,0.47,,,,,,,,,,,,,,,,,,,,,,,,,,,
currents:ZONE_J:2026-09-12T18:00:00Z,currents,ZONE_J,ZONE_J off Mangalore,12.95,74.62,,2026-09-12T18:00:00Z,forecast,synthetic,moderate,,,,180,0.4,,,,,,,,,,,,,,,,,,,,,,,,,,,
currents:ZONE_K:2026-09-11T00:00:00Z,currents,ZONE_K,ZONE_K off Mangalore,13.1,74.25,,2026-09-11T00:00:00Z,forecast,synthetic,high,,,,185,1.01,,,,,,,,,,,,,,,,,,,,,,,,,,,
currents:ZONE_K:2026-09-11T06:00:00Z,currents,ZONE_K,ZONE_K off Mangalore,13.1,74.25,,2026-09-11T06:00:00Z,forecast,synthetic,high,,,,191,0.6,,,,,,,,,,,,,,,,,,,,,,,,,,,
currents:ZONE_K:2026-09-11T12:00:00Z,currents,ZONE_K,ZONE_K off Mangalore,13.1,74.25,,2026-09-11T12:00:00Z,forecast,synthetic,high,,,,185,0.94,,,,,,,,,,,,,,,,,,,,,,,,,,,
currents:ZONE_K:2026-09-11T18:00:00Z,currents,ZONE_K,ZONE_K off Mangalore,13.1,74.25,,2026-09-11T18:00:00Z,forecast,synthetic,high,,,,186,0.64,,,,,,,,,,,,,,,,,,,,,,,,,,,
currents:ZONE_K:2026-09-12T00:00:00Z,currents,ZONE_K,ZONE_K off Mangalore,13.1,74.25,,2026-09-12T00:00:00Z,forecast,synthetic,moderate,,,,186,0.96,,,,,,,,,,,,,,,,,,,,,,,,,,,
currents:ZONE_K:2026-09-12T06:00:00Z,currents,ZONE_K,ZONE_K off Mangalore,13.1,74.25,,2026-09-12T06:00:00Z,forecast,synthetic,moderate,,,,188,0.71,,,,,,,,,,,,,,,,,,,,,,,,,,,
currents:ZONE_K:2026-09-12T12:00:00Z,currents,ZONE_K,ZONE_K off Mangalore,13.1,74.25,,2026-09-12T12:00:00Z,forecast,synthetic,moderate,,,,177,0.86,,,,,,,,,,,,,,,,,,,,,,,,,,,
currents:ZONE_K:2026-09-12T18:00:00Z,currents,ZONE_K,ZONE_K off Mangalore,13.1,74.25,,2026-09-12T18:00:00Z,forecast,synthetic,moderate,,,,196,0.76,,,,,,,,,,,,,,,,,,,,,,,,,,,
currents:ZONE_L:2026-09-11T00:00:00Z,currents,ZONE_L,ZONE_L off Mangalore,12.55,74.45,,2026-09-11T00:00:00Z,forecast,synthetic,high,,,,166,0.75,,,,,,,,,,,,,,,,,,,,,,,,,,,
currents:ZONE_L:2026-09-11T06:00:00Z,currents,ZONE_L,ZONE_L off Mangalore,12.55,74.45,,2026-09-11T06:00:00Z,forecast,synthetic,high,,,,171,0.44,,,,,,,,,,,,,,,,,,,,,,,,,,,
currents:ZONE_L:2026-09-11T12:00:00Z,currents,ZONE_L,ZONE_L off Mangalore,12.55,74.45,,2026-09-11T12:00:00Z,forecast,synthetic,high,,,,170,0.73,,,,,,,,,,,,,,,,,,,,,,,,,,,
currents:ZONE_L:2026-09-11T18:00:00Z,currents,ZONE_L,ZONE_L off Mangalore,12.55,74.45,,2026-09-11T18:00:00Z,forecast,synthetic,high,,,,168,0.43,,,,,,,,,,,,,,,,,,,,,,,,,,,
currents:ZONE_L:2026-09-12T00:00:00Z,currents,ZONE_L,ZONE_L off Mangalore,12.55,74.45,,2026-09-12T00:00:00Z,forecast,synthetic,moderate,,,,162,0.69,,,,,,,,,,,,,,,,,,,,,,,,,,,
currents:ZONE_L:2026-09-12T06:00:00Z,currents,ZONE_L,ZONE_L off Mangalore,12.55,74.45,,2026-09-12T06:00:00Z,forecast,synthetic,moderate,,,,179,0.52,,,,,,,,,,,,,,,,,,,,,,,,,,,
currents:ZONE_L:2026-09-12T12:00:00Z,currents,ZONE_L,ZONE_L off Mangalore,12.55,74.45,,2026-09-12T12:00:00Z,forecast,synthetic,moderate,,,,159,0.69,,,,,,,,,,,,,,,,,,,,,,,,,,,
currents:ZONE_L:2026-09-12T18:00:00Z,currents,ZONE_L,ZONE_L off Mangalore,12.55,74.45,,2026-09-12T18:00:00Z,forecast,synthetic,moderate,,,,173,0.64,,,,,,,,,,,,,,,,,,,,,,,,,,,
